safety_score,violent_safety_score,property_safety_score,walkability_index,jobs_housing_mix_score,employment_mix_score,intersection_density_score,commute_mode_diversity_score,transit_stop_density,has_transit_access,public_transit_commute_rate,no_vehicle_rate,climate_loss_risk_score,social_vulnerability_score,community_resilience_score,heat_risk_score,flood_risk_score,wildfire_risk_score,school_density,school_academic_score,tract_id,tract_name,total_population,tract_type_flag,population_under_5_rate,population_under_18_rate,median_age,hispanic_latino_rate,total_households,households_with_children,avg_household_size,avg_family_size,bachelors_or_higher,median_household_income,poverty_rate,family_poverty_rate,unemployment_rate,drove_alone_rate,work_from_home_rate,renter_rate,median_gross_rent,rent_burden_30_34_count,rent_burden_35_plus_count,vacancy_rate,total_crime_count,violent_crime_count,property_crime_count,crime_rate_per_1000,violent_crime_rate_per_1000,property_crime_rate_per_1000,low_population_flag,transit_stop_count,large_tract_flag,expected_annual_loss_rating_composite,social_vulnerability_rating,community_resilience_rating,heat_wave_hazard_type_risk_index_rating,inland_flooding_hazard_type_risk_index_rating,wildfire_hazard_type_risk_index_rating,school_count,elementary_school_count,middle_school_count,high_school_count,charter_school_count,district_name,district_type,district_grade_low,district_grade_high,district_overlap_pct,academic_strength_tier
31.241473396998632,37.92633015006821,18.826739427012274,14.74056135121709,5.226527570789866,10.763785394932937,17.556631892697467,18.6698956780924,10.115410042484092,1,1.8,3.5,58.0923973037086,27.46016703,5.37732496149745,16.4545497878831,41.3470800185509,38.169645511517,0.0,3.5,06073000100,Census Tract 1; San Diego County; California,2948,residential_or_mixed,5.9,22.3,51.1,9.5,1178,318,2.5,2.89,1758,231667.0,2.2,2.1,0.0,69.8,18.9,9.4,,17,20,8.9,74,2,38,25.101763907734057,0.6784260515603798,12.890094979647218,False,6,0,Relatively Moderate,Relatively Low,Very Low,Very Low,Relatively Low,Very Low,0,0,0,0,0,San Diego Unified,Unified,PK,12,0.9999999999999996,medium_high
27.0668485675307,30.695770804911326,20.32742155525239,18.0,16.0,20.0,17.0,19.0,20.978475605866656,1,0.7,12.5,21.3624726965263,46.12865012,5.37732496149745,12.5780542447209,9.44192738991355,39.6061503335593,0.0,3.5,06073000201,Census Tract 2.01; San Diego County; California,2270,residential_or_mixed,3.5,19.4,51.2,4.0,1180,208,1.92,3.03,1392,124722.0,6.7,6.5,2.3,51.0,34.3,54.7,2407.0,59,233,6.4,60,3,26,26.431718061674008,1.3215859030837005,11.45374449339207,False,7,0,Relatively Low,Relatively Moderate,Very Low,Very Low,Very Low,Very Low,0,0,0,0,0,San Diego Unified,Unified,PK,12,1.0,medium_high
13.335607094133696,13.096862210095496,13.778990450204642,15.5730056980057,9.37948717948718,14.026923076923078,17.648717948717948,17.36709401709402,21.814380037895926,1,4.8,4.4,50.4673884961364,56.8909554,5.37732496149745,33.5108918442252,41.4778875768494,0.0,1.9831434327423625,3.5,06073000202,Census Tract 2.02; San Diego County; California,3755,residential_or_mixed,2.8,7.9,45.8,15.0,2240,185,1.64,2.44,2077,120091.0,2.9,0.9,5.0,58.0,33.2,55.2,1992.0,134,375,9.5,186,16,64,49.53395472703063,4.260985352862849,17.043941411451396,False,11,0,Relatively Low,Relatively Moderate,Very Low,Relatively Low,Relatively Low,No Rating,1,1,0,0,0,San Diego Unified,Unified,PK,12,1.0,medium_high
21.00272851296044,26.875852660300136,10.095497953615284,,,,,,45.12242979461912,1,5.9,6.2,15.7115343965052,9.209856068,5.37732496149745,9.80623480623481,5.85898945215416,0.0,0.0,3.5,06073000301,Census Tract 3.01; San Diego County; California,2311,residential_or_mixed,4.0,8.1,37.3,22.3,1302,131,1.77,2.55,1248,87813.0,15.4,18.1,4.1,56.9,31.0,73.5,1945.0,69,316,11.7,151,4,47,65.33967979229772,1.7308524448290783,20.33751622674167,False,7,0,Very Low,Very Low,Very Low,Very Low,Very Low,No Rating,0,0,0,0,0,San Diego Unified,Unified,PK,12,0.9999999999999996,medium_high
7.175989085948161,8.321964529331517,5.047748976807642,,,,,,52.115091620091285,1,4.2,6.7,40.9693026751533,58.81715335,5.37732496149745,21.2128795462129,16.7623940161488,0.0,0.0,3.5,06073000302,Census Tract 3.02; San Diego County; California,2873,residential_or_mixed,0.0,2.5,45.1,15.7,1818,63,1.48,1.99,1644,89573.0,9.4,0.0,2.3,49.1,27.8,72.4,2412.0,80,664,17.3,271,18,99,94.32648799164636,6.265227984684999,34.45875391576749,False,10,0,Relatively Low,Relatively Moderate,Very Low,Relatively Low,Relatively Low,No Rating,0,0,0,0,0,San Diego Unified,Unified,PK,12,1.0,medium_high
3.4720327421555224,3.137789904502042,4.092769440654842,12.90250329380764,8.0098814229249,5.488142292490118,15.33201581027668,16.626482213438734,26.39566444864193,1,2.1,9.7,65.5976231298588,9.209856068,5.37732496149745,19.3097859764526,12.9344891964848,21.3680092278787,2.199652451660299,3.5,06073000400,Census Tract 4; San Diego County; California,4315,residential_or_mixed,2.9,5.6,33.1,31.5,2588,206,1.62,2.14,2498,100636.0,7.9,0.0,4.4,59.2,17.0,80.3,2455.0,227,843,2.2,657,56,161,152.2595596755504,12.977983777520278,37.3117033603708,False,12,0,Relatively Moderate,Very Low,Very Low,Relatively Low,Very Low,Very Low,1,1,0,0,0,San Diego Unified,Unified,PK,12,1.0,medium_high
17.244201909959074,16.098226466575717,19.37244201909959,13.40381573744563,6.6020166073546855,14.5361803084223,13.7858837485172,15.8564650059312,7.008449431547142,1,2.3,4.7,22.7153157808206,30.09595451,5.37732496149745,17.5616092282759,10.0757494678511,75.8993019633025,0.0,3.5,06073000500,Census Tract 5; San Diego County; California,2983,residential_or_mixed,5.6,12.6,39.5,21.0,1604,266,1.86,2.59,1569,120172.0,5.2,4.1,5.9,56.5,30.9,65.2,2019.0,99,301,9.8,101,10,37,33.85853167951726,3.352329869259135,12.4036205162588,False,3,0,Relatively Low,Relatively Low,Very Low,Relatively Low,Very Low,Relatively Low,0,0,0,0,0,San Diego Unified,Unified,PK,12,1.0000000000000002,medium_high
1.4529331514324677,1.500682128240105,1.3642564802182844,14.275225225225226,10.648108108108108,11.20972972972973,16.125405405405406,15.77135135135135,27.76433425931661,1,0.0,6.9,32.114756793574,42.90410472,5.37732496149745,21.0222126888794,13.720523705897,0.0,5.552902351992972,3.5,06073000600,Census Tract 6; San Diego County; California,3221,residential_or_mixed,2.5,4.8,43.2,13.9,2047,111,1.56,2.32,1848,104078.0,4.0,0.0,2.7,73.9,20.9,62.7,1957.0,107,323,4.8,607,59,253,188.45079167960264,18.317292766221676,78.54703508227259,False,10,0,Relatively Low,Relatively Moderate,Very Low,Relatively Low,Very Low,No Rating,2,1,0,0,0,San Diego Unified,Unified,PK,12,0.9999999999999992,medium_high
17.223738062755796,21.282401091405177,9.6862210095498,15.736133992311917,9.764415156507413,15.367380560131796,17.039538714991764,17.60296540362438,26.56228324214728,1,1.5,10.9,41.8805928083237,48.2372801,5.37732496149745,28.7168120501454,29.1867337352693,0.0,0.0,3.5,06073000700,Census Tract 7; San Diego County; California,4341,residential_or_mixed,5.3,7.1,37.9,24.6,2626,177,1.65,2.51,2348,105633.0,9.1,3.6,3.3,65.6,21.4,72.7,1963.0,184,491,2.8,221,11,93,50.90992858788298,2.533978346003225,21.423635107118177,False,8,0,Relatively Low,Relatively Moderate,Very Low,Relatively Low,Relatively Low,No Rating,0,0,0,0,0,San Diego Unified,Unified,PK,12,1.0000000000000009,medium_high
31.616643929058664,35.19781718963165,24.965893587994547,14.274532410965923,4.006533435818601,11.325518831667948,18.59185242121445,16.565718677940048,16.3435635087336,1,1.3,10.0,44.0319891020974,26.15945033,5.37732496149745,28.7513704180371,35.7401924060267,0.0,0.0,3.5,06073000800,Census Tract 8; San Diego County; California,5283,residential_or_mixed,1.9,8.0,36.2,26.9,2966,287,1.78,2.62,2864,84747.0,6.8,8.0,3.1,64.9,25.3,68.0,1985.0,311,774,3.1,159,5,48,30.096536059057357,0.946431951542684,9.085746734809767,False,4,0,Relatively Low,Relatively Low,Very Low,Relatively Low,Relatively Low,No Rating,0,0,0,0,0,San Diego Unified,Unified,PK,12,0.9999999999999998,medium_high
12.005457025920876,10.095497953615284,15.5525238744884,,,,,,44.33278862403301,1,4.8,11.0,22.1164008737112,69.88805307,5.37732496149745,27.005577005577,25.8761133506951,0.0,0.0,3.5,06073000901,Census Tract 9.01; San Diego County; California,3632,residential_or_mixed,2.6,5.3,35.3,29.0,2062,171,1.76,2.62,1874,102905.0,13.0,9.9,2.2,65.5,16.0,88.4,2042.0,132,562,4.9,157,20,56,43.22687224669604,5.506607929515419,15.418502202643172,False,6,0,Relatively Low,Relatively High,Very Low,Relatively Low,Relatively Low,No Rating,0,0,0,0,0,San Diego Unified,Unified,PK,12,1.0,medium_high
17.639836289222377,18.69031377899045,15.688949522510232,,,,,,66.86163070712678,1,6.2,15.3,19.254527092092,44.48261565,5.37732496149745,16.0255493588827,10.7892452403886,0.0,0.0,3.5,06073000902,Census Tract 9.02; San Diego County; California,2441,residential_or_mixed,0.8,4.0,39.3,10.8,1541,74,1.58,2.16,1384,88229.0,12.7,9.5,2.7,63.5,28.0,84.0,1968.0,176,392,11.9,114,7,37,46.70217124129456,2.867677181482999,15.157722244981564,False,7,0,Very Low,Relatively Moderate,Very Low,Very Low,Very Low,No Rating,0,0,0,0,0,San Diego Unified,Unified,PK,12,1.0000000000000002,medium_high
14.856753069577085,17.053206002728516,10.77762619372442,15.429568193786205,7.996445497630332,14.8281990521327,17.89652448657188,16.979857819905213,45.75293159801347,1,1.7,6.6,52.2981891631632,9.209856068,5.37732496149745,24.4005910672577,26.9903559154745,0.0,0.0,3.5,06073001000,Census Tract 10; San Diego County; California,4978,residential_or_mixed,4.1,11.8,33.9,28.5,2728,336,1.82,2.67,2441,92850.0,9.3,6.7,3.2,63.4,22.6,83.7,2118.0,238,910,5.4,239,16,98,48.01124949779028,3.2141422257934917,19.68662113298513,False,15,0,Relatively Low,Very Low,Very Low,Relatively Low,Relatively Low,No Rating,0,0,0,0,0,San Diego Unified,Unified,PK,12,1.0000000000000009,medium_high
18.18553888130969,20.19099590723056,14.46111869031378,15.602198455139632,12.976827094474151,15.502673796791443,13.711229946524064,18.855614973262032,22.137695713453148,1,1.3,5.6,52.709209197454,9.209856068,5.37732496149745,14.690881357548,37.415718311869,33.8577527261484,0.0,3.5,06073001100,Census Tract 11; San Diego County; California,3068,residential_or_mixed,3.9,11.0,35.0,20.1,1745,164,1.75,2.64,1508,98634.0,7.9,0.0,4.0,55.2,33.8,72.9,2077.0,112,372,8.2,127,8,51,41.39504563233377,2.607561929595828,16.6232073011734,False,8,0,Relatively Low,Very Low,Very Low,Very Low,Relatively Low,Very Low,0,0,0,0,0,San Diego Unified,Unified,PK,12,0.9999999999999992,medium_high
11.998635743519785,15.006821282401097,6.412005457025916,,,,,,40.66057019758651,1,2.3,11.5,18.4630199403434,9.209856068,5.37732496149745,10.2137852137852,5.1776009893808,0.0,0.0,3.5,06073001201,Census Tract 12.01; San Diego County; California,1982,residential_or_mixed,0.0,4.3,33.1,35.6,1346,52,1.47,2.22,745,68578.0,10.4,3.5,3.9,44.2,39.0,91.5,1660.0,99,527,9.8,198,7,52,99.89909182643794,3.5317860746720484,26.236125126135217,False,5,0,Very Low,Very Low,Very Low,Very Low,Very Low,No Rating,0,0,0,0,0,San Diego Unified,Unified,PK,12,0.9999999999999998,medium_high
15.354706684856758,16.643929058663034,12.960436562073674,,,,,,14.101867472424743,1,2.7,5.0,20.5251661695281,9.209856068,5.37732496149745,15.9242575909243,8.61665061301179,0.0,7.050966001466795,3.5,06073001202,Census Tract 12.02; San Diego County; California,3054,residential_or_mixed,1.4,7.6,33.3,22.0,1775,144,1.72,2.52,1501,100670.0,17.1,28.8,4.2,59.8,28.2,77.8,2030.0,176,551,7.1,166,10,54,54.35494433529797,3.2743942370661427,17.68172888015717,False,2,0,Relatively Low,Very Low,Very Low,Very Low,Very Low,No Rating,1,1,0,0,0,San Diego Unified,Unified,PK,12,1.0000000000000002,medium_high
3.60163710777626,4.365620736698494,2.182810368349253,,,,,,73.5436882524241,1,4.7,9.0,29.275195528102,26.42954451,5.37732496149745,14.8863148863149,10.4919553351646,0.0,0.0,3.5,06073001301,Census Tract 13.01; San Diego County; California,2816,residential_or_mixed,0.0,8.5,33.7,39.5,1593,177,1.76,2.59,1380,100764.0,9.3,3.7,2.9,60.8,25.4,75.1,2171.0,129,366,9.9,369,31,144,131.0369318181818,11.008522727272728,51.13636363636364,False,10,0,Relatively Low,Relatively Low,Very Low,Very Low,Very Low,No Rating,0,0,0,0,0,San Diego Unified,Unified,PK,12,1.0000000000000002,medium_high
14.740791268758525,15.5525238744884,13.233287858117324,,,,,,17.668546307616868,1,3.0,3.2,30.5998543814736,17.89255464,5.37732496149745,17.1731255064588,7.08025638281427,0.0,5.889555282141077,3.5,06073001302,Census Tract 13.02; San Diego County; California,3238,residential_or_mixed,3.2,7.4,31.9,23.7,2161,160,1.5,2.49,1879,77459.0,7.4,4.8,3.3,45.7,29.4,83.9,1916.0,174,874,1.9,167,11,57,51.57504632489192,3.3971587399629404,17.603458925262508,False,3,0,Relatively Low,Very Low,Very Low,Relatively Low,Very Low,No Rating,1,0,0,0,0,San Diego Unified,Unified,PK,12,0.9999999999999992,medium_high
10.354706684856756,12.551159618008189,6.275579809004094,17.12646245479685,12.583918315252074,17.867262284620292,18.550733886407148,17.603063178047226,24.292001972931747,1,3.2,9.6,47.63369894544,9.209856068,5.37732496149745,15.8658658658659,10.7714078460752,0.0,3.4703182495528213,3.5,06073001400,Census Tract 14; San Diego County; California,3285,residential_or_mixed,2.3,7.6,37.8,19.6,1874,191,1.75,2.51,1775,97292.0,8.6,0.0,4.5,47.2,29.9,65.1,1927.0,58,495,7.5,222,15,87,67.57990867579909,4.5662100456621,26.484018264840184,False,7,0,Relatively Low,Very Low,Very Low,Very Low,Very Low,No Rating,1,1,0,0,0,San Diego Unified,Unified,PK,12,1.0000000000000009,medium_high
24.80218281036835,31.10504774897681,13.096862210095496,14.65232579518294,7.864313292884721,13.619415333701047,18.042471042471043,15.172642029784887,6.529839613848683,1,1.4,3.3,23.0828851257721,32.84309661,5.37732496149745,23.5545068878402,17.2011939162594,0.0,0.0,3.5,06073001500,Census Tract 15; San Diego County; California,3961,residential_or_mixed,6.3,12.4,38.0,23.3,2032,303,1.94,2.42,1852,102321.0,6.0,1.3,5.6,70.1,18.4,65.9,2156.0,28,557,5.9,193,5,70,48.7250694269124,1.2623074981065388,17.672304973491546,False,2,0,Relatively Low,Relatively Low,Very Low,Relatively Low,Relatively Low,No Rating,0,0,0,0,0,San Diego Unified,Unified,PK,12,0.9999999999999996,medium_high
13.185538881309686,12.278308321964529,14.870395634379264,15.408521303258148,7.395400265369306,14.927465723131355,18.92702344095533,16.137107474568776,30.10829252208854,1,5.4,6.1,27.9834182774738,9.209856068,5.37732496149745,27.4476857810191,15.229567264814,0.0,3.76356166250783,3.5,06073001600,Census Tract 16; San Diego County; California,6014,residential_or_mixed,3.5,19.4,31.1,66.9,2349,448,2.55,3.56,1282,73984.0,27.6,18.0,9.2,68.2,13.9,78.2,1829.0,275,814,9.5,383,28,98,63.68473561689392,4.655803126039242,16.295310941137345,False,8,0,Relatively Low,Very Low,Very Low,Relatively Low,Relatively Low,No Rating,1,1,0,0,0,San Diego Unified,Unified,PK,12,1.0000000000000004,medium_high
17.312414733969987,18.55388813096862,15.006821282401097,14.070524412296564,4.871609403254973,11.535262206148282,18.66455696202532,15.343580470162747,16.331521960247105,1,0.3,3.6,20.7283275007633,9.209856068,5.37732496149745,23.4115067448401,12.6169835777056,0.0,0.0,3.5,06073001700,Census Tract 17; San Diego County; California,4867,residential_or_mixed,4.7,10.7,34.3,36.1,2508,393,1.94,2.65,1945,91280.0,16.9,23.5,3.2,73.4,15.8,70.7,1791.0,100,660,3.0,218,14,79,44.79145264023012,2.8765153071707417,16.23176494760633,False,4,0,Relatively Low,Very Low,Very Low,Relatively Low,Very Low,No Rating,0,0,0,0,0,San Diego Unified,Unified,PK,12,1.0000000000000002,medium_high
10.12960436562074,11.323328785811738,7.912687585266031,,,,,,24.749224083789997,1,1.4,2.2,5.60866195363694,31.11473079,5.37732496149745,10.8429858429858,2.28794311060374,0.0,8.249766790162855,3.5,06073001801,Census Tract 18.01; San Diego County; California,1982,residential_or_mixed,5.7,15.4,36.1,50.7,992,139,2.0,3.15,692,83065.0,9.0,0.0,2.6,74.3,18.7,68.4,1784.0,48,333,4.3,105,10,47,52.976791120080726,5.045408678102927,23.71342078708376,False,3,0,Very Low,Relatively Low,Very Low,Very Low,Very Low,No Rating,1,1,0,0,0,San Diego Unified,Unified,PK,12,1.0000000000000004,medium_high
19.399727148703956,18.826739427012274,20.46384720327421,,,,,,59.36919828239236,1,3.4,10.5,33.8527843671466,24.55132382,5.37732496149745,16.9264502597836,15.8669568216142,0.0,11.87387320365698,3.5,06073001802,Census Tract 18.02; San Diego County; California,3501,residential_or_mixed,2.0,6.8,34.3,45.1,1917,192,1.81,2.41,1684,84885.0,13.7,6.4,5.8,65.9,16.1,85.5,1900.0,101,679,3.0,118,10,40,33.70465581262497,2.8563267637817766,11.425307055127108,False,10,0,Relatively Low,Relatively Low,Very Low,Relatively Low,Relatively Low,No Rating,2,2,0,0,1,San Diego Unified,Unified,PK,12,1.0000000000000009,medium_high
28.47885402455661,34.92496589358799,16.5075034106412,11.016746411483254,5.91660970608339,8.369788106630212,11.483253588516746,14.423786739576212,1.4092049941143912,1,0.7,7.6,21.8768349108674,39.70029023,5.37732496149745,19.3908193908194,28.0867610859406,67.5846978939983,0.0,3.5,06073001900,Census Tract 19; San Diego County; California,3160,residential_or_mixed,3.4,10.8,45.0,20.9,1556,207,2.01,2.48,1783,133778.0,8.3,5.9,0.5,63.5,26.9,39.1,2251.0,26,219,4.7,106,3,46,33.54430379746835,0.9493670886075948,14.556962025316457,False,1,0,Relatively Low,Relatively Low,Very Low,Relatively Low,Relatively Low,Very Low,0,0,0,0,0,San Diego Unified,Unified,PK,12,0.9999999999999972,medium_high
24.42360163710778,24.82946793997272,23.66984993178718,9.60184574818721,9.71193144363876,14.375082399472644,12.526697429136451,4.235332893869479,5.253742768697528,1,0.0,1.3,42.789534255584,50.68471243,5.37732496149745,24.8045664712331,54.2125979570238,68.3041394646403,0.0,3.5,06073002001,Census Tract 20.01; San Diego County; California,3570,residential_or_mixed,3.8,14.9,49.1,16.2,1549,282,2.28,2.8,2146,181477.0,8.8,3.8,6.6,48.7,38.7,18.4,2728.0,11,168,1.9,106,7,35,29.69187675070028,1.96078431372549,9.803921568627452,False,5,0,Relatively Low,Relatively Moderate,Very Low,Relatively Low,Relatively Moderate,Very Low,0,0,0,0,0,San Diego Unified,Unified,PK,12,1.0000000000000009,medium_high
18.294679399727144,20.87312414733969,13.506139154160978,11.666666666666668,2.416589861751152,14.750230414746545,13.416589861751152,13.0,4.04752986603041,1,1.0,5.8,8.74533198675341,27.61772197,5.37732496149745,14.8958482291816,7.82942694397869,56.231790993305,0.0,3.5,06073002002,Census Tract 20.02; San Diego County; California,2733,residential_or_mixed,5.5,18.8,38.7,20.8,1157,284,2.36,2.62,1437,182125.0,5.8,6.0,2.6,60.1,32.8,29.9,2577.0,0,197,10.2,131,7,47,47.93267471642884,2.561287961946579,17.19721917306989,False,2,0,Very Low,Relatively Low,Very Low,Very Low,Very Low,Very Low,0,0,0,0,0,San Diego Unified,Unified,PK,12,1.0000000000000002,medium_high
8.615279672578449,7.230559345156895,11.186903137789905,15.334035679168425,7.511167298777918,13.47914032869785,18.71597134428993,16.790981879477453,31.963609320152955,1,5.4,4.6,36.3870164642882,34.88894154,5.37732496149745,32.8971828971829,21.3584959509115,0.0,2.905795419039531,3.5,06073002100,Census Tract 21; San Diego County; California,5333,residential_or_mixed,5.1,14.4,33.5,39.2,2592,442,2.05,2.7,2267,79538.0,10.9,10.3,3.6,66.2,16.5,83.3,1919.0,153,836,9.3,365,39,103,68.44177761110069,7.312957059816239,19.313707106694167,False,11,0,Relatively Low,Relatively Low,Very Low,Relatively Low,Relatively Low,No Rating,1,1,0,0,0,San Diego Unified,Unified,PK,12,0.9999999999999998,medium_high
15.852660300136424,14.324693042291948,18.69031377899045,14.301649305555555,7.8984375,10.088541666666666,15.911458333333334,18.0,28.989379122065177,1,22.3,9.8,12.7932921530404,46.32529764,5.37732496149745,24.8391248391248,9.68213763333452,0.0,21.742176845268325,3.5,06073002201,Census Tract 22.01; San Diego County; California,3170,residential_or_mixed,1.4,17.9,39.6,50.2,1433,281,2.12,3.11,436,38933.0,24.7,27.6,3.5,56.6,6.6,70.0,1716.0,130,490,6.3,160,12,41,50.473186119873816,3.785488958990536,12.933753943217669,False,4,0,Very Low,Relatively Moderate,Very Low,Relatively Low,Very Low,No Rating,3,1,1,1,1,San Diego Unified,Unified,PK,12,1.0,medium_high
6.964529331514325,3.001364256480221,14.324693042291948,15.359478935698448,10.669623059866964,10.629157427937916,18.429046563192905,17.0,85.11158789111487,1,15.8,25.6,30.3696831622707,96.83942427,5.37732496149745,50.6530339863673,37.1885888242779,0.0,5.31950927436822,3.5,06073002202,Census Tract 22.02; San Diego County; California,4604,residential_or_mixed,3.0,24.6,35.0,39.8,1603,435,2.79,3.88,494,55790.0,25.7,15.2,3.9,64.7,2.0,91.0,1622.0,145,659,6.6,488,61,77,105.994787141616,13.249348392701998,16.72458731537793,False,16,0,Relatively Low,Very High,Very Low,Relatively Low,Relatively Low,No Rating,1,0,0,1,0,San Diego Unified,Unified,PK,12,1.0000000000000002,medium_high
6.991814461118691,6.275579809004094,8.321964529331517,15.489754098360656,10.2172131147541,12.714754098360656,16.631967213114756,18.37131147540984,30.59082547580934,1,3.2,12.8,18.5146910303685,81.12598472,5.37732496149745,28.32713666047,19.2453593045795,0.0,6.11819473838979,3.5,06073002301,Census Tract 23.01; San Diego County; California,3247,residential_or_mixed,2.7,14.3,37.0,26.7,1511,291,2.15,2.79,995,78838.0,14.1,10.8,2.9,47.3,34.2,79.8,1814.0,157,479,3.2,329,27,75,101.32429935324916,8.315368032029566,23.09824453341546,False,5,0,Very Low,Very High,Very Low,Relatively Low,Relatively Low,No Rating,1,0,0,1,0,San Diego Unified,Unified,PK,12,0.9999999999999998,medium_high
8.335607094133696,5.184174624829463,14.188267394270127,16.629662004662002,10.881993006993008,14.631993006993008,18.42132867132867,18.710664335664337,44.07832862125159,1,12.3,27.0,28.0832374286587,81.07267666,5.37732496149745,52.2033938700605,41.7858799186615,0.0,4.897624068905237,3.5,06073002302,Census Tract 23.02; San Diego County; California,6030,residential_or_mixed,3.5,17.8,40.4,45.5,2039,629,2.95,3.52,596,63049.0,19.6,15.0,6.1,61.7,0.5,82.0,1640.0,235,846,6.6,596,57,101,98.8391376451078,9.45273631840796,16.749585406301822,False,9,0,Relatively Low,Very High,Very Low,Relatively Low,Relatively Low,No Rating,1,1,0,0,0,San Diego Unified,Unified,PK,12,1.0000000000000009,medium_high
17.612551159618008,19.23601637107776,14.597544338335611,15.492583918813429,6.4976580796252925,14.63231850117096,17.326112412177984,18.58665105386417,23.74651808204273,1,6.7,4.9,23.7311224369965,33.24290707,5.37732496149745,25.2550169216836,16.7647723353906,0.0,3.9577865263546657,3.5,06073002401,Census Tract 24.01; San Diego County; California,4295,residential_or_mixed,5.5,21.7,32.0,55.5,1689,449,2.53,3.4,1127,78870.0,14.6,19.8,2.9,61.0,13.1,78.7,2075.0,247,492,3.4,232,12,71,54.01629802095459,2.7939464493597206,16.530849825378347,False,6,0,Relatively Low,Relatively Low,Very Low,Relatively Low,Relatively Low,No Rating,1,1,0,0,0,San Diego Unified,Unified,PK,12,1.0000000000000004,medium_high
9.604365620736695,3.683492496589358,20.60027285129604,15.746780662866792,9.0,14.44205193160228,17.03863204559848,18.48068397720076,56.76308509667862,1,3.5,12.8,20.312610094652,77.23864242,5.37732496149745,41.2233662233662,22.1825835681924,0.0,0.0,3.5,06073002402,Census Tract 24.02; San Diego County; California,4665,residential_or_mixed,5.3,22.7,33.0,64.9,1733,623,2.68,3.55,788,60029.0,21.1,19.5,3.3,68.0,7.9,88.7,1679.0,238,892,3.4,369,57,53,79.09967845659165,12.218649517684888,11.361200428724544,False,11,0,Relatively Low,Relatively High,Very Low,Relatively Low,Relatively Low,No Rating,0,0,0,0,0,San Diego Unified,Unified,PK,12,1.0000000000000004,medium_high
20.034106412005457,12.824010914051842,33.42428376534789,12.064563617245003,4.522397476340694,8.466876971608833,13.155205047318612,16.54384858044164,10.299750447832348,1,2.6,8.7,18.2387204359161,87.09530297,5.37732496149745,48.343581676915,25.01991842365,0.0,2.059972752181402,3.5,06073002501,Census Tract 25.01; San Diego County; California,5046,residential_or_mixed,7.5,24.8,31.7,66.6,1442,562,3.48,4.03,553,71250.0,20.8,16.7,6.1,71.2,11.2,54.0,1939.0,102,410,6.3,205,22,32,40.62623860483551,4.359889021006738,6.341656757827983,False,5,0,Very Low,Very High,Very Low,Relatively Low,Relatively Low,No Rating,1,1,0,0,0,San Diego Unified,Unified,PK,12,1.0000000000000009,medium_high
17.03274215552524,14.597544338335611,21.55525238744884,13.819652341863836,7.030902945436987,12.921294060840172,14.931916948334138,16.550941574118784,19.15161898422572,1,3.3,7.0,34.7828639875989,35.25499023,5.37732496149745,36.954811954812,28.9584150880573,0.0,1.3679936487649864,3.5,06073002502,Census Tract 25.02; San Diego County; California,7231,residential_or_mixed,4.8,27.6,35.2,44.5,2393,946,3.02,3.69,1680,92210.0,15.5,11.0,9.5,60.0,22.3,44.3,1766.0,131,372,1.0,311,26,80,43.0092656617342,3.595629926704467,11.063476697552206,False,14,0,Relatively Low,Relatively Low,Very Low,Relatively Low,Relatively Low,No Rating,1,1,0,0,0,San Diego Unified,Unified,PK,12,1.0000000000000009,medium_high
16.180081855388817,9.6862210095498,28.24010914051842,15.22482744620382,10.9068209500609,10.9537149817296,17.721071863581,17.0231425091352,21.71007866527272,1,3.5,11.5,28.4989548347699,71.40318664,5.37732496149745,43.4648934648935,20.3857633810186,0.0,6.202936895272312,3.5,06073002601,Census Tract 26.01; San Diego County; California,6025,residential_or_mixed,10.2,28.8,33.3,62.7,1609,816,3.73,4.43,657,63347.0,25.8,21.1,2.2,72.1,4.8,64.7,1817.0,200,361,9.8,250,34,48,41.49377593360996,5.643153526970955,7.966804979253112,False,7,0,Relatively Low,Relatively High,Very Low,Relatively Low,Relatively Low,No Rating,2,1,1,0,0,San Diego Unified,Unified,PK,12,1.0000000000000004,medium_high
15.934515688949528,8.867667121418831,29.05866302864939,11.134048995320672,6.028901734104046,6.801816680429397,12.208918249380677,14.777869529314616,13.501465315713563,1,4.2,6.2,10.3600535500388,77.18296511,5.37732496149745,36.8773535440202,16.5947225096025,65.269404112114,3.375408593694296,3.5,06073002602,Census Tract 26.02; San Diego County; California,4624,residential_or_mixed,5.3,21.9,34.0,60.1,1407,505,3.24,3.83,608,67762.0,18.3,15.9,4.0,68.5,10.4,76.8,2073.0,84,695,5.6,194,27,35,41.95501730103806,5.839100346020762,7.569204152249135,False,4,0,Very Low,Relatively High,Very Low,Relatively Low,Relatively Low,Very Low,1,1,0,0,0,San Diego Unified,Unified,PK,12,0.9999999999999996,medium_high
7.980900409276941,6.548431105047747,10.641200545702588,13.18273381294964,9.225419664268586,10.018705035971225,14.212470023980815,15.7136690647482,28.574844586941012,1,1.7,8.2,44.843460084083,18.34152698,5.37732496149745,33.7682921016254,39.8653871309146,40.0758683838132,5.715003020632474,3.5,06073002702,Census Tract 27.02; San Diego County; California,5592,residential_or_mixed,6.7,21.5,33.0,32.1,2021,681,2.6,3.02,1776,74940.0,13.9,12.0,3.3,63.8,18.5,54.5,2185.0,46,673,2.2,364,46,111,65.09298998569385,8.226037195994278,19.84978540772532,False,15,0,Relatively Low,Very Low,Very Low,Relatively Low,Relatively Low,Very Low,3,1,1,1,1,San Diego Unified,Unified,PK,12,0.9999999999999996,medium_high
12.939972714870398,13.369713506139158,12.141882673942703,13.5981837129671,11.21750781598928,7.726663689146941,15.984368021438142,15.338097364895042,31.690847614610075,1,2.2,0.0,47.6959391220612,88.88823076,5.37732496149745,64.5311978645312,79.4429976335724,0.0,1.3204640617684231,3.5,06073002703,Census Tract 27.03; San Diego County; California,7111,residential_or_mixed,5.1,22.0,38.9,50.7,2338,721,2.99,3.81,1206,83469.0,13.0,9.9,1.9,67.7,16.1,49.8,1744.0,206,295,1.6,423,30,131,59.48530445788215,4.218815918998734,18.422162846294476,False,24,0,Relatively Low,Very High,Very Low,Relatively Moderate,Relatively High,No Rating,1,1,0,0,1,San Diego Unified,Unified,PK,12,0.8224523911069002,medium_high
20.81173260572988,13.506139154160978,34.379263301500686,13.82156862745098,6.114509803921568,10.929411764705884,16.47137254901961,16.47137254901961,14.771856202574472,1,0.6,9.7,25.4527092091975,30.19131671,5.37732496149745,26.5801515801516,29.1058708810484,0.0,2.110293039171119,3.5,06073002705,Census Tract 27.05; San Diego County; California,4868,residential_or_mixed,11.5,24.5,39.9,31.0,1521,535,3.2,3.99,783,81464.0,14.6,13.4,2.0,69.8,5.8,50.9,2204.0,119,419,1.6,118,20,30,24.239934264585045,4.108463434675432,6.162695152013147,False,7,0,Relatively Low,Relatively Low,Very Low,Relatively Low,Relatively Low,No Rating,1,1,0,0,0,San Diego Unified,Unified,PK,12,1.0000000000000002,medium_high
12.84447476125512,7.639836289222379,22.510231923601644,14.772890295358648,7.739240506329114,8.827215189873417,18.048101265822783,17.9873417721519,27.01024308138311,1,6.8,13.6,19.4823496253846,73.97737369,5.37732496149745,40.0448067114734,24.094752238593,0.0,6.752603836487815,3.5,06073002707,Census Tract 27.07; San Diego County; California,5333,residential_or_mixed,7.4,23.7,33.1,49.7,1614,665,3.27,3.59,279,51585.0,31.4,28.9,3.0,64.5,8.2,90.5,1655.0,0,782,3.8,292,37,55,54.75342208888056,6.937933620851303,10.31314457153572,False,4,0,Relatively Low,Relatively High,Very Low,Relatively Low,Relatively Low,No Rating,1,1,0,0,0,San Diego Unified,Unified,PK,12,1.0000000000000004,medium_high
8.772169167803547,4.092769440654842,17.462482946794,14.172836499431726,9.67608377983439,10.872868972235752,15.069654164637116,17.17437895762299,32.3834171551077,1,7.2,25.8,31.0355356178218,59.66060534,5.37732496149745,41.4640831307498,36.5464426289941,0.0,8.095905421254828,3.5,06073002708,Census Tract 27.08; San Diego County; California,4839,residential_or_mixed,6.4,30.5,28.8,54.8,1974,664,2.45,3.36,663,37059.0,23.3,14.8,5.6,59.4,13.3,97.1,1601.0,137,1146,7.2,417,56,67,86.17482951022939,11.572638974994833,13.845835916511676,False,8,0,Relatively Low,Relatively Moderate,Very Low,Relatively Low,Relatively Low,No Rating,2,1,0,1,1,San Diego Unified,Unified,PK,12,1.0000000000000004,medium_high
24.30422919508868,15.279672578444748,41.06412005457026,11.166666666666666,5.043549712407559,13.0,8.47822514379622,16.0,20.8591115644021,1,8.0,11.4,13.8161448669469,98.45998934,5.37732496149745,39.4310977644311,29.7932051419262,0.0,4.171862226435044,3.5,06073002709,Census Tract 27.09; San Diego County; California,3987,residential_or_mixed,4.4,28.5,27.6,58.6,1194,561,3.32,3.91,378,58875.0,33.4,23.0,4.9,65.6,3.7,77.2,1722.0,8,492,2.1,112,14,14,28.091296714321544,3.511412089290193,3.511412089290193,False,5,0,Very Low,Very High,Very Low,Relatively Low,Relatively Low,No Rating,1,1,0,0,0,San Diego Unified,Unified,PK,12,1.0000000000000009,medium_high
23.83356070941337,18.008185538881307,34.65211459754434,11.602564102564102,4.615384615384615,4.384615384615385,14.538461538461538,15.76923076923077,18.88527299829123,1,3.9,14.9,16.5723277826056,38.75732986,5.37732496149745,25.669717336384,19.4701104729288,0.0,0.0,3.5,06073002710,Census Tract 27.10; San Diego County; California,4426,residential_or_mixed,11.5,27.9,31.3,36.2,1112,504,3.97,4.42,674,60076.0,19.4,14.5,4.7,61.2,3.8,75.2,1827.0,92,459,4.4,162,13,27,36.60189787618617,2.937189335743335,6.100316312697696,False,5,0,Very Low,Relatively Low,Very Low,Relatively Low,Relatively Low,No Rating,0,0,0,0,0,San Diego Unified,Unified,PK,12,1.0000000000000004,medium_high
18.560709413369715,16.5075034106412,22.37380627557981,13.285273848385929,7.23721436343852,16.0,14.0,14.23721436343852,8.915645373183517,1,0.9,1.1,7.66258778213589,9.209856068,5.37732496149745,17.5663758997092,7.0422032749456,60.5056306708049,1.7831492889391898,3.5,06073002711,Census Tract 27.11; San Diego County; California,3645,residential_or_mixed,11.4,30.6,28.9,31.9,1041,564,3.48,3.68,531,84607.0,6.0,5.5,2.8,78.7,2.3,61.9,2403.0,89,360,1.6,126,12,38,34.5679012345679,3.292181069958848,10.425240054869684,False,5,0,Very Low,Very Low,Very Low,Relatively Low,Very Low,Very Low,1,1,0,0,0,San Diego Unified,Unified,PK,12,0.7944264108245173,medium_high
28.956343792633017,25.375170532060032,35.60709413369714,12.351063829787234,11.886898096304591,8.114221724524077,14.61926091825308,12.433370660694289,24.784103044726216,1,1.0,12.7,31.6743781854053,78.68151395,5.37732496149745,44.2370942370942,52.0637865220649,82.292224085239,0.0,3.5,06073002712,Census Tract 27.12; San Diego County; California,5309,residential_or_mixed,9.5,22.6,32.8,51.7,1767,595,3.0,3.73,622,52688.0,29.1,24.1,7.3,84.1,3.1,43.4,1530.0,22,427,2.1,134,10,29,25.240158221887363,1.8835938971557733,5.462422301751742,False,21,0,Relatively Low,Relatively High,Very Low,Relatively Low,Relatively Moderate,Relatively Low,0,0,0,0,0,San Diego Unified,Unified,PK,12,0.8722152116440083,medium_high
25.866302864938607,25.102319236016367,27.285129604365626,11.725305216426191,5.334073251942287,11.659267480577135,12.008879023307436,14.670366259711432,13.5542334668732,1,1.6,4.1,85.2631702562416,61.34454777,5.37732496149745,42.6497926497927,85.2425291046817,90.1573258178445,0.9036143093087524,3.5,06073002801,Census Tract 28.01; San Diego County; California,5239,residential_or_mixed,0.8,4.2,19.6,15.5,516,107,3.09,2.95,594,130833.0,32.3,10.3,6.1,42.1,10.3,38.4,1775.0,10,94,37.4,134,10,44,25.57740026722657,1.908761213972132,8.39854934147738,False,15,0,Relatively High,Relatively High,Very Low,Relatively Low,Relatively High,Relatively Moderate,1,1,0,0,0,San Diego Unified,Unified,PK,12,1.0,medium_high
11.24829467939973,10.914051841746254,11.869031377899042,13.669597408607126,7.2290606200832945,6.3433595557612215,17.214715409532623,17.007866728366498,28.030004085582284,1,0.6,9.9,36.6641614016958,71.04898419,5.37732496149745,44.4325277658611,49.8614629041656,57.5434340551532,0.0,3.5,06073002803,Census Tract 28.03; San Diego County; California,5457,residential_or_mixed,1.5,12.7,34.0,33.0,2573,500,2.1,2.75,2132,84515.0,15.6,16.4,6.3,67.2,17.7,67.0,2176.0,291,682,1.9,328,28,102,60.10628550485615,5.131024372365769,18.69158878504673,False,12,0,Relatively Low,Relatively High,Very Low,Relatively Low,Relatively Moderate,Very Low,0,0,0,0,0,San Diego Unified,Unified,PK,12,0.9999999999999986,medium_high
18.58117326057299,18.963165075034105,17.871759890859483,13.827619047619043,8.485714285714286,16.282857142857143,14.101428571428572,14.997142857142856,19.364977342032027,1,2.6,0.8,31.7565821922634,24.22555233,5.37732496149745,31.1633061633062,22.4751168349328,48.9802956250818,0.0,3.5,06073002804,Census Tract 28.04; San Diego County; California,6071,residential_or_mixed,2.5,9.6,22.0,25.2,1608,340,3.29,2.89,1333,80566.0,37.3,4.9,3.2,64.3,18.3,43.0,1532.0,23,313,5.2,265,17,82,43.65014000988305,2.800197661011365,13.506835776643058,False,11,0,Relatively Low,Relatively Low,Very Low,Relatively Low,Relatively Low,Very Low,0,0,0,0,0,San Diego Unified,Unified,PK,12,1.0,medium_high
13.710777626193725,9.413369713506135,21.691678035470677,16.59656882455435,12.081222356252512,20.0,18.74909529553679,15.0,18.14029546568161,1,2.8,4.8,42.7202480212321,66.21631227,5.37732496149745,55.2528719195386,61.6412781087605,42.3804597291094,1.6491239782581586,3.5,06073002902,Census Tract 29.02; San Diego County; California,6007,residential_or_mixed,4.8,12.7,36.4,27.3,2660,414,2.24,2.8,1998,81220.0,14.7,7.2,4.8,62.9,19.5,47.0,1965.0,149,679,4.4,309,34,66,51.43998668220409,5.660063259530548,10.987181621441652,False,11,0,Relatively Low,Relatively High,Very Low,Relatively Low,Relatively Moderate,Very Low,1,1,0,0,0,San Diego Unified,Unified,PK,12,0.9995272889877914,medium_high
31.13233287858117,30.559345156889496,32.196452933151434,13.8987915407855,8.661631419939576,15.03323262839879,14.392749244712991,15.45619335347432,14.721292766456736,1,1.4,3.0,20.5968010897903,9.209856068,5.37732496149745,23.9263072596406,20.7758077366725,33.1918233384467,1.84017536364928,3.5,06073002903,Census Tract 29.03; San Diego County; California,4517,residential_or_mixed,12.5,23.2,31.6,37.5,1596,466,2.83,3.27,741,96153.0,11.9,11.0,4.5,82.4,10.8,28.3,2345.0,21,330,1.7,114,6,30,25.237989816249723,1.3283152534868274,6.641576267434138,False,8,0,Relatively Low,Very Low,Very Low,Relatively Low,Relatively Low,Very Low,1,1,0,0,0,San Diego Unified,Unified,PK,12,0.971781072366082,medium_high
14.590723055934518,13.778990450204642,16.098226466575717,13.66903429473382,10.49892380542402,10.16874730951356,14.922083512699096,15.751183814033578,24.42759297071962,1,1.7,11.6,51.3739812574864,28.14369484,5.37732496149745,55.1396634729968,56.8858287847978,0.0,1.436917181166773,3.5,06073002904,Census Tract 29.04; San Diego County; California,9700,residential_or_mixed,1.7,7.6,21.3,17.7,2550,320,2.82,3.25,1483,51657.0,43.6,11.7,4.9,56.6,15.5,82.8,2241.0,195,1163,13.6,474,38,144,48.865979381443296,3.917525773195876,14.845360824742269,False,17,0,Relatively Low,Relatively Low,Very Low,Relatively Low,Relatively Moderate,No Rating,1,1,0,0,0,San Diego Unified,Unified,PK,12,0.9999999999999998,medium_high
10.900409276944067,5.457025920873127,21.00954979536153,15.6246264196055,14.421996413628213,13.488344291691572,15.902570233114169,17.016138673042438,22.595086025953066,1,1.5,4.5,39.2359724734011,34.77580999,5.37732496149745,32.7291577291577,49.3441784690759,0.0,2.2595088471279987,3.5,06073002905,Census Tract 29.05; San Diego County; California,4818,residential_or_mixed,8.8,17.8,34.8,27.6,1858,465,2.57,2.79,1486,88529.0,20.5,10.5,4.2,69.5,16.1,57.5,2065.0,58,504,1.8,265,44,54,55.00207555002076,9.1324200913242,11.207970112079702,False,10,0,Relatively Low,Relatively Low,Very Low,Relatively Low,Relatively Moderate,No Rating,1,1,0,0,1,San Diego Unified,Unified,PK,12,0.9896699985951788,medium_high
22.05320600272851,16.371077762619368,32.60572987721692,12.674171622769752,9.548003398470687,12.148683092608326,10.458793542905692,16.71537807986406,18.5095543534759,1,2.7,6.9,30.3990417361486,23.70727951,5.37732496149745,26.1880928547595,29.2200302046544,60.8350278857931,1.0888182588188815,3.5,06073003001,Census Tract 30.01; San Diego County; California,4537,residential_or_mixed,10.4,23.2,33.3,28.8,1187,569,3.52,3.95,863,98944.0,11.4,9.6,1.9,58.9,14.1,34.4,1818.0,84,55,5.9,132,15,30,29.09411505400044,3.306149437954596,6.612298875909191,False,17,0,Relatively Low,Relatively Low,Very Low,Relatively Low,Relatively Low,Very Low,1,1,0,0,0,San Diego Unified,Unified,PK,12,1.0000000000000002,medium_high
23.92223738062756,21.964529331514328,27.557980900409277,6.718541666666666,7.5825,5.96625,8.60125,4.78,1.5824993450403266,1,1.9,3.6,40.1719238086291,42.42670142,5.37732496149745,39.2559225892559,46.2285802623286,0.0,0.0,3.5,06073003003,Census Tract 30.03; San Diego County; California,4845,residential_or_mixed,4.5,19.1,39.3,54.9,1554,504,3.12,3.49,719,86319.0,16.0,10.5,3.7,77.2,9.2,20.6,2165.0,0,189,0.0,161,12,40,33.23013415892673,2.476780185758514,8.255933952528379,False,2,0,Relatively Low,Relatively Moderate,Very Low,Relatively Low,Relatively Low,No Rating,0,0,0,0,0,San Diego Unified,Unified,PK,12,0.7737105062398937,medium_high
18.574351978171894,11.459754433833558,31.78717598908595,12.445999018163963,5.91899852724595,7.8379970544918995,13.08100147275405,17.378497790868924,25.347203664067315,1,10.3,5.2,33.8046363059868,60.02783865,5.37732496149745,38.5301968635302,60.7030311678737,0.0,2.112311088234788,3.5,06073003004,Census Tract 30.04; San Diego County; California,5395,residential_or_mixed,4.5,25.1,30.8,68.2,1484,729,3.61,3.82,672,66531.0,15.6,15.4,9.5,73.4,3.7,57.5,1707.0,137,442,3.3,182,27,36,33.734939759036145,5.004633920296572,6.672845227062094,False,12,0,Relatively Low,Relatively High,Very Low,Relatively Low,Relatively Moderate,No Rating,1,1,0,0,0,San Diego Unified,Unified,PK,12,0.9999287019388712,medium_high
18.021828103683493,12.005457025920874,29.19508867667121,12.140901060070671,3.5609540636042403,3.5282685512367493,15.593639575971732,17.284452296819786,36.99140773831935,1,5.4,1.5,11.6706202879489,39.94728425,5.37732496149745,25.7757757757758,16.3449989892143,0.0,0.0,3.5,06073003101,Census Tract 31.01; San Diego County; California,4120,residential_or_mixed,2.7,20.6,38.5,57.1,1039,461,3.94,4.24,622,98505.0,10.3,8.2,0.9,64.4,7.1,27.3,2287.0,70,115,7.4,129,20,31,31.31067961165049,4.854368932038835,7.524271844660194,False,15,0,Very Low,Relatively Low,Very Low,Relatively Low,Relatively Low,No Rating,0,0,0,0,0,San Diego Unified,Unified,PK,12,0.9997063557112272,medium_high
19.502046384720327,16.780354706684854,24.556616643929065,11.931869717584002,5.167594310451453,10.555967841682127,13.189239332096475,14.744588744588745,21.58646180540999,1,1.4,6.8,29.4090706249853,34.38310727,5.37732496149745,43.2825682825683,41.2269748968404,20.3714934655679,0.0,3.5,06073003103,Census Tract 31.03; San Diego County; California,6442,residential_or_mixed,6.0,21.9,36.8,54.7,1731,802,3.67,3.99,712,118317.0,6.8,5.8,2.9,76.7,11.7,7.2,1656.0,0,50,0.0,230,21,60,35.703197764669355,3.259857187208941,9.313877677739834,False,17,0,Relatively Low,Relatively Low,Very Low,Relatively Low,Relatively Low,Very Low,0,0,0,0,0,San Diego Unified,Unified,PK,12,1.0000000000000002,medium_high
29.79536152796726,25.784447476125514,37.244201909959074,13.637961335676623,7.34622144112478,11.750439367311072,14.0,17.36555360281195,44.93048486822679,1,1.8,5.1,7.95382483500481,23.9827045,5.37732496149745,29.5748129081462,6.49875732819616,0.0,2.1395934249044104,3.5,06073003105,Census Tract 31.05; San Diego County; California,4870,residential_or_mixed,2.5,16.6,35.7,70.9,1300,407,3.72,3.87,895,112842.0,8.6,7.4,3.2,66.7,15.4,20.8,3128.0,188,36,0.3,106,9,24,21.765913757700204,1.8480492813141685,4.928131416837783,False,21,0,Very Low,Relatively Low,Very Low,Relatively Low,Very Low,No Rating,1,1,0,0,0,San Diego Unified,Unified,PK,12,1.0000000000000016,medium_high
39.474761255115965,39.427012278308325,39.56343792633015,12.689955447549616,8.842648845686513,10.69805589307412,13.542527339003644,14.756986634264884,11.531570351884053,1,0.6,1.2,22.7528947553844,40.0100693,5.37732496149745,44.0678774012107,37.8604640100841,0.0,1.6474058279963677,3.5,06073003107,Census Tract 31.07; San Diego County; California,5527,residential_or_mixed,4.6,19.9,44.1,32.2,1527,576,3.53,3.65,1037,109970.0,8.6,3.2,3.6,75.6,14.7,17.2,2520.0,22,142,2.1,80,3,22,14.474398407816174,0.5427899402931066,3.980459562149448,False,7,0,Relatively Low,Relatively Moderate,Very Low,Relatively Low,Relatively Low,No Rating,1,1,0,0,0,San Diego Unified,Unified,PK,12,0.6595618024718798,medium_high
65.10231923601637,74.07912687585265,48.43110504774898,13.595751633986929,9.850980392156863,14.276470588235297,15.149019607843137,13.574509803921568,7.167936196404976,1,3.3,3.4,31.7201775606548,58.2621572,5.37732496149745,31.7889317889318,68.99385204476,0.0,2.3893670654730563,2.0,06073003108,Census Tract 31.08; San Diego County; California,3447,residential_or_mixed,7.5,24.0,35.1,57.8,1001,365,3.43,3.57,486,101914.0,8.8,8.9,5.0,74.3,10.7,16.5,2194.0,17,110,2.8,2,0,1,0.5802146794313896,0.0,0.2901073397156948,False,3,0,Relatively Low,Relatively Moderate,Very Low,Relatively Low,Relatively Moderate,No Rating,1,1,0,0,0,Grossmont Union High,High,KG,12,0.999999999999998,lower
31.31650750341064,25.920873124147334,41.33697135061392,11.052715021799443,10.64922711058264,3.4887039239001187,12.45422116527943,13.634958382877526,11.838763056072064,1,4.3,1.8,4.12546680132466,54.78706391,5.37732496149745,22.2186472186472,10.3944442462512,21.5642205653265,2.3678212133409167,3.5,06073003109,Census Tract 31.09; San Diego County; California,3256,residential_or_mixed,6.4,15.8,50.5,20.8,886,296,3.54,3.63,684,128313.0,7.6,6.4,1.2,64.2,10.8,10.3,2726.0,33,33,2.4,52,6,11,15.97051597051597,1.8427518427518428,3.3783783783783785,False,5,0,Very Low,Relatively Moderate,Very Low,Relatively Low,Very Low,Very Low,1,1,0,0,0,San Diego Unified,Unified,PK,12,0.9999747640043132,medium_high
14.229195088676672,9.549795361527968,22.91950886766713,11.480617866981502,6.651711924439197,8.051357733175916,11.054899645808735,16.035419126328218,25.2234846172552,1,4.1,8.6,47.0465274678817,85.93555648,5.37732496149745,53.7108537108537,82.9379377593854,18.9052596530032,1.8017227052781213,3.5,06073003111,Census Tract 31.11; San Diego County; California,6194,residential_or_mixed,5.3,24.5,34.6,52.7,1844,780,3.33,3.87,734,61364.0,26.2,19.5,6.9,60.6,13.2,61.3,1558.0,89,670,3.2,300,35,63,48.433968356474,5.650629641588634,10.171133354859542,False,14,0,Relatively Low,Very High,Very Low,Relatively Low,Relatively High,Very Low,1,1,0,0,0,San Diego Unified,Unified,PK,12,0.9981674513521002,medium_high
20.1568894952251,15.143246930422915,29.467939972714877,13.0,7.637195121951219,9.454268292682928,14.545731707317072,15.908536585365852,30.866441092299453,1,2.3,3.4,30.3532423608991,9.209856068,5.37732496149745,24.7950331283665,26.7810638221969,29.4911585982186,3.429685409011564,3.5,06073003112,Census Tract 31.12; San Diego County; California,4261,residential_or_mixed,6.8,26.8,35.7,49.2,1188,531,3.55,3.71,639,95278.0,5.9,4.4,1.6,78.2,7.9,26.6,1633.0,0,102,0.0,186,15,32,43.65172494719549,3.520300398967379,7.509974184463741,False,18,0,Relatively Low,Very Low,Very Low,Relatively Low,Relatively Low,Very Low,2,0,0,1,2,San Diego Unified,Unified,PK,12,0.9999999999999992,medium_high
26.30968622100955,21.00954979536153,36.152796725784455,13.120772946859905,9.049919484702093,3.57487922705314,15.42512077294686,17.624798711755233,11.420789476936044,1,0.3,1.8,16.5136106348498,41.9285672,5.37732496149745,33.631250297917,29.7254230435351,0.0,1.6315858843337503,3.5,06073003113,Census Tract 31.13; San Diego County; California,4701,residential_or_mixed,3.5,16.5,43.1,21.7,1197,442,3.89,3.65,684,122533.0,11.5,7.4,2.5,69.2,14.2,36.2,2600.0,15,76,3.5,106,12,25,22.548393958732184,2.5526483726866624,5.318017443097213,False,7,0,Very Low,Relatively Moderate,Very Low,Relatively Low,Relatively Low,No Rating,1,1,0,0,0,San Diego Unified,Unified,PK,12,0.9513353354260198,medium_high
29.97953615279672,23.055934515688943,42.83765347885402,12.775252525252526,7.275252525252525,4.825757575757576,16.637626262626263,15.637626262626265,15.960185814890524,1,0.5,2.5,12.4891373276652,88.85920749,5.37732496149745,36.2600695934029,31.063227617043,0.0,4.56017119807192,3.5,06073003114,Census Tract 31.14; San Diego County; California,3195,residential_or_mixed,3.1,16.3,47.4,15.5,872,250,3.6,3.61,777,113267.0,8.2,5.1,5.1,63.6,10.1,14.1,2566.0,33,0,0.0,51,7,9,15.962441314553992,2.190923317683881,2.8169014084507045,False,7,0,Very Low,Very High,Very Low,Relatively Low,Relatively Low,No Rating,2,1,0,1,0,San Diego Unified,Unified,PK,12,1.0,medium_high
17.264665757162344,14.733969986357431,21.964529331514328,12.08283378746594,7.247956403269755,5.753678474114442,14.334604904632153,15.41307901907357,16.895409446383844,1,4.4,13.3,21.1193837048172,79.09790914,5.37732496149745,58.2713666046999,38.1993745020394,0.0,1.689587459843852,3.5,06073003115,Census Tract 31.15; San Diego County; California,5897,residential_or_mixed,1.6,20.5,43.8,31.2,1738,649,3.35,3.47,868,101813.0,13.5,11.9,2.4,75.4,5.8,27.8,969.0,33,223,2.4,210,21,63,35.61132779379345,3.5611327793793457,10.683398338138035,False,10,0,Relatively Low,Relatively High,Very Low,Relatively Moderate,Relatively Low,No Rating,1,1,0,0,0,San Diego Unified,Unified,PK,12,1.0000000000000009,medium_high
17.571623465211463,10.504774897680768,30.695770804911326,13.772916666666667,5.029166666666667,7.625,16.983333333333334,18.008333333333333,11.205117226325916,1,0.2,1.5,22.4452169011438,9.209856068,5.37732496149745,26.5563182229849,11.4504179896067,31.201170133067,3.2015651119121555,3.5,06073003201,Census Tract 32.01; San Diego County; California,5335,residential_or_mixed,9.5,26.7,30.5,30.7,1531,839,3.45,3.46,678,83169.0,11.5,10.1,4.6,88.2,2.5,64.6,2545.0,60,520,9.8,180,28,38,33.739456419868795,5.248359887535146,7.122774133083412,False,7,0,Relatively Low,Very Low,Very Low,Relatively Low,Very Low,Very Low,2,2,0,0,0,San Diego Unified,Unified,PK,12,1.000000000000001,medium_high
22.871759890859487,19.099590723055936,29.87721691678036,12.585320614732378,5.0,9.503974562798092,15.313990461049285,15.189984101748808,5.997276471304681,1,2.6,4.2,12.3951898912558,21.26517799,5.37732496149745,26.5932599265933,12.1520221659353,0.0,0.0,3.5,06073003202,Census Tract 32.02; San Diego County; California,5005,residential_or_mixed,5.5,21.2,40.0,73.7,1297,507,3.8,3.96,722,99821.0,4.0,0.0,1.8,71.2,11.9,13.5,2228.0,0,92,2.3,113,14,37,22.577422577422578,2.797202797202797,7.392607392607393,False,3,0,Very Low,Relatively Low,Very Low,Relatively Low,Very Low,No Rating,0,0,0,0,0,San Diego Unified,Unified,PK,12,0.9999999999999994,medium_high
64.29058663028648,74.07912687585265,46.11186903137789,10.29079079079079,11.357357357357357,11.0,12.525525525525524,7.168168168168168,8.160517849249,1,2.3,5.4,60.3894121239167,27.65029912,5.37732496149745,21.7884551217885,77.7282294602405,26.8429001224834,0.741897201757854,2.0,06073003204,Census Tract 32.04; San Diego County; California,3692,residential_or_mixed,9.1,22.7,40.2,57.0,1099,398,3.35,3.81,854,112377.0,10.9,15.0,3.2,67.9,15.9,19.4,2606.0,0,71,0.0,3,0,3,0.8125677139761647,0.0,0.8125677139761647,False,11,0,Relatively Moderate,Relatively Low,Very Low,Relatively Low,Relatively Moderate,Very Low,1,1,0,0,0,Sweetwater Union High,High,KG,12,0.9896529008119886,lower
74.58049113233287,74.07912687585265,75.51159618008185,6.96624677002584,8.063953488372093,10.16375968992248,10.784883720930232,1.0,1.3887582999716517,1,2.1,1.6,81.6461939544825,9.209856068,5.37732496149745,34.8312598312598,90.7899587361612,65.1730821828214,0.0,3.5,06073003207,Census Tract 32.07; San Diego County; California,6052,residential_or_mixed,7.3,23.3,40.7,43.7,2280,655,2.65,3.46,1465,106678.0,8.5,8.0,3.0,81.2,9.4,44.5,2279.0,182,482,2.1,0,0,0,0.0,0.0,0.0,False,3,0,Relatively Moderate,Very Low,Very Low,Relatively Low,Relatively High,Very Low,0,0,0,0,0,Chula Vista Elementary,Elementary,PK,12,1.0,medium_high
24.631650750341063,24.965893587994547,24.01091405184175,11.339247311827958,5.049769585253456,2.587557603686636,14.445622119815669,15.753456221198157,20.937971413627515,1,3.2,7.8,32.8040961082274,34.75804063,5.37732496149745,41.9765003098336,36.1599657522029,43.4697299418501,3.807033842316085,3.5,06073003208,Census Tract 32.08; San Diego County; California,6664,residential_or_mixed,3.5,24.7,31.8,40.0,1929,887,3.45,3.84,767,99464.0,12.1,12.6,1.6,72.7,6.7,56.0,1944.0,40,406,11.9,162,13,64,24.309723889555823,1.95078031212485,9.603841536614643,False,11,0,Relatively Low,Relatively Low,Very Low,Relatively Low,Relatively Low,Very Low,2,1,0,1,0,San Diego Unified,Unified,PK,12,0.999484890437178,medium_high
21.88949522510232,20.60027285129604,24.2837653478854,13.281203703703705,9.694444444444445,11.943888888888887,13.184444444444445,15.84,11.801401912842628,1,1.7,5.4,23.8156751297649,9.209856068,5.37732496149745,29.4091710758377,30.2224917650696,70.1520935155126,3.9339273064239983,3.5,06073003209,Census Tract 32.09; San Diego County; California,5436,residential_or_mixed,3.8,19.1,34.7,19.9,1774,548,3.06,3.3,1041,85700.0,5.0,3.7,3.9,72.2,9.2,65.1,2123.0,58,686,4.4,128,14,51,23.5467255334805,2.57542310522443,9.381898454746135,False,6,0,Relatively Low,Very Low,Very Low,Relatively Low,Relatively Low,Relatively Low,2,1,1,0,0,San Diego Unified,Unified,PK,12,0.9988786112363984,medium_high
25.381991814461117,20.46384720327421,34.515688949522506,11.6130498000727,5.339149400218102,8.339149400218103,14.339149400218105,13.660850599781895,3.019456127827083,1,0.0,2.2,4.61281912769805,90.99330688,5.37732496149745,33.7110920444254,16.1749491634262,0.0,0.0,3.5,06073003211,Census Tract 32.11; San Diego County; California,3094,residential_or_mixed,3.7,22.3,40.3,54.0,895,334,3.45,4.01,566,96541.0,12.2,8.2,2.9,68.6,22.7,26.5,1824.0,8,97,4.5,56,8,19,18.09954751131222,2.585649644473174,6.140917905623788,False,1,0,Very Low,Very High,Very Low,Relatively Low,Relatively Low,No Rating,0,0,0,0,0,San Diego Unified,Unified,PK,12,1.0000000000000009,medium_high
29.26330150068213,27.83083219645294,31.92360163710778,12.92922374429224,10.678082191780822,3.0342465753424657,15.965753424657532,15.965753424657532,18.53255778667953,1,2.2,4.1,26.7844141202997,62.66421844,5.37732496149745,33.5240001906669,44.6481871261579,18.6055914285375,2.0592508106428524,3.5,06073003212,Census Tract 32.12; San Diego County; California,3748,residential_or_mixed,5.3,20.2,42.3,43.2,1045,458,3.41,3.76,739,88639.0,12.2,12.6,3.0,86.2,5.6,21.7,2531.0,0,173,2.4,82,6,25,21.87833511205977,1.6008537886873,6.670224119530417,False,9,0,Relatively Low,Relatively High,Very Low,Relatively Low,Relatively Low,Very Low,1,1,0,0,0,San Diego Unified,Unified,PK,12,0.9989303135458172,medium_high
33.110504774897684,33.969986357435204,31.51432469304229,9.0569774527727,3.440585009140768,6.356489945155393,14.0,8.272394881170019,4.3271601355039255,1,4.7,0.3,9.78110247316626,40.46437245,5.37732496149745,31.5291481958149,21.1527713364965,0.0,0.0,3.5,06073003213,Census Tract 32.13; San Diego County; California,3984,residential_or_mixed,3.1,18.9,40.6,18.8,1028,386,3.83,4.16,1122,137870.0,6.8,5.3,1.4,69.3,13.7,24.4,3309.0,78,100,0.0,67,4,27,16.817269076305223,1.004016064257028,6.77710843373494,False,2,0,Very Low,Relatively Moderate,Very Low,Relatively Low,Relatively Low,No Rating,0,0,0,0,0,San Diego Unified,Unified,PK,12,0.9992471074075217,medium_high
62.953615279672576,74.07912687585265,42.29195088676671,12.685093167701863,3.816770186335404,8.644099378881988,17.095652173913045,14.729192546583851,8.339977851034016,1,0.0,2.4,15.6868731944477,39.08547059,5.37732496149745,36.9202535869203,33.805429702829,69.941612262614,0.0,3.5,06073003214,Census Tract 32.14; San Diego County; California,4398,residential_or_mixed,3.7,20.8,38.3,34.4,1586,591,2.77,3.22,1008,75474.0,8.6,6.3,4.6,67.5,8.1,41.2,2641.0,30,388,3.6,29,0,13,6.593906321055025,0.0,2.9558890404729423,False,4,0,Very Low,Relatively Low,Very Low,Relatively Low,Relatively Low,Relatively Low,0,0,0,0,0,San Diego Unified,Unified,PK,12,0.6954804092463491,medium_high
4.658935879945433,4.229195088676674,5.457025920873127,16.390355508623724,15.438225976768743,11.945089757127771,16.972544878563887,18.50686378035903,32.26732111999978,1,4.1,6.5,53.0333278530662,19.47698869,5.37732496149745,17.9083845750512,67.3195152985385,0.0,0.0,3.5,06073003301,Census Tract 33.01; San Diego County; California,3548,residential_or_mixed,9.4,36.2,28.4,67.1,1013,553,3.5,3.85,350,67414.0,21.8,17.4,5.7,74.6,4.7,63.3,1562.0,43,280,2.0,287,40,110,80.89064261555806,11.273957158962796,31.00338218714769,False,19,0,Relatively Low,Very Low,Very Low,Relatively Low,Relatively Moderate,No Rating,0,0,0,0,0,San Diego Unified,Unified,PK,12,0.9999999999999988,medium_high
22.339699863574356,14.46111869031378,36.97135061391542,11.068870523415978,2.6198347107438016,5.479338842975206,12.15702479338843,17.0,33.270218977353395,1,0.6,1.9,13.9359278483688,45.24432861,5.37732496149745,29.7785881119214,22.9793205141926,0.0,0.0,3.5,06073003303,Census Tract 33.03; San Diego County; California,4406,residential_or_mixed,3.8,27.2,31.2,63.3,1412,582,3.12,3.67,539,71563.0,14.7,15.5,3.4,68.3,2.4,68.3,1813.0,105,420,1.3,124,16,22,28.14344076259646,3.631411711302769,4.993191103041307,False,8,0,Very Low,Relatively Moderate,Very Low,Relatively Low,Relatively Low,No Rating,0,0,0,0,0,San Diego Unified,Unified,PK,12,0.9993252771993864,medium_high
8.015006821282396,6.8212824010914,10.231923601637105,15.011660447761194,10.784514925373134,10.57089552238806,17.928171641791046,16.42910447761194,35.1811794062479,1,7.0,14.9,57.4465086783944,75.73120891,5.37732496149745,32.1988655321989,90.5140737041133,0.0,4.3977497414148745,3.5,06073003304,Census Tract 33.04; San Diego County; California,3319,residential_or_mixed,6.1,30.7,30.7,46.8,1132,505,2.93,3.85,329,41735.0,19.4,12.8,6.0,60.1,15.1,74.2,1748.0,155,523,4.5,300,25,67,90.38867128653207,7.532389273877674,20.186803253992167,False,8,0,Relatively Moderate,Relatively High,Very Low,Relatively Low,Relatively High,No Rating,1,0,1,0,1,San Diego Unified,Unified,PK,12,0.9999999999999996,medium_high
12.121418826739426,8.731241473397,18.41746248294679,14.181298857486471,8.488274203247144,7.483463619963921,17.447384245339748,17.11064341551413,39.993121021544994,1,6.5,11.8,41.3721023087583,38.80234555,5.37732496149745,37.3206539873207,38.0067306434543,0.0,5.9991281280788105,3.5,06073003305,Census Tract 33.05; San Diego County; California,6200,residential_or_mixed,3.8,34.6,31.5,71.3,1659,855,3.69,4.21,199,49813.0,22.7,23.7,4.2,69.5,7.9,65.2,1313.0,53,689,2.8,294,37,81,47.41935483870967,5.967741935483871,13.064516129032258,False,20,0,Relatively Low,Relatively Low,Very Low,Relatively Low,Relatively Low,No Rating,3,1,1,1,0,San Diego Unified,Unified,PK,12,0.9995485516691978,medium_high
10.818553888130973,8.049113233287864,15.961800818553884,13.269555035128803,10.457142857142856,14.375175644028102,12.654332552693209,14.738173302107729,16.619772927580623,1,0.0,7.7,62.0593278060925,73.53313984,5.37732496149745,49.7306830640164,77.7008787889598,30.5067009144637,1.846671815418568,3.5,06073003401,Census Tract 34.01; San Diego County; California,6109,residential_or_mixed,3.3,9.1,38.9,27.0,2023,406,2.96,3.22,1447,83108.0,9.9,5.3,6.0,69.2,19.4,42.4,1958.0,52,441,6.3,364,41,92,59.58422000327386,6.711409395973154,15.05974791291537,False,18,0,Relatively Moderate,Relatively High,Very Low,Relatively Low,Relatively Moderate,Very Low,2,2,0,0,1,San Diego Unified,Unified,PK,12,1.0,medium_high
12.019099590723055,7.912687585266031,19.64529331514324,14.333333333333334,10.971689497716897,10.35068493150685,15.30593607305936,17.03287671232877,14.972493387144128,1,2.9,4.8,26.625877821359,87.6645146,5.37732496149745,40.3665570332237,35.8103528236595,0.0,0.0,3.5,06073003403,Census Tract 34.03; San Diego County; California,3416,residential_or_mixed,4.4,18.3,39.6,80.1,999,329,3.42,3.47,204,75550.0,14.2,13.3,2.1,78.1,5.3,56.3,2147.0,72,263,8.7,202,23,42,59.13348946135832,6.733021077283372,12.295081967213116,False,8,0,Relatively Low,Very High,Very Low,Relatively Low,Relatively Low,No Rating,0,0,0,0,0,San Diego Unified,Unified,PK,12,1.0000000000000002,medium_high
12.987721691678033,8.594815825375168,21.14597544338336,14.02637037037037,11.0,15.316444444444445,11.84177777777778,17.07911111111111,43.40666273399744,1,3.5,6.3,49.103976325246,51.80714328,5.37732496149745,32.4109824109824,40.5432081148253,30.7659377118191,7.751348834734157,3.5,06073003404,Census Tract 34.04; San Diego County; California,4586,residential_or_mixed,2.6,24.8,32.2,64.2,1131,567,4.02,4.26,316,79795.0,5.8,0.0,5.5,74.3,1.2,72.1,1903.0,81,402,8.9,272,28,51,59.31094635848234,6.105538595726123,11.12080244221544,False,28,0,Relatively Low,Relatively Moderate,Very Low,Relatively Low,Relatively Low,Very Low,5,2,1,1,2,San Diego Unified,Unified,PK,12,1.0,medium_high
14.699863574351976,10.641200545702588,22.23738062755798,14.734003656307127,7.748628884826325,9.47074954296161,18.16270566727605,17.42961608775137,34.8777457356117,1,5.6,9.9,14.0592338586561,87.30912752,5.37732496149745,39.7528480861814,26.2518877908982,0.0,0.0,3.5,06073003501,Census Tract 35.01; San Diego County; California,3447,residential_or_mixed,3.6,22.5,29.8,85.6,1004,371,3.43,3.89,262,61722.0,18.1,15.7,7.4,62.1,3.2,56.0,1770.0,0,329,12.2,189,18,36,54.83028720626632,5.221932114882507,10.443864229765014,False,16,0,Very Low,Very High,Very Low,Relatively Low,Relatively Low,No Rating,0,0,0,0,0,San Diego Unified,Unified,PK,12,0.9999999999999998,medium_high
15.607094133697135,11.59618008185539,23.055934515688943,13.365073245952198,5.045489591364688,7.713955281418658,17.551272166538165,16.164225134926753,29.87894759971049,1,11.9,10.7,42.9421988397492,35.04708879,5.37732496149745,29.0993374326708,49.7377903035924,0.0,6.639941157972588,3.5,06073003502,Census Tract 35.02; San Diego County; California,4637,residential_or_mixed,4.2,21.7,40.8,90.3,1188,519,3.88,4.23,314,55556.0,26.5,28.6,8.4,56.1,9.3,69.9,1591.0,42,378,6.7,241,23,47,51.97325857235281,4.960103515203796,10.135863704981668,False,9,0,Relatively Low,Relatively Low,Very Low,Relatively Low,Relatively Moderate,No Rating,2,2,0,0,0,San Diego Unified,Unified,PK,12,1.0000000000000002,medium_high
11.6643929058663,6.412005457025916,21.41882673942701,14.833333333333332,16.0,11.0,16.0,15.0,20.16781193680095,1,10.1,15.6,63.9453225920098,90.51116508,5.37732496149745,31.5041231707898,91.9351194510839,22.8913227022463,2.8812004054258056,3.5,06073003601,Census Tract 36.01; San Diego County; California,3151,residential_or_mixed,5.9,32.0,32.6,95.2,749,429,4.2,4.55,206,85430.0,13.8,10.5,6.2,53.4,8.8,59.4,1670.0,13,150,5.5,326,26,35,103.45921929546176,8.251348778165662,11.107584893684544,False,7,0,Relatively Moderate,Very High,Very Low,Relatively Low,Relatively High,Very Low,1,1,0,0,0,San Diego Unified,Unified,PK,12,0.9999999999999992,medium_high
8.81991814461119,5.047748976807642,15.825375170532062,13.727564102564102,11.442307692307692,8.012820512820513,16.455128205128204,15.0,19.69810455534588,1,16.9,8.0,39.657561594288,85.12053545,5.37732496149745,30.4673721340388,80.8569084228176,0.0,3.9397333617599903,3.5,06073003602,Census Tract 36.02; San Diego County; California,3383,residential_or_mixed,8.3,31.7,29.6,73.1,840,507,3.9,3.98,225,66037.0,14.0,9.1,4.3,62.7,6.2,72.1,1663.0,52,277,5.0,182,32,51,53.798403783624,9.459060005911914,15.07537688442211,False,5,0,Relatively Low,Very High,Very Low,Relatively Low,Relatively High,No Rating,1,1,0,0,0,San Diego Unified,Unified,PK,12,1.0000000000000002,medium_high
17.39427012278308,15.961800818553884,20.054570259208727,13.102741988767756,6.975222993062438,5.591674925668979,18.308225966303272,14.716551040634291,11.465088405751295,1,2.9,8.5,15.2453202433239,67.35592016,5.37732496149745,33.7742504409171,28.3697810757138,0.0,3.8218146031754903,3.5,06073003603,Census Tract 36.03; San Diego County; California,3281,residential_or_mixed,4.8,23.3,38.1,79.0,984,331,3.27,3.44,172,73333.0,23.1,15.9,6.0,81.2,3.3,70.0,1849.0,109,319,4.8,143,11,38,43.584273087473335,3.3526363913441024,11.581834806461446,False,3,0,Very Low,Relatively High,Very Low,Relatively Low,Relatively Low,No Rating,1,1,0,0,0,San Diego Unified,Unified,PK,12,0.998184058494894,medium_high
36.55525238744884,32.87858117326057,43.38335607094134,16.333333333333332,17.0,19.0,11.0,20.0,10.59403251761621,1,8.1,100.0,50.8467012706391,9.209856068,5.37732496149745,32.3895323895324,38.9057353168516,44.8325068673968,0.0,3.5,06073003800,Census Tract 38; San Diego County; California,4573,likely_institutional_or_group_quarters,0.0,0.0,23.7,20.3,15,0,,,596,,0.0,,0.0,38.0,3.1,100.0,,0,15,44.4,68,5,12,14.869888475836431,1.0933741526350316,2.624097966324076,False,13,0,Relatively Low,Very Low,Very Low,Relatively Low,Relatively Low,Very Low,0,0,0,0,0,San Diego Unified,Unified,PK,12,0.5490497943512224,medium_high
16.773533424283762,10.231923601637105,28.92223738062756,14.235030864197531,9.794444444444444,5.247222222222222,16.73148148148148,18.45277777777778,36.33329446696879,1,10.0,8.9,49.315358057167,55.43623764,5.37732496149745,29.1052957719624,71.5814633798295,0.0,0.0,3.5,06073003901,Census Tract 39.01; San Diego County; California,4213,residential_or_mixed,9.2,26.6,30.8,91.2,1070,494,3.94,4.19,198,73324.0,21.2,18.3,4.7,59.7,3.9,68.3,1865.0,31,322,1.4,203,23,32,48.18419178732495,5.459292665558984,7.595537621647282,False,9,0,Relatively Low,Relatively Moderate,Very Low,Relatively Low,Relatively Moderate,No Rating,0,0,0,0,0,San Diego Unified,Unified,PK,12,0.9999999999999994,medium_high
6.316507503410637,3.547066848567526,11.459754433833558,15.260850694444445,16.11892361111111,12.53472222222222,13.901041666666666,17.5546875,33.14493545811684,1,9.9,26.7,68.2351974070507,94.98074987,5.37732496149745,48.0969064302398,88.9824361123994,0.0,4.419444198897273,3.5,06073003902,Census Tract 39.02; San Diego County; California,3786,residential_or_mixed,7.5,23.9,36.0,81.7,1366,469,2.77,3.61,370,46875.0,15.6,13.5,2.7,68.9,5.3,78.2,1714.0,103,668,7.5,396,47,72,104.5958795562599,12.414157422081352,19.01743264659271,False,15,0,Relatively Moderate,Very High,Very Low,Relatively Low,Relatively High,No Rating,2,1,0,0,0,San Diego Unified,Unified,PK,12,0.9957843096179616,medium_high
10.80491132332878,7.366984993178716,17.189631650750336,15.17082986400222,11.240632805995004,11.810990840965864,16.757701915070776,17.228975853455452,33.27645504666169,1,8.1,7.4,64.5747704159523,59.60788959,5.37732496149745,34.7812097812098,76.6377700878789,0.0,6.050400646609544,3.5,06073004000,Census Tract 40; San Diego County; California,4253,residential_or_mixed,8.3,30.8,29.2,87.2,1183,542,3.57,3.67,325,56563.0,23.1,21.9,5.6,64.1,5.9,67.5,1927.0,82,529,4.2,283,31,60,66.54126498941923,7.288972490007054,14.107688690336232,False,11,0,Relatively Moderate,Relatively Moderate,Very Low,Relatively Low,Relatively Moderate,No Rating,2,2,0,0,1,San Diego Unified,Unified,PK,12,0.9999999999999994,medium_high
9.8431105047749,10.368349249658936,8.867667121418831,,,,,,20.54200976014773,1,4.6,5.7,51.1649482114757,9.209856068,5.37732496149745,20.358453691787,27.5028837120807,0.0,2.2824913527930613,3.5,06073004101,Census Tract 41.01; San Diego County; California,4155,residential_or_mixed,7.2,12.6,32.1,37.8,2238,373,1.79,2.92,1457,62365.0,5.6,2.4,4.6,70.2,17.8,66.0,1889.0,76,1027,4.3,265,22,94,63.77858002406739,5.29482551143201,22.62334536702768,False,9,0,Relatively Low,Very Low,Very Low,Relatively Low,Relatively Low,No Rating,1,1,0,0,0,San Diego Unified,Unified,PK,12,1.0000000000000004,medium_high
9.727148703956342,6.002728512960431,16.643929058663034,,,,,,27.25777611939996,1,9.9,6.6,14.7708856894568,63.9726352,5.37732496149745,14.2392392392392,4.00033296469385,0.0,0.0,3.5,06073004102,Census Tract 41.02; San Diego County; California,2103,residential_or_mixed,1.6,12.6,34.7,54.7,839,140,2.23,3.28,642,76042.0,31.5,28.9,14.9,56.2,19.6,90.8,2084.0,69,389,6.5,180,18,30,85.59201141226819,8.559201141226819,14.265335235378032,False,4,0,Very Low,Relatively High,Very Low,Very Low,Very Low,No Rating,0,0,0,0,0,San Diego Unified,Unified,PK,12,0.9999999999999992,medium_high
32.23055934515689,31.51432469304229,33.560709413369715,8.96253396253396,7.216645216645217,7.174603174603175,14.589017589017589,5.102960102960103,0.0,0,3.3,0.9,67.0138807337295,9.209856068,5.37732496149745,30.4602221268888,44.0571747945727,76.3178861498579,1.038881596665165,3.5,06073004200,Census Tract 42; San Diego County; California,5678,residential_or_mixed,7.9,22.3,38.2,20.2,2346,743,2.36,3.09,2744,160127.0,3.6,0.0,4.4,53.8,30.7,37.9,2306.0,164,169,6.0,117,7,36,20.605847129270867,1.2328284607256077,6.340260655160267,False,0,0,Relatively Moderate,Very Low,Very Low,Relatively Low,Relatively Low,Relatively Low,1,1,0,0,0,San Diego Unified,Unified,PK,12,1.0000000000000002,medium_high
20.91405184174625,16.234652114597548,29.604365620736694,15.38888888888889,6.831626848691695,15.617747440273035,18.391353811149035,16.550625711035266,12.717357244660246,1,4.5,3.5,33.2198135143387,9.209856068,5.37732496149745,18.4923018256352,12.9737314639744,34.2002306969665,0.0,3.5,06073004300,Census Tract 43; San Diego County; California,4181,residential_or_mixed,4.3,16.1,37.3,23.4,1948,371,2.13,2.87,2053,121250.0,7.5,2.2,6.1,59.7,23.4,55.7,2184.0,69,318,4.1,93,14,31,22.243482420473573,3.34848122458742,7.414494140157857,False,5,0,Relatively Low,Very Low,Very Low,Relatively Low,Very Low,Very Low,0,0,0,0,0,San Diego Unified,Unified,PK,12,0.9999999999999998,medium_high
22.926330150068218,31.377899045020463,7.230559345156895,15.95992867867868,9.065315315315315,14.7393018018018,18.48817567567568,17.4893018018018,16.553232631351854,1,2.1,1.3,46.3877210700613,9.209856068,5.37732496149745,19.019019019019,9.17317731559107,0.0,2.7589181457042486,3.5,06073004400,Census Tract 44; San Diego County; California,4033,residential_or_mixed,6.1,15.4,36.2,28.3,1783,322,2.21,2.79,2175,137872.0,6.7,1.8,3.7,57.1,32.1,52.0,2265.0,78,267,5.4,168,5,102,41.65633523431688,1.239771881973717,25.291346392263826,False,6,0,Relatively Low,Very Low,Very Low,Relatively Low,Very Low,No Rating,1,1,0,0,1,San Diego Unified,Unified,PK,12,0.9999999999999996,medium_high
10.70941336971351,9.276944065484315,13.369713506139158,15.180887825624668,7.484848484848484,11.55103668261563,16.954545454545453,19.07017543859649,55.30827371102578,1,4.9,11.6,18.5417009183362,9.209856068,5.37732496149745,12.379045712379,3.21667677452344,40.3755366082789,0.0,3.5,06073004501,Census Tract 45.01; San Diego County; California,2631,residential_or_mixed,4.3,7.9,33.0,43.3,1541,156,1.68,2.46,1097,78021.0,6.4,0.9,3.1,73.0,17.5,94.5,1935.0,155,588,4.3,205,15,46,77.91714177118966,5.701254275940707,17.483846446218166,False,7,0,Very Low,Very Low,Very Low,Very Low,Very Low,Very Low,0,0,0,0,0,San Diego Unified,Unified,PK,12,1.0000000000000009,medium_high
11.76671214188267,13.915416098226462,7.7762619372442,15.843246592317229,5.410780669144981,14.940520446096654,18.824349442379184,18.529739776951672,40.16885469369481,1,2.0,9.6,15.4332151161425,9.209856068,5.37732496149745,8.56928356928357,4.44151118404623,46.9242386405527,0.0,3.5,06073004600,Census Tract 46; San Diego County; California,2046,residential_or_mixed,1.8,4.5,40.2,33.2,1093,50,1.81,2.46,721,86611.0,10.5,6.7,8.5,67.7,16.4,82.4,1823.0,139,322,7.8,183,8,49,89.44281524926687,3.9100684261974585,23.949169110459437,False,6,0,Very Low,Very Low,Very Low,Very Low,Very Low,Very Low,0,0,0,0,0,San Diego Unified,Unified,PK,12,1.0,medium_high
3.349249658935877,2.7285129604365577,4.502046384720327,16.845550945136004,13.146611341632088,12.853388658367912,18.536652835408024,19.0,37.15933404277195,1,10.0,11.7,18.7389905347958,30.8138364,5.37732496149745,7.74345774345774,4.00390044355654,0.0,7.432035021805509,3.5,06073004700,Census Tract 47; San Diego County; California,1538,residential_or_mixed,0.6,16.6,35.8,59.8,716,110,2.12,2.86,348,72143.0,15.3,14.9,6.2,62.3,3.8,73.0,1936.0,147,235,10.6,298,21,56,193.75812743823147,13.654096228868662,36.41092327698309,False,5,0,Very Low,Relatively Low,Very Low,Very Low,Very Low,No Rating,1,1,0,0,0,San Diego Unified,Unified,PK,12,0.9999999999999992,medium_high
8.376534788540244,5.320600272851294,14.051841746248297,16.727019089574156,11.533920704845816,11.487224669603524,19.048458149779737,19.622026431718066,73.55350606844367,1,6.9,12.7,50.0457993752495,92.46579399,5.37732496149745,36.5389198722532,48.6865731987205,0.0,4.597198057555949,3.5,06073004800,Census Tract 48; San Diego County; California,3272,residential_or_mixed,5.3,16.8,41.0,70.3,1253,285,2.59,3.48,504,61787.0,23.9,16.8,8.4,60.5,17.9,60.3,1762.0,59,399,10.9,277,30,55,84.65770171149144,9.16870415647922,16.809290953545233,False,16,0,Relatively Low,Very High,Very Low,Relatively Low,Relatively Moderate,No Rating,1,1,0,0,1,San Diego Unified,Unified,PK,12,0.9999999999999996,medium_high
16.26193724420191,9.959072305593452,27.96725784447476,14.429172200088534,5.758964143426295,8.854581673306773,18.50730411686587,17.4734395750332,22.917995276514244,1,11.3,16.6,49.0663973506823,82.02452171,5.37732496149745,44.9413699413699,56.7276705552186,0.0,6.548163354608526,3.5,06073004900,Census Tract 49; San Diego County; California,5366,residential_or_mixed,5.4,24.1,31.9,80.7,1599,683,3.35,3.84,419,52009.0,26.0,20.8,8.2,46.4,17.9,76.4,1423.0,45,677,4.8,236,30,43,43.98061871039881,5.590756615728663,8.01341781587775,False,7,0,Relatively Low,Very High,Very Low,Relatively Low,Relatively Moderate,No Rating,2,2,0,0,1,San Diego Unified,Unified,PK,12,1.0000000000000002,medium_high
1.6712141882673974,0.9549795361528002,3.001364256480221,12.666666666666666,11.0,5.0,11.0,19.0,28.83963147704996,1,18.3,21.1,87.0105925734551,28.49375111,5.37732496149745,12.4124124124124,53.1150036269368,0.0,0.0,3.5,06073005000,Census Tract 50; San Diego County; California,1919,residential_or_mixed,9.1,27.6,31.7,86.5,719,262,2.54,3.42,168,60750.0,20.1,21.5,7.5,57.5,9.3,84.1,1405.0,41,264,15.4,345,48,84,179.78113600833768,25.013027618551327,43.77279833246483,False,27,0,Relatively High,Relatively Low,Very Low,Very Low,Relatively Moderate,No Rating,0,0,0,0,0,San Diego Unified,Unified,PK,12,0.550846784885867,medium_high
1.4597544338335615,0.4092769440654842,3.4106412005457054,,,,,,34.286236733710496,1,7.6,21.6,14.2212931864622,86.1126577,5.37732496149745,32.1845655178988,32.7530234383361,0.0,0.0,3.5,06073005101,Census Tract 51.01; San Diego County; California,3953,residential_or_mixed,1.8,12.9,33.2,45.5,1789,173,1.77,3.34,1491,91137.0,25.3,25.5,6.8,35.4,30.9,96.9,2448.0,138,687,7.8,1443,114,166,365.0392107260308,28.83885656463445,41.99342271692386,False,3,0,Very Low,Very High,Very Low,Relatively Low,Relatively Low,No Rating,0,0,0,0,0,San Diego Unified,Unified,PK,12,1.0000000000000002,medium_high
2.237380627557976,1.0914051841746208,4.365620736698494,,,,,,102.66682221839176,1,7.5,24.9,59.3923949550227,41.96292128,5.37732496149745,29.6713380046713,59.9633738836764,0.0,11.407680031272523,3.5,06073005102,Census Tract 51.02; San Diego County; California,5116,residential_or_mixed,2.4,2.4,36.1,25.7,3519,111,1.39,2.23,2706,85538.0,20.6,9.1,12.3,53.5,23.4,77.7,2598.0,274,1557,7.2,2100,127,187,410.4769351055512,24.824081313526197,36.55199374511337,False,9,0,Relatively Moderate,Relatively Moderate,Very Low,Relatively Low,Relatively Moderate,No Rating,1,0,0,1,1,San Diego Unified,Unified,PK,12,1.0,medium_high
4.072305593451567,1.6371077762619368,8.594815825375168,,,,,,22.587910072994436,1,9.7,48.4,50.6693754844165,92.47349405,5.37732496149745,43.9677773011106,70.181822506035,0.0,1.9642179194235727,3.5,06073005103,Census Tract 51.03; San Diego County; California,2980,residential_or_mixed,3.5,13.6,44.2,45.5,736,302,2.16,3.59,354,39519.0,48.0,9.5,12.9,34.4,13.3,93.9,1023.0,0,251,16.1,508,52,68,170.46979865771812,17.4496644295302,22.818791946308725,False,23,0,Relatively Low,Very High,Very Low,Relatively Low,Relatively Moderate,No Rating,2,1,0,0,0,San Diego Unified,Unified,PK,12,0.3938762883666528,medium_high
1.3096862210095503,0.545702592087316,2.7285129604365577,,,,,,35.85952147291078,1,2.3,13.4,59.9607769452991,36.74465439,5.37732496149745,22.5523142189809,40.5539105514133,0.0,15.36867322918377,3.5,06073005201,Census Tract 52.01; San Diego County; California,3503,residential_or_mixed,2.1,9.5,34.9,23.4,2076,255,1.61,2.26,1494,96132.0,17.1,17.0,2.9,47.2,18.0,90.4,2510.0,286,639,11.1,1085,101,170,309.7345132743363,28.832429346274623,48.52983157293748,False,7,0,Relatively Moderate,Relatively Low,Very Low,Relatively Low,Relatively Low,No Rating,3,0,0,2,1,San Diego Unified,Unified,PK,12,1.0000000000000009,medium_high
4.795361527967258,2.455661664392905,9.140518417462484,,,,,,243.55476833986128,1,10.0,34.8,57.6191370927966,53.69424865,5.37732496149745,31.3944897278231,55.9915807498841,0.0,0.0,3.5,06073005202,Census Tract 52.02; San Diego County; California,5665,residential_or_mixed,2.0,4.1,31.5,22.8,3521,60,1.55,2.34,2497,47056.0,31.4,21.2,4.9,53.1,20.9,94.7,2125.0,403,1761,11.2,887,81,125,156.57546337157987,14.298323036187114,22.06531332744925,False,22,0,Relatively Moderate,Relatively Moderate,Very Low,Relatively Low,Relatively Moderate,No Rating,0,0,0,0,0,San Diego Unified,Unified,PK,12,1.0,medium_high
0.4706684856753079,0.1364256480218317,1.0914051841746208,,,,,,97.57648685774592,1,7.0,31.2,91.8477112055805,89.75774448,5.37732496149745,31.5076981743648,87.6232266657153,0.0,0.0,3.5,06073005301,Census Tract 53.01; San Diego County; California,3849,residential_or_mixed,0.0,1.3,35.8,26.0,2218,65,1.4,2.06,1732,78530.0,23.0,6.2,5.0,52.5,23.7,92.2,2546.0,189,773,9.4,2358,162,422,612.626656274357,42.08885424785658,109.6388672382437,False,15,0,Relatively High,Very High,Very Low,Relatively Low,Relatively High,No Rating,0,0,0,0,0,San Diego Unified,Unified,PK,12,0.9999999999999996,medium_high
4.1132332878581215,1.7735334242837686,8.458390177353348,,,,,,131.35592867670687,1,4.7,27.1,88.6264884796956,72.19214595,5.37732496149745,36.9417036083703,86.4519044391329,0.0,5.473272605949295,3.5,06073005302,Census Tract 53.02; San Diego County; California,4426,residential_or_mixed,1.0,1.9,38.2,42.5,1412,55,1.59,2.27,1338,79650.0,7.5,4.8,1.3,34.5,20.9,77.5,1875.0,108,288,19.4,768,75,102,173.5201084500678,16.945323090826932,23.04563940352463,False,24,0,Relatively High,Relatively High,Very Low,Relatively Low,Relatively High,No Rating,1,0,0,1,1,San Diego Unified,Unified,PK,12,1.0,medium_high
1.5347885402455657,0.8185538881309684,2.864938608458389,,,,,,29.65862640911216,1,4.8,17.8,79.8846795218075,9.209856068,5.37732496149745,7.67195767195767,63.3584246013342,0.0,0.0,3.5,06073005401,Census Tract 54.01; San Diego County; California,1859,residential_or_mixed,1.8,1.8,39.6,17.1,1227,27,1.52,2.12,1065,186494.0,1.9,0.0,2.7,37.2,45.2,39.5,3284.0,15,72,29.4,615,47,89,330.82302313071546,25.28240989779452,47.875201721355566,False,3,0,Relatively Moderate,Very Low,Very Low,Very Low,Relatively Moderate,No Rating,0,0,0,0,0,San Diego Unified,Unified,PK,12,1.0000000000000009,medium_high
6.39836289222374,6.684856753069579,5.866302864938611,,,,,,75.18726713932072,1,5.7,9.6,83.9302910021843,60.5170882,5.37732496149745,32.1571571571572,75.1572663598635,0.0,3.2690774285767654,3.5,06073005402,Census Tract 54.02; San Diego County; California,4577,residential_or_mixed,2.5,3.9,45.1,8.6,2686,170,1.7,2.16,3101,168611.0,10.1,3.9,2.2,39.6,37.7,42.0,2773.0,63,444,18.2,378,35,127,82.58684727987766,7.646930303692375,27.747432816255188,False,23,0,Relatively High,Relatively High,Very Low,Relatively Low,Relatively Moderate,No Rating,1,0,0,1,1,San Diego Unified,Unified,PK,12,0.9584916075995996,medium_high
6.214188267394266,5.593451568894947,7.366984993178716,,,,,,45.13321406740534,1,6.0,11.9,87.3123987129201,24.5655393,5.37732496149745,20.9113875780542,80.4930255788234,0.0,0.0,3.5,06073005403,Census Tract 54.03; San Diego County; California,2415,residential_or_mixed,1.2,2.5,48.8,19.2,1547,82,1.56,2.2,1714,129185.0,5.6,0.0,3.6,39.0,31.4,51.5,2410.0,100,310,25.2,231,22,60,95.65217391304348,9.109730848861282,24.844720496894407,False,9,0,Relatively High,Relatively Low,Very Low,Relatively Low,Relatively High,No Rating,0,0,0,0,0,San Diego Unified,Unified,PK,12,0.9888201644240888,medium_high
,,,17.0,20.0,12.0,20.0,15.0,11.762391393282808,1,0.0,0.0,11.4662846137586,9.209856068,5.37732496149745,2.65980265980266,0.68376678201515,0.0,0.0,3.5,06073005500,Census Tract 55; San Diego County; California,290,likely_institutional_or_group_quarters,6.6,19.7,22.2,13.1,14,14,6.36,6.36,44,,0.0,0.0,7.7,19.8,0.0,100.0,,0,0,0.0,85,17,5,293.10344827586204,58.62068965517241,17.241379310344826,True,2,0,Very Low,Very Low,Very Low,Very Low,Very Low,No Rating,0,0,0,0,0,San Diego Unified,Unified,PK,12,1.0000000000000002,medium_high
2.844474761255114,2.319236016371073,3.8199181446111896,,,,,,44.66146945687332,1,1.7,34.4,40.8389506071353,90.68589706,5.37732496149745,29.2780876114209,53.1922990022951,0.0,0.0,3.5,06073005601,Census Tract 56.01; San Diego County; California,2883,residential_or_mixed,2.8,4.8,39.0,16.0,1944,113,1.45,2.46,1630,58867.0,26.6,0.0,0.1,53.3,29.2,94.9,2414.0,184,558,14.0,467,46,115,161.98404439819632,15.955601803676725,39.88900450919181,False,4,0,Relatively Low,Very High,Very Low,Relatively Low,Relatively Moderate,No Rating,0,0,0,0,0,San Diego Unified,Unified,PK,12,1.0,medium_high
1.3710777626193722,1.2278308321964526,1.6371077762619368,,,,,,4.8501047896399045,1,2.0,5.0,48.0717288676985,9.209856068,5.37732496149745,10.7285857285857,10.2993114765795,74.0216189219079,0.9700348647969111,3.5,06073005602,Census Tract 56.02; San Diego County; California,2096,residential_or_mixed,5.4,5.6,38.2,28.1,1301,65,1.58,2.29,1279,104896.0,11.7,2.2,1.0,46.9,41.1,43.7,2220.0,64,274,13.6,689,51,151,328.72137404580155,24.332061068702288,72.04198473282443,False,10,0,Relatively Low,Very Low,Very Low,Very Low,Very Low,Relatively Low,2,0,1,1,0,San Diego Unified,Unified,PK,12,0.9999999999999982,medium_high
7.776261937244205,5.866302864938611,11.323328785811738,15.406990521327014,9.883886255924171,7.441943127962086,17.558056872037916,20.0,85.58533825413127,1,6.7,24.4,28.4919087770392,97.74033051,5.37732496149745,15.4297154297154,8.38357532731619,0.0,0.0,3.5,06073005700,Census Tract 57; San Diego County; California,2451,residential_or_mixed,3.3,4.9,43.3,33.3,1017,84,1.42,2.5,928,76250.0,35.9,0.0,4.8,64.5,18.5,91.3,1701.0,160,297,1.5,324,21,47,132.19094247246022,8.567931456548347,19.175846593227256,False,9,0,Relatively Low,Very High,Very Low,Very Low,Very Low,No Rating,0,0,0,0,0,San Diego Unified,Unified,PK,12,1.000000000000001,medium_high
3.8267394270122783,4.638472032742158,2.319236016371073,,,,,,7.837774636713244,1,5.4,19.6,22.8527139065693,26.53675295,5.37732496149745,10.0755517422184,9.41219839939115,0.0,7.837900160259755,3.5,06073005801,Census Tract 58.01; San Diego County; California,1913,residential_or_mixed,0.0,2.8,35.4,28.1,1306,56,1.46,2.43,1165,123537.0,8.3,6.0,4.4,45.7,23.7,90.8,2671.0,79,367,12.9,283,19,97,147.93518034500784,9.932043910088863,50.70569785676947,False,1,0,Relatively Low,Relatively Low,Very Low,Very Low,Very Low,No Rating,1,1,0,0,0,San Diego Unified,Unified,PK,12,1.0000000000000004,medium_high
6.562073669849934,9.140518417462484,1.7735334242837686,,,,,,54.202021449111,1,0.4,3.2,39.5072456960331,9.209856068,5.37732496149745,11.9417036083703,13.4363145565029,0.0,0.0,3.5,06073005802,Census Tract 58.02; San Diego County; California,2948,residential_or_mixed,1.7,3.2,35.0,15.6,1905,68,1.55,2.36,2342,143750.0,5.0,0.0,2.6,32.5,53.7,73.2,3080.0,104,551,6.1,371,17,187,125.84803256445048,5.766621438263229,63.43283582089553,False,10,0,Relatively Low,Very Low,Very Low,Very Low,Very Low,No Rating,0,0,0,0,0,San Diego Unified,Unified,PK,12,0.9972144768573692,medium_high
9.010914051841745,9.82264665757162,7.5034106412005475,16.94606609629257,14.723200805234022,10.129843985908405,19.036738802214398,19.3749370910921,49.42215272996216,1,1.7,17.6,39.3992061441623,22.22946159,5.37732496149745,15.8158158158158,6.73421093313355,18.6579144518569,0.0,3.5,06073005900,Census Tract 59; San Diego County; California,3194,residential_or_mixed,2.7,4.8,39.3,18.8,2103,113,1.48,2.26,1873,82686.0,8.0,0.0,1.9,57.6,27.2,85.4,1984.0,154,770,3.9,215,18,79,67.31371321227302,5.635566687539136,24.73387601753287,False,8,0,Relatively Low,Relatively Low,Very Low,Very Low,Very Low,Very Low,0,0,0,0,0,San Diego Unified,Unified,PK,12,1.0000000000000002,medium_high
17.72169167803547,19.918144611186904,13.642564802182813,16.852793749078582,14.901371074745688,15.63157894736842,17.596638655462186,17.695267580716497,48.76906657409325,1,1.5,8.7,72.5638255396106,65.86566369,5.37732496149745,35.4771438104771,54.8916081005553,83.3969533730513,2.56682483624292,3.5,06073006000,Census Tract 60; San Diego County; California,4964,residential_or_mixed,2.1,4.8,47.0,22.7,2677,202,1.76,2.35,2910,102404.0,14.1,5.7,2.2,47.7,39.5,57.3,2160.0,38,634,6.6,239,13,85,48.14665592264303,2.6188557614826755,17.123287671232877,False,19,0,Relatively Moderate,Relatively High,Very Low,Relatively Low,Relatively Moderate,Relatively Low,1,1,0,0,1,San Diego Unified,Unified,PK,12,1.0000000000000002,medium_high
10.607094133697132,13.233287858117324,5.729877216916779,15.56005873715125,12.558590308370045,18.72070484581498,16.400881057268723,14.63964757709251,20.321919342506398,1,2.0,5.1,35.0999365854804,60.20967837,5.37732496149745,16.9276419276419,20.5938663146754,0.0,0.0,3.5,06073006100,Census Tract 61; San Diego County; California,2115,residential_or_mixed,1.0,12.6,37.4,18.9,1032,184,2.05,3.06,1090,109750.0,8.5,3.4,8.7,63.7,25.4,57.5,2202.0,99,143,15.8,172,9,59,81.32387706855792,4.25531914893617,27.89598108747045,False,7,0,Relatively Low,Relatively High,Very Low,Relatively Low,Relatively Low,No Rating,0,0,0,0,0,San Diego Unified,Unified,PK,12,0.9999999999999996,medium_high
,,,13.0,16.0,10.0,13.0,13.0,10.704749052680109,1,0.0,,9.28787843201729,29.16424806,5.37732496149745,1.9364602697936,0.67782098391067,0.0,0.0,3.5,06073006200,Census Tract 62; San Diego County; California,28,likely_non_residential,0.0,0.0,20.5,0.0,0,0,,,0,,,,0.0,0.0,0.0,,,0,0,,142,2,19,5071.428571428572,71.42857142857143,678.5714285714286,True,15,0,Very Low,Relatively Low,Very Low,Very Low,Very Low,No Rating,0,0,0,0,0,San Diego Unified,Unified,PK,12,0.9367705430894506,medium_high
30.40927694406549,22.10095497953616,45.839017735334245,8.833333333333334,17.0,10.0,12.0,1.0,1.6287991986894792,1,1.8,,36.0582004368556,9.209856068,5.37732496149745,9.94446827780161,7.4774356961935,0.0,0.0,3.5,06073006300,Census Tract 63; San Diego County; California,2038,likely_institutional_or_group_quarters,0.0,1.1,20.5,36.7,0,0,,,38,,,,0.3,19.3,31.8,,,0,0,,55,5,2,26.987242394504417,2.4533856722276743,0.9813542688910696,False,1,0,Relatively Low,Very Low,Very Low,Very Low,Very Low,No Rating,0,0,0,0,0,San Diego Unified,Unified,PK,12,1.0000000000000009,medium_high
0.0,0.0,0.0,17.592181069958848,20.0,19.69135802469136,16.530864197530864,16.4,34.78254987622287,1,11.2,31.4,96.5450830260469,84.42160753,5.37732496149745,32.975832975833,97.8214595745187,0.0,1.3913112091366355,3.5,06073006500,Census Tract 65; San Diego County; California,3645,residential_or_mixed,0.2,8.7,49.1,17.7,1652,173,1.66,2.71,1142,72766.0,27.6,3.4,4.2,46.4,27.0,79.5,1358.0,69,675,4.8,2885,163,763,791.4951989026064,44.718792866941016,209.3278463648834,False,50,0,Relatively High,Very High,Very Low,Relatively Low,Very High,No Rating,2,2,0,0,1,San Diego Unified,Unified,PK,12,1.000000000000002,medium_high
16.10504774897681,17.871759890859483,12.824010914051842,17.333333333333332,19.0,17.0,19.0,15.0,15.25674468438335,1,0.0,1.7,37.5778002207765,9.209856068,5.37732496149745,8.27255827255827,15.696906995826,0.0,5.0856271699974345,3.5,06073006600,Census Tract 66; San Diego County; California,2032,residential_or_mixed,22.8,46.2,26.0,28.1,477,399,4.26,4.52,384,110651.0,6.0,7.9,0.9,71.3,10.0,100.0,,106,235,26.6,98,6,36,48.22834645669291,2.952755905511811,17.716535433070867,False,3,0,Relatively Low,Very Low,Very Low,Very Low,Relatively Low,No Rating,1,1,0,0,0,San Diego Unified,Unified,PK,12,1.0,medium_high
14.959072305593454,12.141882673942703,20.19099590723056,16.166666666666668,10.0,19.0,17.0,17.0,23.103110843316124,1,0.0,3.4,68.4418817671513,63.89030386,5.37732496149745,21.6275799609133,92.5867789233349,0.0,0.0,3.5,06073006801,Census Tract 68.01; San Diego County; California,3205,residential_or_mixed,7.6,14.4,32.4,24.2,1571,314,2.04,2.72,1339,96523.0,9.0,0.0,2.8,74.5,18.5,70.4,2468.0,204,326,3.9,158,15,37,49.29797191887676,4.6801872074883,11.544461778471138,False,6,0,Relatively Moderate,Relatively High,Very Low,Relatively Low,Relatively High,No Rating,0,0,0,0,0,San Diego Unified,Unified,PK,12,0.9999999999999998,medium_high
9.195088676671212,11.869031377899042,4.229195088676674,15.293224932249323,13.869918699186991,18.520325203252032,14.547967479674798,15.13658536585366,25.233466287082397,1,1.2,8.1,74.5543368485332,75.86862524,5.37732496149745,47.2841889508556,87.9050574958677,0.0,0.0,3.5,06073006802,Census Tract 68.02; San Diego County; California,5531,residential_or_mixed,7.3,14.0,32.6,17.8,2597,492,2.05,2.74,2280,111858.0,14.3,7.6,2.3,67.7,16.1,82.6,2526.0,181,731,8.5,571,27,205,103.23630446573856,4.881576568432472,37.06382209365395,False,10,0,Relatively Moderate,Relatively High,Very Low,Relatively Low,Relatively High,No Rating,0,0,0,0,0,San Diego Unified,Unified,PK,12,1.0000000000000009,medium_high
28.4174624829468,29.467939972714877,26.46657571623465,12.24044856921887,7.878886310904872,15.901624129930395,17.10951276102088,7.721577726218097,9.959005784161125,1,0.3,0.0,73.4187472109355,9.209856068,5.37732496149745,28.4355784355784,47.6722200420962,30.606590322619,2.8454584013061988,3.5,06073006900,Census Tract 69; San Diego County; California,6093,residential_or_mixed,5.1,23.3,41.2,10.6,2203,860,2.75,3.11,2778,146779.0,7.8,4.8,3.5,65.2,23.3,30.3,3308.0,44,374,0.6,129,9,53,21.17183653372723,1.4771048744460855,8.69850648284917,False,7,0,Relatively Moderate,Very Low,Very Low,Relatively Low,Relatively Low,Very Low,2,1,0,1,0,San Diego Unified,Unified,PK,12,1.0,medium_high
40.04092769440655,43.38335607094134,33.83356070941337,13.191729323308271,6.562238930659984,12.970760233918128,15.680033416875522,14.128654970760234,10.765830465448976,1,0.6,5.1,41.4824905465392,28.91251555,5.37732496149745,18.30997664331,36.9008121960211,0.0,1.7943297518814398,3.5,06073007002,Census Tract 70.02; San Diego County; California,3025,residential_or_mixed,6.3,19.3,51.2,7.2,1256,303,2.41,2.96,1541,184167.0,4.6,1.3,0.0,53.8,38.4,11.8,,23,30,3.2,55,1,19,18.18181818181818,0.3305785123966942,6.28099173553719,False,6,0,Relatively Low,Relatively Low,Very Low,Relatively Low,Relatively Low,No Rating,1,0,1,0,0,San Diego Unified,Unified,PK,12,0.9999999999999992,medium_high
31.214188267394277,34.65211459754434,24.82946793997272,14.579559457794208,9.778650646950092,11.71072088724584,15.85536044362292,17.138632162661736,19.902742704609924,1,0.0,5.3,76.6975127416211,71.99845999,5.37732496149745,38.4586967920301,84.1187732629351,49.8662195426492,0.90468761464152,3.5,06073007100,Census Tract 71; San Diego County; California,4163,residential_or_mixed,2.1,9.7,66.2,7.0,2105,248,1.98,2.5,2479,144087.0,9.9,2.8,4.3,58.5,38.3,26.6,2020.0,0,392,8.7,91,4,38,21.859236127792457,0.9608455440787892,9.1280326687485,False,22,0,Relatively Moderate,Relatively High,Very Low,Relatively Low,Relatively High,Very Low,1,1,0,0,0,San Diego Unified,Unified,PK,12,0.9468793499326704,medium_high
31.596180081855387,31.78717598908595,31.241473396998632,13.04032080861349,8.758075148319051,5.483849703361899,18.689518787079763,13.310481212920235,5.157211921109528,1,0.5,5.2,77.0310261408742,28.23787242,5.37732496149745,32.0868487535154,53.4883997478982,0.0,0.7367572429253267,3.5,06073007200,Census Tract 72; San Diego County; California,5779,residential_or_mixed,4.1,15.3,29.4,13.0,1589,405,2.47,2.87,2150,176063.0,4.2,2.2,5.5,44.4,31.5,20.2,3446.0,0,164,1.4,132,7,40,22.841322028032533,1.211282228759301,6.921612735767433,False,7,0,Relatively Moderate,Relatively Low,Very Low,Relatively Low,Relatively Moderate,No Rating,1,1,0,0,0,San Diego Unified,Unified,PK,12,0.7881650170259509,medium_high
38.95634379263301,42.155525238744886,33.0150068212824,12.796087283671934,7.345372460496614,8.01354401805869,17.054176072234764,13.654627539503386,0.0,0,0.0,0.5,20.1482020809357,9.209856068,5.37732496149745,9.99332665999333,11.1412364881738,0.0,3.102019075404087,3.5,06073007302,Census Tract 73.02; San Diego County; California,2610,residential_or_mixed,3.7,26.0,43.2,9.7,984,385,2.65,3.0,1261,183529.0,2.1,2.1,2.6,65.0,26.0,20.7,,6,105,4.6,47,1,17,18.00766283524904,0.3831417624521073,6.513409961685824,False,0,0,Relatively Low,Very Low,Very Low,Very Low,Very Low,No Rating,1,1,0,0,0,San Diego Unified,Unified,PK,12,0.9999999999999996,medium_high
18.56753069577081,17.32605729877217,20.87312414733969,,,,,,35.83399050808448,1,1.3,1.8,9.33954952204242,22.91476633,5.37732496149745,8.22489155822489,7.73429417430702,0.0,0.0,3.5,06073007303,Census Tract 73.03; San Diego County; California,1592,residential_or_mixed,1.9,7.8,40.5,19.6,921,83,1.73,2.65,828,105398.0,6.0,1.7,6.5,62.0,28.6,77.1,2318.0,85,261,8.1,43,5,18,27.01005025125628,3.14070351758794,11.306532663316585,False,5,0,Very Low,Relatively Low,Very Low,Very Low,Very Low,No Rating,0,0,0,0,0,San Diego Unified,Unified,PK,12,0.9844887303038112,medium_high
20.07844474761255,18.144611186903138,23.66984993178718,,,,,,13.070081092016483,1,1.0,8.1,23.1005002700989,59.0055085,5.37732496149745,24.4887744887745,23.1053714340076,0.0,0.0,3.5,06073007304,Census Tract 73.04; San Diego County; California,3774,residential_or_mixed,2.8,5.5,37.9,14.2,2063,120,1.83,2.5,1621,106491.0,17.5,8.2,0.8,47.6,35.0,77.7,2143.0,48,792,4.9,116,11,37,30.73661897191309,2.9146793852676205,9.803921568627452,False,4,0,Relatively Low,Relatively Moderate,Very Low,Relatively Low,Relatively Low,No Rating,0,0,0,0,0,San Diego Unified,Unified,PK,12,0.6281625377877197,medium_high
25.96862210095498,29.740791268758528,18.963165075034105,,,,,,17.479420997672218,1,1.5,7.5,32.0454705592221,9.209856068,5.37732496149745,15.8110491443825,16.5875875518771,0.0,4.369891823342632,3.5,06073007401,Census Tract 74.01; San Diego County; California,2808,residential_or_mixed,11.5,18.2,36.2,27.4,1440,303,1.95,2.49,1396,104722.0,6.5,4.4,3.6,66.5,22.5,57.3,2217.0,105,445,11.6,110,4,36,39.17378917378917,1.4245014245014245,12.82051282051282,False,4,0,Relatively Low,Very Low,Very Low,Very Low,Relatively Low,No Rating,1,0,1,0,0,San Diego Unified,Unified,PK,12,1.0000000000000004,medium_high
25.457025920873125,28.512960436562075,19.781718963165076,,,,,,28.189688572332937,1,1.3,5.3,27.7004016252906,9.209856068,5.37732496149745,18.320701654035,14.9643846693542,0.0,0.0,3.5,06073007402,Census Tract 74.02; San Diego County; California,3835,residential_or_mixed,13.5,23.9,36.0,14.6,1703,474,2.25,2.99,1838,121103.0,11.4,4.4,2.3,66.0,25.8,58.7,2377.0,124,308,0.0,125,6,46,32.59452411994785,1.564537157757497,11.994784876140807,False,10,0,Relatively Low,Very Low,Very Low,Relatively Low,Relatively Low,No Rating,0,0,0,0,0,San Diego Unified,Unified,PK,12,1.0000000000000002,medium_high
6.350613915416096,4.774897680763979,9.276944065484315,15.25125284738041,6.94624145785877,11.573576309794989,18.678359908883827,17.815489749430522,25.052327960217067,1,1.0,12.1,52.2007186978885,23.9827045,5.37732496149745,22.5129891796558,39.8998727599206,29.9014186674277,0.0,3.5,06073007501,Census Tract 75.01; San Diego County; California,3944,residential_or_mixed,6.5,9.2,34.3,12.9,2072,172,1.9,2.52,2391,95270.0,11.9,3.0,2.7,38.9,36.6,87.6,2249.0,268,803,8.8,653,39,86,165.56795131845843,9.88843813387424,21.8052738336714,False,10,0,Relatively Low,Relatively Low,Very Low,Relatively Low,Relatively Low,Very Low,0,0,0,0,0,San Diego Unified,Unified,PK,12,0.9970011588194436,medium_high
1.732605729877214,0.6821282401091366,3.683492496589358,16.548527037933816,15.044794188861983,14.33232445520581,18.289346246973366,16.66767554479419,12.0568093457053,1,0.5,5.8,53.8048711745778,9.209856068,5.37732496149745,15.4237570904238,19.5164876981437,0.0,3.0142270347090254,3.5,06073007502,Census Tract 75.02; San Diego County; California,2952,residential_or_mixed,1.7,6.8,33.8,15.4,1683,117,1.75,2.52,1621,97309.0,9.7,2.3,6.4,67.8,25.9,84.6,2242.0,116,583,14.5,700,76,119,237.12737127371275,25.745257452574528,40.31165311653116,False,4,0,Relatively Low,Very Low,Very Low,Very Low,Relatively Low,No Rating,1,1,0,0,0,San Diego Unified,Unified,PK,12,0.8210098508902626,medium_high
0.4160982264665719,0.2728512960436524,0.6821282401091366,,,,,,3.096878932425806,1,0.0,9.1,90.2635225591282,44.28300657,5.37732496149745,15.4201820868488,81.5799174723223,33.120473761193,0.0,3.5,06073007601,Census Tract 76.01; San Diego County; California,1756,residential_or_mixed,0.1,3.6,47.2,4.2,974,48,1.78,2.83,937,114034.0,12.2,0.0,2.1,50.8,40.4,49.3,2258.0,13,104,47.9,837,59,237,476.6514806378132,33.59908883826879,134.96583143507974,False,22,0,Relatively High,Relatively Moderate,Very Low,Very Low,Relatively High,Very Low,0,0,0,0,0,San Diego Unified,Unified,PK,12,0.9253056359971392,medium_high
3.34242837653479,3.8199181446111896,2.455661664392905,,,,,,15.54959293063067,1,3.7,11.6,45.4212368180003,69.73286738,5.37732496149745,12.5351542018209,51.7236868704886,0.0,0.0,3.5,06073007602,Census Tract 76.02; San Diego County; California,1774,residential_or_mixed,0.0,0.0,34.6,6.3,1052,0,1.69,2.2,862,135798.0,17.1,10.5,6.1,38.2,49.7,74.4,2767.0,18,226,38.0,276,21,89,155.5806087936866,11.837655016910936,50.16910935738444,False,5,0,Relatively Low,Relatively High,Very Low,Very Low,Relatively Moderate,No Rating,0,0,0,0,0,San Diego Unified,Unified,PK,12,0.9947793224054298,medium_high
17.216916780354705,21.41882673942701,9.413369713506135,14.8625,6.342592592592593,12.91851851851852,18.7625,16.194444444444443,36.438087798793575,1,0.0,5.1,61.8138901284731,9.209856068,5.37732496149745,18.0966680966681,66.9104443889503,0.0,0.0,3.5,06073007701,Census Tract 77.01; San Diego County; California,3948,residential_or_mixed,3.5,7.4,35.9,16.4,2009,163,1.97,2.52,2530,121935.0,10.2,4.7,5.7,49.2,32.0,67.8,2565.0,204,613,18.1,194,10,86,49.13880445795339,2.532928064842958,21.783181357649443,False,8,0,Relatively Moderate,Very Low,Very Low,Relatively Low,Relatively Moderate,No Rating,0,0,0,0,0,San Diego Unified,Unified,PK,12,0.9999999999999998,medium_high
27.51023192360164,32.33287858117326,18.55388813096862,13.106144820132776,3.7225567392311256,10.269569245020843,16.188976377952756,16.133395090319592,29.317490997042828,1,0.0,2.7,52.2700049322404,9.209856068,5.37732496149745,19.3836693836694,50.5095548975539,34.5831400948949,4.188187201294381,3.5,06073007702,Census Tract 77.02; San Diego County; California,3368,residential_or_mixed,1.5,6.2,30.4,8.2,1829,136,1.83,2.54,2022,122898.0,6.9,12.7,1.0,71.7,26.1,87.1,2232.0,147,659,19.4,110,4,44,32.66033254156769,1.187648456057007,13.064133016627078,False,7,0,Relatively Low,Very Low,Very Low,Relatively Low,Relatively Moderate,Very Low,1,1,0,0,0,San Diego Unified,Unified,PK,12,1.0000000000000002,medium_high
16.180081855388813,18.28103683492497,12.278308321964529,15.378215434083602,13.768890675241158,11.966639871382636,16.29903536977492,16.967845659163988,22.040275374366715,1,0.4,2.4,92.8717382624422,9.209856068,5.37732496149745,30.1944801944802,92.6093729561319,60.7601108296767,3.8894181364119422,3.5,06073007800,Census Tract 78; San Diego County; California,5853,residential_or_mixed,2.7,17.3,34.3,19.2,2742,615,2.13,2.74,2647,108000.0,12.5,9.6,4.4,69.5,27.2,83.3,2217.0,129,732,10.7,369,17,106,63.04459251665813,2.9044934221766616,18.110370750042712,False,17,0,Relatively High,Very Low,Very Low,Relatively Low,Relatively High,Very Low,3,2,0,1,0,San Diego Unified,Unified,PK,12,1.0000000000000009,medium_high
3.315143246930424,3.4106412005457054,3.137789904502042,17.244318181818183,17.068181818181817,10.670454545454543,19.46590909090909,18.397727272727277,36.26697443439572,1,0.2,3.1,41.2147403527726,59.64994373,5.37732496149745,18.8116688116688,34.2085548143127,0.0,0.0,3.5,06073007905,Census Tract 79.05; San Diego County; California,2674,residential_or_mixed,1.2,5.6,33.1,8.4,1426,107,1.86,3.34,1540,123571.0,12.9,17.2,6.0,60.8,29.5,79.7,2538.0,160,354,18.2,408,34,115,152.58040388930442,12.715033657442032,43.006731488406885,False,8,0,Relatively Low,Relatively Moderate,Very Low,Relatively Low,Relatively Low,No Rating,0,0,0,0,0,San Diego Unified,Unified,PK,12,1.0,medium_high
21.93042291950887,27.421555252387453,11.73260572987722,17.168887601390498,12.569524913093858,13.860950173812284,19.430475086906146,18.860950173812284,66.15600401941875,1,1.5,5.4,42.3890833078892,9.209856068,5.37732496149745,14.9137232470566,37.0256739562151,0.0,0.0,3.5,06073007907,Census Tract 79.07; San Diego County; California,3085,residential_or_mixed,1.1,4.5,30.2,7.7,1667,95,1.83,2.58,1724,104067.0,14.6,0.0,4.1,62.6,28.9,83.4,2319.0,174,315,6.2,150,5,58,48.62236628849271,1.6207455429497568,18.80064829821718,False,12,0,Relatively Low,Very Low,Very Low,Very Low,Relatively Low,No Rating,0,0,0,0,0,San Diego Unified,Unified,PK,12,1.0000000000000002,medium_high
20.80491132332879,23.19236016371078,16.371077762619368,16.549357674104126,5.870182555780933,19.425963488843813,18.80865449628127,18.19134550371873,28.202281702504845,1,2.7,3.9,38.8648800995843,9.209856068,5.37732496149745,13.9317889317889,37.118428406645,0.0,0.0,3.5,06073007908,Census Tract 79.08; San Diego County; California,3215,residential_or_mixed,4.9,6.9,30.9,8.9,1655,128,1.94,2.53,1562,94432.0,5.6,0.0,3.2,69.2,20.3,86.9,2311.0,145,531,5.1,149,7,47,46.34525660964231,2.177293934681182,14.618973561430792,False,5,0,Relatively Low,Very Low,Very Low,Very Low,Relatively Low,No Rating,0,0,0,0,0,San Diego Unified,Unified,PK,12,1.000000000000001,medium_high
1.99863574351978,2.046384720327421,1.9099590723055893,18.815080399826165,19.554758800521512,15.335723598435465,20.0,19.0,33.70099060138729,1,1.6,5.3,68.2622072950184,9.209856068,5.37732496149745,13.1083464416798,53.6834219257251,0.0,0.0,3.5,06073007910,Census Tract 79.10; San Diego County; California,3021,residential_or_mixed,3.3,4.8,30.7,6.9,1624,85,1.85,2.51,2023,103250.0,8.6,3.3,2.7,52.6,41.5,79.6,2045.0,81,491,10.9,894,49,178,295.9285004965243,16.219794769943725,58.92088712346905,False,13,0,Relatively Moderate,Very Low,Very Low,Very Low,Relatively Moderate,No Rating,0,0,0,0,0,San Diego Unified,Unified,PK,12,0.7253376973597564,medium_high
20.34788540245566,27.557980900409277,6.957708049113231,,,,,,36.03885034016852,1,4.1,7.8,27.9434906169998,9.209856068,5.37732496149745,12.1216454549788,25.8023854541995,0.0,0.0,3.5,06073007911,Census Tract 79.11; San Diego County; California,2480,residential_or_mixed,2.5,6.4,35.6,19.4,1382,163,1.79,2.42,1499,122344.0,5.7,7.0,8.1,63.3,28.1,45.7,2722.0,53,196,8.5,147,4,63,59.274193548387096,1.6129032258064515,25.40322580645161,False,5,0,Relatively Low,Very Low,Very Low,Very Low,Relatively Low,No Rating,0,0,0,0,0,San Diego Unified,Unified,PK,12,1.0000000000000004,medium_high
15.600272851296042,18.41746248294679,10.368349249658936,,,,,,19.50616974352335,1,2.0,5.4,31.8951546609672,9.209856068,5.37732496149745,8.67891701225034,27.0569488542447,0.0,6.501990460627417,3.5,06073007912,Census Tract 79.12; San Diego County; California,1738,residential_or_mixed,6.7,8.9,30.7,8.4,923,93,1.88,2.6,1104,116303.0,5.1,0.0,2.1,64.8,25.3,87.2,2486.0,220,204,5.4,136,5,35,78.25086306098964,2.8768699654775607,20.138089758342925,False,3,0,Relatively Low,Very Low,Very Low,Very Low,Relatively Low,No Rating,1,0,1,0,0,San Diego Unified,Unified,PK,12,1.0,medium_high
19.94542974079127,20.32742155525239,19.23601637107776,11.070494864612511,5.086834733893557,12.88795518207283,15.99719887955182,8.22689075630252,0.0,0,0.6,3.5,53.9716278742044,9.209856068,5.37732496149745,12.3027789694456,60.5841152057841,30.8824753546669,0.0,3.5,06073008002,Census Tract 80.02; San Diego County; California,2689,residential_or_mixed,4.0,21.2,38.2,12.9,1029,316,2.61,3.09,1422,189479.0,5.1,2.3,2.4,42.8,48.2,24.5,3083.0,26,74,8.7,77,7,34,28.63518036444775,2.603198214949796,12.644105615470432,False,0,0,Relatively Low,Very Low,Very Low,Very Low,Relatively Moderate,Very Low,0,0,0,0,0,San Diego Unified,Unified,PK,12,1.0000000000000009,medium_high
20.92769440654843,22.646657571623464,17.735334242837652,15.39237929028505,7.0837696335078535,16.49912739965096,16.94415357766143,17.44153577661431,20.702527225470625,1,0.0,3.8,38.3610869718393,9.209856068,5.37732496149745,16.361599694933,28.7158265253945,0.0,0.0,3.5,06073008003,Census Tract 80.03; San Diego County; California,3540,residential_or_mixed,3.9,10.9,34.7,10.4,1885,233,1.88,2.71,2150,169013.0,5.3,3.4,3.1,56.5,31.9,58.6,2806.0,82,281,10.5,139,8,48,39.26553672316385,2.2598870056497176,13.559322033898304,False,6,0,Relatively Low,Very Low,Very Low,Very Low,Relatively Low,No Rating,0,0,0,0,0,San Diego Unified,Unified,PK,12,1.0000000000000002,medium_high
25.33424283765348,33.83356070941337,9.549795361527968,16.226393326233584,13.777422790202342,16.49254526091587,17.297124600638977,16.24707135250266,15.648818660117936,1,1.8,1.7,54.1031542851774,9.209856068,5.37732496149745,19.5886362553029,40.0627876279833,0.0,3.4774730789449566,3.5,06073008006,Census Tract 80.06; San Diego County; California,3870,residential_or_mixed,2.6,12.0,32.1,8.9,1873,205,2.06,2.89,2433,143977.0,3.9,0.0,1.8,53.7,32.5,63.9,2611.0,90,320,15.7,163,4,84,42.11886304909561,1.0335917312661498,21.705426356589147,False,9,0,Relatively Low,Very Low,Very Low,Relatively Low,Relatively Low,No Rating,2,2,0,0,0,San Diego Unified,Unified,PK,12,0.656486649853733,medium_high
20.92769440654843,20.736698499317875,21.282401091405177,17.4374161395438,12.304197814836114,17.096607245543417,19.34962622196665,18.262219666474987,22.84152904687437,1,1.7,2.0,55.2316978650445,25.46407629,5.37732496149745,22.1566804900138,50.9162474879003,38.8070350683172,1.7570062379294038,3.5,06073008101,Census Tract 81.01; San Diego County; California,3511,residential_or_mixed,3.6,10.9,46.8,15.6,1761,251,1.98,2.47,2233,117411.0,7.1,1.6,3.1,62.0,31.2,63.7,2498.0,49,415,19.3,128,9,39,36.4568499003133,2.5633722586157788,11.107946454001707,False,13,0,Relatively Moderate,Relatively Low,Very Low,Relatively Low,Relatively Moderate,Very Low,1,0,0,1,0,San Diego Unified,Unified,PK,12,0.7887042855967471,medium_high
37.07366984993179,44.47476125511596,23.32878581173261,16.70030155416377,11.693806541405706,13.535142658315936,19.35212247738344,18.134307585247043,16.320526076905104,1,0.5,1.6,62.9400850224299,9.209856068,5.37732496149745,16.7405500738834,57.8335890026518,25.9855160358175,0.0,3.5,06073008102,Census Tract 81.02; San Diego County; California,3591,residential_or_mixed,5.8,18.9,48.7,9.1,1389,357,2.58,2.78,2033,203039.0,4.7,0.8,7.1,57.3,37.4,25.0,3030.0,23,57,13.8,80,1,36,22.27791701475912,0.278473962684489,10.025062656641603,False,12,0,Relatively Moderate,Very Low,Very Low,Very Low,Relatively Moderate,Very Low,0,0,0,0,0,San Diego Unified,Unified,PK,12,0.7274600024215001,medium_high
17.59890859481582,24.2837653478854,5.184174624829463,,,,,,30.902395436898445,1,2.2,5.5,65.5847053573526,9.209856068,5.37732496149745,8.29400829400829,23.6856813290048,0.0,0.0,3.5,06073008201,Census Tract 82.01; San Diego County; California,1986,residential_or_mixed,11.4,20.1,49.7,10.5,950,179,2.05,2.78,1263,129250.0,3.9,3.2,1.3,52.8,34.5,54.6,3232.0,31,264,24.4,156,4,68,78.54984894259819,2.014098690835851,34.239677744209466,False,10,0,Relatively Moderate,Very Low,Very Low,Very Low,Relatively Low,No Rating,0,0,0,0,0,San Diego Unified,Unified,PK,12,1.0000000000000002,medium_high
8.240109140518415,9.004092769440653,6.8212824010914,,,,,,0.0,0,0.0,35.7,27.1144044906875,93.56394006,5.37732496149745,14.9840316506983,33.6448931540081,0.0,0.0,3.5,06073008202,Census Tract 82.02; San Diego County; California,1203,residential_or_mixed,1.1,1.1,70.4,8.6,659,11,1.68,2.36,722,111836.0,3.9,0.0,0.4,46.5,38.6,63.7,,29,256,38.3,92,7,31,76.47547797173733,5.818786367414797,25.768911055694097,False,0,0,Relatively Low,Very High,Very Low,Very Low,Relatively Low,No Rating,0,0,0,0,0,San Diego Unified,Unified,PK,12,0.4106616082280836,medium_high
28.710777626193725,28.37653478854024,29.331514324693043,7.706840390879479,8.300488599348535,11.927524429967429,12.006514657980455,1.0,0.0,0,0.0,2.2,82.1464640533621,49.14825564,5.37732496149745,23.7368320701654,92.9042845421141,76.0550818736399,0.0,3.5,06073008301,Census Tract 83.01; San Diego County; California,3190,residential_or_mixed,5.9,18.9,50.0,7.6,1347,323,2.31,2.74,1687,216823.0,2.4,0.0,1.7,55.6,39.1,16.9,,12,95,0.0,53,5,24,16.614420062695928,1.567398119122257,7.523510971786834,False,0,0,Relatively Moderate,Relatively Moderate,Very Low,Relatively Low,Relatively High,Relatively Low,0,0,0,0,0,San Diego Unified,Unified,PK,12,1.0000000000000004,medium_high
26.439290586630285,30.832196452933147,18.28103683492497,8.666784120272492,12.906272022551091,15.242424242424242,10.926004228329807,1.0,0.5878281758814566,1,0.0,1.8,82.6737440402095,49.4876503,5.37732496149745,25.1382334715668,86.2116941957119,79.7283959425874,1.1756303586624384,3.5,06073008303,Census Tract 83.03; San Diego County; California,3055,residential_or_mixed,3.9,19.2,56.6,14.8,1341,291,2.28,2.77,1906,230511.0,6.1,6.1,2.4,38.2,53.9,20.1,,75,55,19.7,86,4,40,28.150572831423894,1.309328968903437,13.093289689034371,False,1,0,Relatively Moderate,Relatively Moderate,Very Low,Relatively Low,Relatively High,Relatively Low,2,1,1,0,0,San Diego Unified,Unified,PK,12,1.000000000000001,medium_high
35.10231923601637,33.28785811732605,38.47203274215553,12.833333333333336,5.0,2.0,18.0,17.0,25.565075717332917,1,12.2,28.5,99.476243042018,9.209856068,5.37732496149745,57.1666905000238,53.3088366451429,59.6565707014853,0.5810051089692313,3.5,06073008305,Census Tract 83.05; San Diego County; California,11134,residential_or_mixed,0.2,1.1,19.8,25.7,471,65,2.03,2.64,1485,41840.0,27.1,20.0,7.3,21.6,15.6,97.7,1669.0,57,229,3.1,146,12,50,13.11298724627268,1.0777797736662476,4.490749056942699,False,44,0,Very High,Very Low,Very Low,Relatively Moderate,Relatively Moderate,Very Low,1,0,0,1,1,San Diego Unified,Unified,PK,12,1.0,medium_high
39.07230559345157,42.7012278308322,32.33287858117326,8.055895196506551,5.91703056768559,12.493449781659388,11.224454148471615,3.7379912663755457,0.9488973542258902,1,0.0,1.8,58.5586114568899,25.99537997,5.37732496149745,17.8321178321178,67.9129059493656,80.2635177719905,0.0,3.5,06073008306,Census Tract 83.06; San Diego County; California,2711,residential_or_mixed,3.6,20.1,47.9,10.5,1092,290,2.48,2.94,1462,204779.0,9.1,7.1,3.9,73.2,15.1,8.0,,4,7,2.1,43,1,18,15.861305791220952,0.3688675765400221,6.639616377720398,False,1,0,Relatively Moderate,Relatively Low,Very Low,Relatively Low,Relatively Moderate,Relatively Low,0,0,0,0,0,San Diego Unified,Unified,PK,12,1.0000000000000004,medium_high
35.85948158253752,35.33424283765348,36.83492496589359,13.339389860924182,11.240915208613728,13.65006729475101,13.29542395693136,14.277254374158815,15.484166563626756,1,0.0,12.3,52.7174295981398,35.46644554,5.37732496149745,24.5686162352829,61.3772846729216,0.0,2.3821184954209333,3.5,06073008307,Census Tract 83.07; San Diego County; California,4355,residential_or_mixed,6.8,23.0,40.9,20.4,1664,485,2.59,3.17,2160,108667.0,8.2,3.6,3.4,68.5,25.0,21.0,2995.0,33,211,6.6,77,4,22,17.68082663605052,0.9184845005740528,5.051664753157291,False,13,0,Relatively Low,Relatively Low,Very Low,Relatively Low,Relatively Moderate,No Rating,2,1,1,0,0,San Diego Unified,Unified,PK,12,0.9999999999999984,medium_high
40.00682128240109,41.20054570259208,37.78990450204639,7.781869078380706,9.824289405684755,12.718776916451334,11.074074074074074,1.0,0.0,0,0.0,4.9,87.0505202339291,31.25925487,5.37732496149745,34.9170599170599,90.8517950364477,80.2159513871547,0.0,3.5,06073008310,Census Tract 83.10; San Diego County; California,6538,residential_or_mixed,5.0,18.1,52.8,15.0,2457,583,2.65,3.03,3720,172399.0,2.4,2.8,3.6,53.9,35.0,7.5,,8,87,4.2,79,3,31,12.083205873355766,0.4588559192413582,4.7415111654940345,False,0,0,Relatively High,Relatively Low,Very Low,Relatively Low,Relatively High,Relatively Low,0,0,0,0,0,San Diego Unified,Unified,PK,12,1.0000000000000018,medium_high
33.94952251023193,37.244201909959074,27.83083219645294,6.454006859993762,6.12067352666043,11.482694106641722,9.560336763330216,1.0,0.0,0,0.9,0.0,60.1052211287785,22.74299591,5.37732496149745,15.289098622432,53.2089472369876,55.7466138679795,0.0,3.5,06073008311,Census Tract 83.11; San Diego County; California,2739,residential_or_mixed,2.8,18.1,55.3,14.8,1088,258,2.5,2.83,1586,,3.3,0.9,1.8,62.4,32.9,4.7,,0,0,9.0,47,2,22,17.15954728002921,0.7301935012778387,8.032128514056224,False,0,0,Relatively Moderate,Relatively Low,Very Low,Very Low,Relatively Moderate,Very Low,0,0,0,0,0,San Diego Unified,Unified,PK,12,0.9999999999999988,medium_high
9.133697135061391,11.186903137789905,5.320600272851294,12.715256644349768,10.550213024954353,7.306755934266586,14.76993304930006,14.44735240413877,8.996733897101294,1,0.9,1.3,95.307325551354,37.58159095,5.37732496149745,24.2015825349159,81.2885733652028,83.2304710261258,0.0,3.5,06073008312,Census Tract 83.12; San Diego County; California,4147,residential_or_mixed,3.0,15.6,45.5,19.4,1677,382,2.26,2.83,2141,143847.0,8.4,3.2,2.8,41.7,32.6,30.6,2384.0,125,250,12.7,270,21,134,65.10730648661684,5.0639016156257535,32.31251507113576,False,41,0,Relatively High,Relatively Low,Very Low,Relatively Low,Relatively High,Relatively Low,0,0,0,0,0,San Diego Unified,Unified,PK,12,0.7521813931230535,medium_high
22.90586630286494,26.05729877216917,17.053206002728516,7.326765188834154,11.598522167487683,11.322660098522167,9.519704433497536,1.0,2.1803189422799107,1,0.0,3.0,45.2685722338352,33.69128709,5.37732496149745,12.8247294913962,38.4336389473559,55.7216415159407,1.0901307443881805,3.5,06073008313,Census Tract 83.13; San Diego County; California,2195,residential_or_mixed,8.2,25.3,47.4,7.5,809,268,2.71,3.0,1181,221536.0,7.3,5.2,2.1,51.1,34.2,13.8,,0,33,10.4,61,4,31,27.790432801822323,1.8223234624145788,14.123006833712983,False,2,0,Relatively Low,Relatively Low,Very Low,Very Low,Relatively Low,Very Low,1,1,0,0,0,San Diego Unified,Unified,PK,12,1.0,medium_high
33.90859481582538,36.152796725784455,29.740791268758528,9.536399127339534,10.51291767137444,16.63176024801929,13.114364450568376,1.922493971753359,0.4695230821267465,1,0.0,4.1,87.9923432839326,9.209856068,5.37732496149745,35.0326516993184,91.5391292973256,74.8231125063917,0.9389980240717638,5.0,06073008324,Census Tract 83.24; San Diego County; California,7023,residential_or_mixed,6.0,19.2,50.6,12.6,2938,708,2.39,2.9,4445,197535.0,6.0,2.3,2.8,56.6,38.2,20.4,,51,66,6.9,131,6,52,18.65299729460345,0.8543357539513029,7.404243200911291,False,1,0,Relatively High,Very Low,Very Low,Relatively Low,Relatively High,Relatively Low,2,2,0,0,0,San Dieguito Union High,High,07,12,0.9999999999999988,high
36.03683492496589,43.24693042291951,22.646657571623464,9.78080229226361,7.952926729431027,14.333196889070814,17.19934506753991,1.0,0.4095602998891486,1,0.0,0.5,79.9974164454987,28.04359415,5.37732496149745,37.4398207731541,90.2726743010714,87.4829058304496,0.8190755609346045,5.0,06073008327,Census Tract 83.27; San Diego County; California,6039,residential_or_mixed,7.1,21.8,49.0,12.6,2415,789,2.43,2.94,3421,192234.0,3.0,2.2,1.3,63.7,31.1,26.4,,87,196,4.1,124,2,62,20.533200861069712,0.3311806590495115,10.266600430534856,False,1,0,Relatively Moderate,Relatively Low,Very Low,Relatively Low,Relatively High,Relatively Low,2,1,0,1,0,San Dieguito Union High,High,07,12,1.0000000000000002,high
41.30286493860845,42.01909959072305,39.97271487039564,6.999999999999999,6.0,18.0,8.0,1.0,0.0,0,0.0,3.4,87.7609977217747,9.209856068,5.37732496149745,41.3520663520664,89.4747481954503,94.7938591797177,0.3632042714110116,5.0,06073008328,Census Tract 83.28; San Diego County; California,7814,residential_or_mixed,6.4,32.6,41.5,9.4,2580,1480,3.03,3.24,4412,,4.9,4.7,6.3,66.1,28.0,10.4,,14,186,13.6,71,3,30,9.08625543895572,0.3839262861530585,3.839262861530586,False,0,0,Relatively High,Very Low,Very Low,Relatively Low,Relatively High,Relatively Moderate,1,1,0,0,0,San Dieguito Union High,High,07,12,1.0000000000000004,high
41.85538881309685,42.42837653478853,40.7912687585266,10.637360838244923,6.1178781925343815,16.647347740667975,19.529469548133594,1.0,0.0,0,3.2,7.0,62.175587758649,9.209856068,5.37732496149745,28.9479956146623,75.6495784429144,0.0,1.688956672369175,5.0,06073008330,Census Tract 83.30; San Diego County; California,5321,residential_or_mixed,8.9,34.4,39.1,18.2,1922,963,2.77,3.27,2604,164821.0,9.8,6.3,2.6,51.3,38.9,42.9,3197.0,14,351,6.6,58,2,19,10.900206728058636,0.3758691975192633,3.5707573764330016,False,0,0,Relatively Moderate,Very Low,Very Low,Relatively Low,Relatively Moderate,No Rating,1,1,0,0,0,San Dieguito Union High,High,07,12,0.9999999999999994,high
40.90723055934515,42.29195088676671,38.33560709413369,9.333333333333334,14.0,6.0,17.0,1.0,0.0,0,1.6,1.4,45.6760692392606,9.209856068,5.37732496149745,12.1133037799704,64.8127668176899,68.6073751679688,2.714281409395248,5.0,06073008331,Census Tract 83.31; San Diego County; California,2648,residential_or_mixed,2.6,23.6,47.2,6.6,945,427,2.8,3.07,1626,230956.0,2.7,1.7,1.3,45.7,40.7,9.9,,29,13,3.5,32,1,12,12.084592145015106,0.3776435045317221,4.531722054380665,False,0,0,Relatively Low,Very Low,Very Low,Very Low,Relatively Moderate,Very Low,1,1,0,0,0,San Dieguito Union High,High,07,12,1.0000000000000009,high
41.86221009549796,40.38199181446112,44.61118690313779,6.763404825737266,2.368632707774799,12.0,12.105898123324398,1.0,0.0,0,0.0,1.7,5.01796744721328,9.209856068,5.37732496149745,9.98379331712665,9.97823837893761,49.5582272008372,0.0,5.0,06073008336,Census Tract 83.36; San Diego County; California,2047,residential_or_mixed,2.3,18.7,47.8,5.4,757,233,2.7,2.94,1007,190938.0,3.3,1.9,3.2,59.6,27.5,5.8,,11,0,0.0,12,1,3,5.862237420615535,0.4885197850512945,1.4655593551538837,False,0,0,Very Low,Very Low,Very Low,Very Low,Very Low,Very Low,0,0,0,0,0,Poway Unified,Unified,PK,12,0.999999999999999,high
37.65347885402456,36.69849931787176,39.427012278308325,7.484595959595959,4.694696969696969,14.490151515151515,11.861363636363636,1.0,0.0,0,0.0,0.8,27.3798059985438,18.92910028,5.37732496149745,23.5378235378235,41.3244859857539,89.5841508805727,1.6469510350366925,5.0,06073008337,Census Tract 83.37; San Diego County; California,4939,residential_or_mixed,7.9,26.8,40.7,9.6,1521,682,3.25,3.47,2313,173622.0,1.7,2.2,3.6,64.8,28.2,20.2,,72,46,0.0,54,4,20,10.933387325369509,0.8098805426199636,4.049402713099818,False,0,0,Relatively Low,Very Low,Very Low,Relatively Low,Relatively Low,Relatively Moderate,1,1,0,0,0,Poway Unified,Unified,PK,12,1.0000000000000009,high
1.8281036834924984,2.592087312414737,0.4092769440654842,7.166666666666665,16.0,15.0,5.0,1.0,8.736784744901916,1,1.6,14.7,97.9683866876483,9.209856068,5.37732496149745,8.58954192287526,78.5190206081362,94.4739752416967,0.0,3.5,06073008339,Census Tract 83.39; San Diego County; California,1824,residential_or_mixed,4.0,7.1,28.8,14.6,771,98,2.37,2.71,736,80804.0,31.6,25.0,3.9,61.0,16.3,76.9,2375.0,41,313,10.2,503,26,287,275.76754385964915,14.25438596491228,157.3464912280702,False,40,0,Very High,Very Low,Very Low,Very Low,Relatively Moderate,Relatively Moderate,0,0,0,0,0,San Diego Unified,Unified,PK,12,0.9420168286168784,medium_high
32.03956343792633,34.379263301500686,27.694406548431104,12.954275029746729,2.351861295257521,10.607853136155024,17.01988781234064,15.36308006119327,16.904103161009342,1,9.5,10.1,24.9677055687343,39.63513594,5.37732496149745,28.4153200819867,35.8067853447968,0.0,3.380725425260064,3.5,06073008343,Census Tract 83.43; San Diego County; California,4086,residential_or_mixed,4.1,11.1,28.9,15.9,1795,258,2.28,2.98,1901,91336.0,27.4,8.8,4.7,52.4,17.6,80.2,2644.0,88,645,5.3,66,4,33,16.152716593245227,0.9789525208027412,8.076358296622614,False,5,0,Relatively Low,Relatively Low,Very Low,Relatively Low,Relatively Low,No Rating,1,1,0,0,0,San Diego Unified,Unified,PK,12,0.9999999999999996,medium_high
35.30013642564803,38.88130968622101,28.649386084583902,10.03446461457511,6.329123914759274,12.561168113654302,13.0,7.658247829518547,3.811772496936855,1,0.6,0.7,54.9087535523874,21.677427,5.37732496149745,19.7602364269031,60.3248784084288,90.9588194023284,2.5411123193532843,3.5,06073008344,Census Tract 83.44; San Diego County; California,3350,residential_or_mixed,4.4,19.1,44.7,8.2,1189,421,2.8,2.78,1864,193359.0,6.7,2.8,2.7,71.8,21.8,22.3,3241.0,10,104,6.5,82,2,26,24.47761194029851,0.5970149253731344,7.761194029850746,False,3,0,Relatively Moderate,Relatively Low,Very Low,Relatively Low,Relatively Moderate,Relatively Moderate,2,1,0,1,0,San Diego Unified,Unified,PK,12,0.9999999999999998,medium_high
36.616643929058654,34.515688949522506,40.518417462482944,10.683333333333334,9.342528735632184,13.73793103448276,15.494827586206895,5.014942528735633,2.708845082192962,1,0.4,4.1,43.1559292575804,91.20416988,5.37732496149745,38.1226464559798,75.2119677024247,74.5079852068543,0.0,3.5,06073008345,Census Tract 83.45; San Diego County; California,4138,residential_or_mixed,5.1,20.0,40.7,8.2,1884,542,2.2,2.98,2232,92846.0,7.6,1.7,5.5,54.7,37.1,56.5,2517.0,43,678,5.4,59,4,15,14.258095698405029,0.9666505558240696,3.624939584340261,False,2,0,Relatively Low,Very High,Very Low,Relatively Low,Relatively Moderate,Relatively Low,0,0,0,0,0,San Diego Unified,Unified,PK,12,0.9999999999999998,medium_high
22.660300136425647,30.01364256480218,9.004092769440653,6.530373379763977,11.888566453859548,11.53163087637841,6.881021474172954,1.0,11.249516879590974,1,0.0,1.7,94.7859172792822,9.209856068,5.37732496149745,25.3324753324753,88.8575743522053,97.0116418726886,0.0,3.5,06073008346,Census Tract 83.46; San Diego County; California,4307,residential_or_mixed,7.7,17.6,42.5,9.2,1604,462,2.68,3.04,2407,183698.0,3.2,0.9,3.0,66.5,24.5,25.1,,19,111,5.6,184,6,96,42.7211516136522,1.3930810308799628,22.289296494079405,False,51,0,Relatively High,Very Low,Very Low,Relatively Low,Relatively High,Relatively High,0,0,0,0,0,San Diego Unified,Unified,PK,12,0.9630789359116724,medium_high
43.74829467939973,43.72442019099591,43.79263301500682,9.452981651376149,3.1623853211009174,14.927064220183489,12.69724770642202,6.61697247706422,0.0,0,5.0,0.7,35.618996171642,31.90132086,5.37732496149745,39.5633728967062,40.6763939923656,94.4287871761026,1.1424810564555687,3.5,06073008347,Census Tract 83.47; San Diego County; California,6604,residential_or_mixed,6.6,17.9,40.3,6.9,2003,707,3.27,3.49,2535,149052.0,3.5,2.2,1.9,61.5,21.9,30.5,3316.0,113,104,4.8,58,2,15,8.782556026650516,0.3028467595396729,2.2713506965475467,False,0,0,Relatively Low,Relatively Low,Very Low,Relatively Low,Relatively Low,Relatively Moderate,1,1,0,0,0,San Diego Unified,Unified,PK,12,1.000000000000001,medium_high
29.20190995907231,26.193724420191,34.78854024556617,12.205533962613364,4.5663520266518605,9.569683509161576,14.81399222654081,14.73459189339256,5.184607004739702,1,1.7,4.1,21.0054724381708,19.03157022,5.37732496149745,28.3140283140283,21.0088830223681,90.3333214417371,1.2960966419759394,3.5,06073008348,Census Tract 83.48; San Diego County; California,5110,residential_or_mixed,5.5,16.2,42.7,10.2,1712,537,2.97,3.45,2172,161447.0,4.7,2.3,2.6,62.0,22.0,28.7,2627.0,43,143,5.0,70,9,31,13.6986301369863,1.7612524461839532,6.066536203522506,False,4,0,Relatively Low,Very Low,Very Low,Relatively Low,Relatively Low,Relatively Moderate,1,0,1,0,0,San Diego Unified,Unified,PK,12,0.9999999999999998,medium_high
8.806275579809004,11.050477489768074,4.638472032742158,14.283584431889516,13.414312617702448,9.955743879472694,16.24858757062147,14.91713747645951,21.587973783065493,1,0.0,7.6,15.136106348498,34.61529349,5.37732496149745,21.8337385004052,17.9670127121163,0.0,2.698380666691619,3.5,06073008349,Census Tract 83.49; San Diego County; California,3539,residential_or_mixed,5.5,18.6,41.4,15.4,1102,339,3.17,3.54,1190,150114.0,9.0,4.5,3.3,65.1,23.4,34.7,2706.0,0,134,1.6,254,18,128,71.77168691720826,5.086182537439955,36.16840915512857,False,8,0,Very Low,Relatively Low,Very Low,Relatively Low,Relatively Low,No Rating,1,1,0,0,0,San Diego Unified,Unified,PK,12,1.000000000000001,medium_high
15.252387448840382,21.55525238744884,3.547066848567526,10.423880372708144,9.095581605049594,9.746167718665465,9.712353471596032,12.138412984670875,8.506452237520044,1,2.9,3.1,97.9343307419499,24.96831132,5.37732496149745,36.018161018161,92.1087367557347,95.2719013473179,0.3335742150425897,3.5,06073008350,Census Tract 83.50; San Diego County; California,6722,residential_or_mixed,10.1,21.6,36.5,13.9,2220,784,3.02,3.26,3002,145682.0,9.0,4.6,3.7,61.0,22.5,48.9,3071.0,74,300,2.8,517,17,282,76.91163344242786,2.529009223445404,41.9518000595061,False,51,0,Very High,Relatively Low,Very Low,Relatively Low,Relatively High,Relatively Moderate,2,1,0,1,1,San Diego Unified,Unified,PK,12,1.0000000000000009,medium_high
28.47885402455661,26.33015006821282,32.46930422919508,13.096134908911864,9.391432791728212,9.381831610044314,15.1698670605613,14.731905465288037,9.776874558788837,1,0.9,1.1,16.3104493036146,17.98673222,5.37732496149745,23.4544067877401,18.6317529401972,0.0,0.0,3.5,06073008351,Census Tract 83.51; San Diego County; California,5122,residential_or_mixed,6.0,16.0,36.3,18.2,1415,521,3.59,3.58,1693,142516.0,4.3,2.1,3.2,59.1,19.3,46.2,2678.0,29,298,0.0,125,9,34,24.404529480671613,1.757126122608356,6.638032018742679,False,4,0,Very Low,Very Low,Very Low,Relatively Low,Relatively Low,No Rating,0,0,0,0,0,San Diego Unified,Unified,PK,12,0.9999999999999996,medium_high
31.60982264665757,27.694406548431104,38.88130968622101,13.44868382135463,7.939662821650399,5.004436557231588,17.251996450754216,16.622005323868677,18.60704405952598,1,2.8,1.7,7.03313995819339,9.209856068,5.37732496149745,17.8059011392345,10.0222372849108,0.0,3.7212389858930974,3.5,06073008352,Census Tract 83.52; San Diego County; California,3738,residential_or_mixed,8.1,26.1,30.4,31.4,977,262,3.78,4.28,1076,114493.0,7.0,4.3,2.1,65.3,7.1,43.5,2384.0,44,214,12.3,61,6,16,16.31888710540396,1.6051364365971108,4.280363830925628,False,5,0,Very Low,Very Low,Very Low,Relatively Low,Very Low,No Rating,1,1,0,0,0,San Diego Unified,Unified,PK,12,0.999999999999999,medium_high
40.42974079126876,41.33697135061392,38.74488403819918,6.87903053598121,3.643177450352338,4.657270980140935,12.696348494554773,3.7905188981422167,0.0,0,0.5,5.0,17.6867792470113,40.72439732,5.37732496149745,32.6397826397826,37.0589704256002,81.6429429322298,0.0,3.5,06073008353,Census Tract 83.53; San Diego County; California,4372,residential_or_mixed,6.8,19.3,39.4,17.8,1529,502,2.84,3.13,1814,153376.0,2.6,1.9,4.1,75.7,18.9,25.7,3427.0,10,74,6.9,62,2,19,14.181152790484903,0.4574565416285453,4.34583714547118,False,0,0,Very Low,Relatively Moderate,Very Low,Relatively Low,Relatively Low,Relatively Low,0,0,0,0,0,San Diego Unified,Unified,PK,12,0.9267451060453828,medium_high
26.18690313778991,27.285129604365626,24.14733969986358,13.667504187604692,13.477386934673367,12.77889447236181,17.09547738693467,10.77889447236181,0.0,0,0.6,5.2,10.0641191253494,57.1823728,5.37732496149745,25.5052671719338,22.9531590025329,0.0,2.896172825184212,3.5,06073008355,Census Tract 83.55; San Diego County; California,3065,residential_or_mixed,6.4,19.9,36.1,9.0,972,354,3.13,3.53,1081,155263.0,6.1,5.1,1.8,61.5,25.7,37.6,2862.0,116,71,1.5,122,5,29,39.80424143556281,1.6313213703099512,9.461663947797716,False,0,0,Very Low,Relatively Moderate,Very Low,Relatively Low,Relatively Low,No Rating,1,1,0,0,0,San Diego Unified,Unified,PK,12,0.9999999999999998,medium_high
37.57844474761255,40.10914051841746,32.87858117326057,11.817142857142857,2.5485714285714285,8.354285714285714,14.548571428571428,15.451428571428572,12.826026038462906,1,4.7,5.2,10.5244615637551,38.73659895,5.37732496149745,23.9036655703322,20.8102933656785,0.0,0.0,3.5,06073008356,Census Tract 83.56; San Diego County; California,3976,residential_or_mixed,5.0,21.7,38.0,3.3,1368,509,2.91,3.5,1535,124707.0,7.7,4.4,1.1,62.2,22.0,41.7,2528.0,44,144,3.2,50,2,26,12.575452716297788,0.5030181086519115,6.5392354124748495,False,3,0,Very Low,Relatively Low,Very Low,Relatively Low,Relatively Low,No Rating,0,0,0,0,0,San Diego Unified,Unified,PK,12,1.0000000000000022,medium_high
24.665757162346523,23.32878581173261,27.148703956343788,15.073539067629678,11.328299409061064,10.149047931713724,18.28036769533815,16.201575837163492,19.83656767130529,1,2.6,10.3,13.3276181976184,24.35112243,5.37732496149745,25.993850993851,17.970580190979,0.0,0.0,3.5,06073008357,Census Tract 83.57; San Diego County; California,4619,residential_or_mixed,4.9,14.8,35.3,14.2,1551,471,2.97,3.38,1895,111332.0,11.7,5.0,3.1,65.1,23.6,44.4,2224.0,149,233,0.0,152,10,39,32.90755574799741,2.164970772894566,8.443386014288807,False,7,0,Very Low,Relatively Low,Very Low,Relatively Low,Relatively Low,No Rating,0,0,0,0,0,San Diego Unified,Unified,PK,12,1.0,medium_high
26.248294679399727,24.14733969986358,30.15006821282401,14.381786339754816,9.138791593695272,5.745621716287215,19.30823117338004,16.39492119089317,35.73051604982391,1,0.0,6.2,47.321323719379,73.64034828,5.37732496149745,52.8766862100195,69.1888742225869,0.0,5.496775364852424,3.5,06073008358,Census Tract 83.58; San Diego County; California,5836,residential_or_mixed,4.5,14.4,41.9,14.1,1949,422,2.95,3.37,1714,114760.0,10.5,10.8,2.2,73.7,13.6,35.2,2371.0,68,325,7.8,171,12,43,29.30089102124743,2.0562028786840303,7.368060315284441,False,26,0,Relatively Low,Relatively High,Very Low,Relatively Low,Relatively Moderate,No Rating,4,2,1,1,0,San Diego Unified,Unified,PK,12,1.0000000000000004,medium_high
15.893587994542973,21.14597544338336,6.139154160982264,15.768419170243202,11.22049356223176,10.881437768240342,18.62714592274678,17.62714592274678,37.21241239894741,1,4.5,8.1,30.4918148296028,28.82899959,5.37732496149745,24.6842080175414,34.9601036947189,0.0,0.0,3.5,06073008359,Census Tract 83.59; San Diego County; California,4324,residential_or_mixed,5.7,17.5,30.8,34.0,1822,559,2.37,2.94,1480,96447.0,6.3,3.5,5.2,60.4,18.7,81.3,2250.0,152,456,5.7,206,11,115,47.64107308048104,2.543940795559667,26.595744680851062,False,16,0,Relatively Low,Relatively Low,Very Low,Relatively Low,Relatively Low,No Rating,0,0,0,0,0,San Diego Unified,Unified,PK,12,1.0000000000000004,medium_high
21.78035470668486,23.738062755798094,18.144611186903138,14.129522538552788,11.154804270462634,17.190836298932386,12.09341637010676,16.122330960854093,14.875002408756249,1,0.0,4.5,55.1612372877375,61.72658888,5.37732496149745,45.5955955955956,66.7974742249652,36.2170454140059,0.0,3.5,06073008360,Census Tract 83.60; San Diego County; California,6592,residential_or_mixed,5.6,23.5,35.5,29.1,2418,622,2.72,3.27,1666,101963.0,5.8,2.7,7.1,78.1,16.9,46.0,2261.0,104,441,0.0,187,14,87,28.367718446601945,2.1237864077669903,13.197815533980584,False,16,0,Relatively Moderate,Relatively High,Very Low,Relatively Low,Relatively Moderate,Very Low,0,0,0,0,0,San Diego Unified,Unified,PK,12,0.9999999999999984,medium_high
5.750341064120054,8.185538881309684,1.2278308321964526,12.536631419939576,11.479607250755286,12.178247734138973,10.082326283987916,15.698640483383686,45.87219651126855,1,3.4,4.7,26.2383446461705,9.209856068,5.37732496149745,12.4136040802707,19.1323891405943,0.0,0.0,3.5,06073008361,Census Tract 83.61; San Diego County; California,2798,residential_or_mixed,4.1,9.8,31.3,15.6,1563,168,1.79,2.81,1474,112426.0,29.4,18.7,7.9,44.9,32.2,63.9,2767.0,86,412,4.2,491,18,280,175.48248749106503,6.433166547533952,100.07147962830592,False,10,0,Relatively Low,Very Low,Very Low,Very Low,Relatively Low,No Rating,0,0,0,0,0,San Diego Unified,Unified,PK,12,1.0000000000000002,medium_high
40.8663028649386,44.06548431105048,34.92496589358799,11.864404988374552,8.674064679771718,10.28281547241598,14.494610019023462,11.620164870006342,14.612831537132488,1,3.7,5.5,24.1515372149282,9.209856068,5.37732496149745,16.6332999666333,12.9249759195177,0.0,0.0,3.5,06073008362,Census Tract 83.62; San Diego County; California,3320,residential_or_mixed,2.1,16.6,34.7,12.1,1582,368,2.1,2.71,2086,127500.0,7.2,0.0,5.5,51.8,32.9,49.9,3246.0,98,296,8.1,33,1,20,9.939759036144578,0.3012048192771084,6.024096385542169,False,5,0,Relatively Low,Very Low,Very Low,Very Low,Very Low,No Rating,0,0,0,0,0,San Diego Unified,Unified,PK,12,1.0000000000000004,medium_high
63.049113233287855,74.07912687585265,42.56480218281037,10.177434679334915,3.100712589073634,5.636104513064133,7.989073634204275,18.17482185273159,30.541747807577327,1,16.2,13.0,13.4697136951875,31.68927323,5.37732496149745,30.8784975451642,20.884021262174,0.0,0.0,3.5,06073008363,Census Tract 83.63; San Diego County; California,5631,residential_or_mixed,4.4,8.2,23.1,25.6,1962,291,2.54,3.0,1642,76500.0,44.5,32.6,5.4,46.7,22.4,93.0,2625.0,223,915,4.2,30,0,16,5.327650506126799,0.0,2.841413603267626,False,3,0,Very Low,Relatively Low,Very Low,Relatively Low,Relatively Low,No Rating,0,0,0,0,0,San Diego Unified,Unified,PK,12,0.9999999999999992,medium_high
24.959072305593452,32.74215552523875,10.504774897680768,13.006474221905442,6.920171062009978,10.635424091233071,16.218816821097647,14.02280826799715,7.854630648523266,1,14.0,10.6,45.9344246893863,24.29781437,5.37732496149745,29.6653796653797,54.0532505678237,27.3364013651552,0.0,3.5,06073008364,Census Tract 83.64; San Diego County; California,4440,residential_or_mixed,3.1,9.4,30.6,9.5,2300,303,1.93,2.5,2596,106875.0,23.3,8.6,4.1,41.4,25.8,60.7,2575.0,12,597,12.7,154,5,89,34.68468468468468,1.1261261261261262,20.045045045045043,False,3,0,Relatively Low,Relatively Low,Very Low,Relatively Low,Relatively Moderate,Very Low,0,0,0,0,0,San Diego Unified,Unified,PK,12,1.0000000000000002,medium_high
60.99590723055934,74.07912687585265,36.69849931787176,6.636603375527426,4.0,13.819620253164556,10.0,1.0,0.0,0,0.0,0.5,26.0598445169927,21.99490612,5.37732496149745,15.3236569903237,44.0084192501159,91.4035651005434,0.0,5.0,06073008365,Census Tract 83.65; San Diego County; California,2573,residential_or_mixed,3.2,16.9,49.7,14.4,928,283,2.77,3.0,1376,215532.0,3.1,4.3,0.9,55.0,37.4,7.2,,9,29,2.8,24,0,13,9.327633113097551,0.0,5.0524679362611735,False,0,0,Relatively Low,Relatively Low,Very Low,Very Low,Relatively Low,Relatively Moderate,0,0,0,0,0,Poway Unified,Unified,PK,12,0.996386820608754,high
46.50068212824012,47.88540245566166,43.929058663028655,5.666666666666666,12.0,4.0,8.0,1.0,0.0,0,1.1,1.0,65.6175869600958,9.209856068,5.37732496149745,36.7033700367034,64.8329825312452,97.1745567407513,0.4292179025547159,5.0,06073008366,Census Tract 83.66; San Diego County; California,7106,residential_or_mixed,2.6,22.4,48.1,10.8,2413,875,2.94,3.26,4152,207135.0,1.3,1.3,3.6,64.6,28.9,12.9,3369.0,48,145,6.6,58,1,16,8.162116521249649,0.1407261469180973,2.251618350689558,False,0,0,Relatively Moderate,Very Low,Very Low,Relatively Low,Relatively Moderate,Relatively High,1,1,0,0,0,Poway Unified,Unified,PK,12,1.000000000000001,high
37.34652114597544,39.01773533424284,34.24283765347885,,,,,,0.0,0,0.2,0.0,19.4024943044367,9.209856068,5.37732496149745,17.5115591782258,17.2713543338922,94.1184165150488,1.3916865808539398,5.0,06073008367,Census Tract 83.67; San Diego County; California,3394,residential_or_mixed,1.9,24.1,43.1,18.8,1236,464,2.75,2.95,1537,122266.0,7.3,8.0,4.9,62.2,33.2,49.8,1618.0,55,292,3.9,58,2,21,17.088980553918677,0.5892751915144372,6.187389510901591,False,0,0,Very Low,Very Low,Very Low,Relatively Low,Relatively Low,Relatively Moderate,1,0,0,1,0,Poway Unified,Unified,PK,12,1.0,high
40.675306957708045,38.33560709413369,45.02046384720328,,,,,,0.0,0,0.3,0.5,54.2017990934072,9.209856068,5.37732496149745,34.2807092807093,61.8291653288621,89.751822387119,2.9402685209082144,5.0,06073008368,Census Tract 83.68; San Diego County; California,6134,residential_or_mixed,4.0,23.8,46.0,8.2,1851,824,3.31,3.45,3196,220580.0,4.7,5.0,3.1,64.0,25.6,11.6,,18,110,6.5,58,4,8,9.455493968046952,0.6521030322791,1.3042060645582,False,0,0,Relatively Low,Very Low,Very Low,Relatively Low,Relatively Moderate,Relatively Moderate,3,2,1,0,0,Poway Unified,Unified,PK,12,1.0000000000000009,high
20.60027285129604,23.465211459754432,15.279672578444748,,,,,,0.0,0,0.0,0.5,64.3422505108392,37.77586922,5.37732496149745,19.9044282377616,68.8297480170763,74.089401020299,3.4652649406567457,5.0,06073008369,Census Tract 83.69; San Diego County; California,4624,residential_or_mixed,1.9,19.5,33.2,7.9,2120,510,2.18,2.82,2779,170156.0,5.7,3.6,4.3,63.1,29.6,63.3,3374.0,240,513,6.2,163,10,74,35.25086505190311,2.162629757785467,16.003460207612456,False,0,0,Relatively Moderate,Relatively Low,Very Low,Relatively Low,Relatively Moderate,Relatively Low,2,0,2,0,0,San Dieguito Union High,High,07,12,1.0000000000000002,high
37.36698499317872,39.56343792633015,33.28785811732605,,,,,,0.0,0,0.0,3.7,63.7304178312234,9.209856068,5.37732496149745,20.8982792316126,68.0318219114552,51.4263969652646,0.0,5.0,06073008370,Census Tract 83.70; San Diego County; California,3757,residential_or_mixed,4.8,23.1,39.1,9.5,1607,560,2.34,2.93,2164,149851.0,3.6,2.5,2.5,59.1,26.1,43.8,3288.0,84,193,14.5,49,2,24,13.042321000798507,0.5323396326856535,6.388075592227842,False,0,0,Relatively Moderate,Very Low,Very Low,Relatively Low,Relatively Moderate,Very Low,0,0,0,0,0,Del Mar Union Elementary,Elementary,KG,6,1.0,high
37.298772169167805,40.92769440654843,30.559345156889496,,,,,,0.0,0,0.7,5.5,43.3062451558353,9.209856068,5.37732496149745,22.9229229229229,47.2964456018931,91.6390187054808,1.2362048459291806,5.0,06073008371,Census Tract 83.71; San Diego County; California,4288,residential_or_mixed,7.0,24.1,32.4,4.9,1680,550,2.55,3.21,2472,207532.0,3.5,2.6,3.2,65.9,31.1,75.1,3363.0,161,437,4.9,53,2,31,12.360074626865671,0.4664179104477612,7.229477611940299,False,0,0,Relatively Low,Very Low,Very Low,Relatively Low,Relatively Low,Relatively Moderate,1,1,0,0,0,Del Mar Union Elementary,Elementary,KG,6,0.9547201404008144,high
62.57162346521145,74.07912687585265,41.20054570259208,,,,,,0.0,0,0.0,1.6,77.4655330342673,9.209856068,5.37732496149745,21.9481386148053,70.2234430927663,98.2709619112173,0.356230627064096,5.0,06073008372,Census Tract 83.72; San Diego County; California,3819,residential_or_mixed,5.7,26.8,39.5,11.5,1350,550,2.83,3.28,2267,,7.1,6.4,1.6,67.7,28.3,43.5,,11,323,4.9,34,0,13,8.902854150301126,0.0,3.4040324692327832,False,0,0,Relatively Moderate,Very Low,Very Low,Relatively Low,Relatively Moderate,Relatively High,1,1,0,0,0,Del Mar Union Elementary,Elementary,KG,6,0.9124952675999536,high
60.7094133697135,74.07912687585265,35.879945429740786,,,,,,0.0,0,0.0,4.3,75.0569556333232,9.209856068,5.37732496149745,16.5570332236999,80.1374668521756,92.9934715136813,0.0,5.0,06073008373,Census Tract 83.73; San Diego County; California,3323,residential_or_mixed,2.8,18.5,42.2,4.8,1283,362,2.59,3.04,2060,192031.0,5.2,2.6,2.0,58.3,35.1,46.1,,0,176,1.0,36,0,18,10.833584110743304,0.0,5.416792055371652,False,0,0,Relatively Moderate,Very Low,Very Low,Very Low,Relatively High,Relatively Moderate,0,0,0,0,0,Del Mar Union Elementary,Elementary,KG,6,0.9999910152986524,high
44.00409276944065,45.29331514324693,41.60982264665757,,,,,,0.0,0,0.0,0.9,45.7371350729267,9.209856068,5.37732496149745,22.1531054864388,49.3061253612072,94.7177529639803,0.818059414341312,5.0,06073008374,Census Tract 83.74; San Diego County; California,3952,residential_or_mixed,4.4,30.2,40.8,8.6,1225,685,3.23,3.45,2228,,1.6,1.5,0.5,62.1,31.2,11.0,,11,41,0.0,47,1,13,11.892712550607287,0.2530364372469635,3.289473684210526,False,0,0,Relatively Low,Very Low,Very Low,Relatively Low,Relatively Moderate,Relatively Moderate,1,1,0,0,0,Del Mar Union Elementary,Elementary,KG,6,1.0,high
19.72032742155525,23.87448840381992,12.005457025920874,,,,,,7.514608795156863,1,1.0,4.8,41.5482537520257,81.09103832,5.37732496149745,39.8505648505649,82.3171964372778,83.3910075749468,0.0,3.5,06073008375,Census Tract 83.75; San Diego County; California,4317,residential_or_mixed,1.9,3.6,28.6,11.2,2191,133,1.97,2.43,2234,123906.0,27.3,17.8,3.2,62.7,27.4,78.0,2929.0,129,555,0.0,153,9,80,35.44127866574009,2.0847810979847115,18.531387537641884,False,3,0,Relatively Low,Very High,Very Low,Relatively Low,Relatively High,Relatively Low,0,0,0,0,0,San Diego Unified,Unified,PK,12,0.9999999999999994,medium_high
32.244201909959074,35.06139154160982,27.012278308321967,,,,,,37.23803609325673,1,1.1,4.5,67.774854968645,9.209856068,5.37732496149745,29.8036131369465,74.0025923679735,0.0,0.0,3.5,06073008376,Census Tract 83.76; San Diego County; California,6332,residential_or_mixed,0.7,11.4,29.9,24.3,2845,374,2.23,3.02,2968,110625.0,15.1,1.6,2.8,58.1,27.1,84.8,2810.0,109,1073,8.5,135,6,54,21.320277953253317,0.9475679090334808,8.528111181301327,False,18,0,Relatively Moderate,Very Low,Very Low,Relatively Low,Relatively Moderate,No Rating,0,0,0,0,0,San Diego Unified,Unified,PK,12,1.0000000000000009,medium_high
23.55388813096862,34.106412005457024,3.9563437926330094,,,,,,37.456301476318686,1,8.7,10.3,23.9859548582568,90.49931884,5.37732496149745,27.9481862815196,45.2594151712984,0.0,0.0,3.5,06073008377,Census Tract 83.77; San Diego County; California,2008,residential_or_mixed,2.0,7.9,30.3,6.7,1028,111,1.93,2.66,1031,92700.0,26.7,0.0,2.5,55.3,24.8,70.3,2778.0,99,377,15.7,122,2,75,60.756972111553786,0.99601593625498,37.35059760956175,False,5,0,Relatively Low,Very High,Very Low,Relatively Low,Relatively Low,No Rating,0,0,0,0,0,San Diego Unified,Unified,PK,12,0.9999999999999996,medium_high
25.163710777626196,32.46930422919508,11.59618008185539,,,,,,23.3394124882318,1,17.0,10.0,6.37081053150762,83.81567257,5.37732496149745,8.62410029076696,12.4112589632906,0.0,0.0,3.5,06073008378,Census Tract 83.78; San Diego County; California,843,residential_or_mixed,0.0,5.6,24.2,13.3,391,32,2.16,2.39,265,73828.0,42.6,0.0,0.0,27.8,27.8,83.9,2855.0,64,166,24.8,36,1,16,42.70462633451957,1.1862396204033216,18.979833926453143,False,2,0,Very Low,Very High,Very Low,Very Low,Very Low,No Rating,0,0,0,0,0,San Diego Unified,Unified,PK,12,0.9999999999999992,medium_high
18.86766712141883,24.693042291950885,8.049113233287864,,,,,,30.72546374468365,1,9.0,22.9,30.5082556309745,80.33939466,5.37732496149745,39.3321893321893,60.1441261460526,0.0,0.0,3.5,06073008379,Census Tract 83.79; San Diego County; California,4043,residential_or_mixed,2.6,6.9,32.0,4.0,1977,268,2.01,2.3,1981,75110.0,32.7,11.7,2.0,56.4,21.3,91.6,2751.0,188,708,13.6,173,8,94,42.7900074202325,1.978728666831561,23.25006183527084,False,3,0,Relatively Low,Very High,Very Low,Relatively Low,Relatively Moderate,No Rating,0,0,0,0,0,San Diego Unified,Unified,PK,12,1.0,medium_high
26.60300136425648,30.422919508867665,19.50886766712142,,,,,,0.0,0,0.0,0.7,42.3608990769664,9.209856068,5.37732496149745,50.7388340721674,61.7399783572949,78.8829034521304,0.0,3.5,06073008380,Census Tract 83.80; San Diego County; California,6664,residential_or_mixed,2.3,12.9,31.8,13.9,2938,510,2.27,2.5,3019,94766.0,8.2,1.0,5.5,66.0,27.3,77.7,2995.0,120,1230,2.9,200,9,82,30.012004801920767,1.3505402160864346,12.304921968787516,False,0,0,Relatively Low,Very Low,Very Low,Relatively Low,Relatively Moderate,Relatively Low,0,0,0,0,0,San Diego Unified,Unified,PK,12,0.9519129808276928,medium_high
41.37107776261938,43.519781718963166,37.38062755798091,,,,,,0.0,0,0.0,1.4,7.55924560208563,9.209856068,5.37732496149745,13.023738023738,17.3403255919042,54.0140083003341,0.0,3.5,06073008381,Census Tract 83.81; San Diego County; California,3255,residential_or_mixed,7.2,16.3,30.6,9.1,1020,306,3.19,3.06,1774,201319.0,8.7,5.9,3.5,44.1,34.6,68.4,,57,183,8.8,41,1,16,12.59600614439324,0.3072196620583717,4.915514592933948,False,0,0,Very Low,Very Low,Very Low,Very Low,Relatively Low,Very Low,0,0,0,0,0,San Diego Unified,Unified,PK,12,0.9999999999999994,medium_high
39.35197817189632,39.97271487039564,38.19918144611187,11.575611620795108,11.414678899082569,13.654587155963302,12.39816513761468,9.794036697247709,1.7042393682395789,1,1.3,2.1,83.6179157761233,57.75809986,5.37732496149745,39.1725058391725,94.3205736506011,40.4326162700819,0.8521031143956098,3.5,06073008501,Census Tract 85.01; San Diego County; California,5923,residential_or_mixed,7.8,22.2,40.2,21.5,2170,711,2.7,2.91,2425,144559.0,7.8,4.5,3.1,64.2,24.8,38.3,2644.0,50,440,1.2,80,3,27,13.506668917778152,0.5065000844166807,4.558500759750126,False,2,0,Relatively High,Relatively Moderate,Very Low,Relatively Low,Relatively High,Very Low,1,1,0,0,0,San Diego Unified,Unified,PK,12,1.0000000000000002,medium_high
12.155525238744882,15.688949522510232,5.593451568894947,13.276109936575052,7.8752642706131075,14.790274841437633,14.21353065539112,14.282029598308668,12.215586276727484,1,0.7,7.6,63.8866054442539,77.98317835,5.37732496149745,51.0319843653177,77.3893189682851,72.626734686597,0.8143552386541432,3.5,06073008502,Census Tract 85.02; San Diego County; California,6507,residential_or_mixed,2.8,18.6,45.4,28.5,2561,693,2.53,3.03,2737,102326.0,16.8,7.8,5.5,65.7,23.7,27.8,2137.0,74,183,1.6,376,22,190,57.783925003842015,3.3809743353311816,29.19932380513293,False,15,0,Relatively Moderate,Relatively High,Very Low,Relatively Low,Relatively Moderate,Relatively Low,1,1,0,0,0,San Diego Unified,Unified,PK,12,1.0000000000000004,medium_high
28.16507503410641,32.60572987721692,19.918144611186904,10.527327327327328,12.548468468468467,11.995675675675676,12.274954954954955,7.034954954954955,9.855481624799596,1,2.2,4.7,90.070930314489,18.07794823,5.37732496149745,36.5996949330283,89.7423091101519,79.115978737826,0.7039524132027821,3.5,06073008503,Census Tract 85.03; San Diego County; California,7840,residential_or_mixed,4.0,21.0,37.7,28.1,3119,804,2.51,2.83,3278,110065.0,10.1,5.1,0.9,56.5,24.8,45.2,2665.0,99,654,3.5,215,9,91,27.4234693877551,1.1479591836734695,11.607142857142858,False,14,0,Relatively High,Very Low,Very Low,Relatively Low,Relatively High,Relatively Low,1,1,0,0,0,San Diego Unified,Unified,PK,12,1.0,medium_high
18.628922237380632,22.78308321964529,10.914051841746254,13.03710380051074,8.632266786840919,15.106354213609734,12.717440288418208,14.524560612888688,14.59103060447269,1,1.2,7.7,60.0782112408108,45.68323165,5.37732496149745,40.8753992087325,40.3874282044879,79.8389877873307,2.574844986155709,3.5,06073008504,Census Tract 85.04; San Diego County; California,5774,residential_or_mixed,12.9,20.1,41.5,12.3,2299,575,2.49,2.93,2155,126865.0,8.8,5.0,4.1,61.7,24.5,25.5,1793.0,27,285,3.2,278,13,112,48.14686525805334,2.2514721163837894,19.397298233460337,False,17,0,Relatively Moderate,Relatively Moderate,Very Low,Relatively Low,Relatively Low,Relatively Low,3,1,0,0,0,San Diego Unified,Unified,PK,12,1.0,medium_high
13.99045020463847,12.414733969986358,16.916780354706685,12.730938878386892,7.966918714555765,11.948960302457468,12.993383742911153,15.241493383742911,7.016982785908207,1,1.6,7.4,48.2396599102802,94.69940177,5.37732496149745,54.5474045474045,74.5698215071409,64.3561295232659,2.6313106525864662,3.5,06073008505,Census Tract 85.05; San Diego County; California,5419,residential_or_mixed,1.4,15.9,37.8,26.3,2055,385,2.64,3.11,1723,88184.0,13.8,8.8,5.6,59.6,17.7,43.1,2021.0,81,486,3.2,301,25,77,55.54530356154272,4.613397305775973,14.209263701789997,False,8,0,Relatively Low,Very High,Very Low,Relatively Low,Relatively Moderate,Very Low,3,1,2,0,0,San Diego Unified,Unified,PK,12,1.0000000000000002,medium_high
31.145975443383357,31.241473396998632,30.968622100954978,13.35594315245478,8.828165374677003,11.18733850129199,15.104651162790695,14.955426356589149,20.078460118149373,1,0.6,2.2,27.8695070108274,32.04110644,5.37732496149745,24.4339577672911,32.8017789827929,35.3917686371042,2.0078079428128124,3.5,06073008506,Census Tract 85.06; San Diego County; California,4027,residential_or_mixed,5.3,17.2,40.2,23.2,1589,388,2.53,2.93,1544,121484.0,10.5,6.7,3.1,70.0,24.3,45.9,2245.0,54,237,1.9,80,5,28,19.86590514030296,1.2416190712689348,6.9530667991060335,False,10,0,Relatively Low,Relatively Low,Very Low,Relatively Low,Relatively Low,Very Low,1,0,0,0,1,San Diego Unified,Unified,PK,12,1.0000000000000009,medium_high
9.96589358799454,12.68758526603001,4.9113233287858105,13.606123869171888,9.47981906750174,9.332985386221294,16.274878218510786,15.137091162143356,8.103981972474209,1,0.0,4.7,62.4057589778519,37.97962447,5.37732496149745,45.6659039992373,48.6699249640279,0.0,3.4730734832242045,3.5,06073008507,Census Tract 85.07; San Diego County; California,6606,residential_or_mixed,4.3,19.3,39.6,37.1,2459,694,2.64,3.13,1885,88824.0,10.6,9.6,2.3,65.1,26.2,51.8,2181.0,100,665,10.2,497,30,237,75.23463518013928,4.541326067211626,35.87647593097184,False,7,0,Relatively Moderate,Relatively Low,Very Low,Relatively Low,Relatively Moderate,No Rating,3,2,0,1,0,San Diego Unified,Unified,PK,12,0.9999999999999992,medium_high
23.935879945429747,24.556616643929065,22.78308321964529,12.640639923591214,7.490329512893982,13.318409742120345,14.8628223495702,12.654727793696274,11.936624669918997,1,0.0,6.9,61.1961857340818,61.68631167,5.37732496149745,49.6377329710663,65.7082040122246,0.0,2.652545536047703,3.5,06073008509,Census Tract 85.09; San Diego County; California,6558,residential_or_mixed,3.1,13.7,46.1,22.2,2758,541,2.37,2.77,2441,113818.0,6.8,3.3,2.7,75.2,15.6,52.0,2198.0,269,621,4.3,193,13,67,29.429704178103083,1.982311680390363,10.21652942970418,False,9,0,Relatively Moderate,Relatively High,Very Low,Relatively Low,Relatively Moderate,No Rating,2,2,0,0,1,San Diego Unified,Unified,PK,12,1.0000000000000009,medium_high
20.893587994542976,19.50886766712142,23.465211459754432,14.13896664334033,6.5269419174247725,11.364940517844646,16.693841847445768,16.777116864940517,12.76137295864806,1,2.1,9.1,87.2677736806257,56.20328141,5.37732496149745,47.8013728013728,46.0121532113256,0.0,2.552243669794166,3.5,06073008510,Census Tract 85.10; San Diego County; California,5814,residential_or_mixed,3.3,11.4,46.1,20.1,2662,413,2.18,2.93,2167,87143.0,7.4,4.2,2.4,67.7,16.8,48.5,1639.0,169,610,1.8,198,16,58,34.05572755417956,2.7519779841761265,9.975920192638458,False,10,0,Relatively High,Relatively Moderate,Very Low,Relatively Low,Relatively Low,No Rating,2,1,0,1,0,San Diego Unified,Unified,PK,12,1.0000000000000002,medium_high
2.414733969986357,3.2742155525238736,0.8185538881309684,14.833333333333334,19.0,20.0,10.0,15.0,15.322564787363294,1,0.0,1.3,99.7240294055476,9.209856068,5.37732496149745,29.0576290576291,96.6572723056616,89.4069660970592,0.1702477203066724,3.5,06073008511,Census Tract 85.11; San Diego County; California,5607,residential_or_mixed,3.6,10.8,34.2,24.3,2679,376,2.04,2.58,2727,140403.0,6.9,7.3,7.0,70.4,18.8,65.8,2923.0,283,535,8.3,1522,72,686,271.4464062778669,12.841091492776886,122.34706616729088,False,90,0,Very High,Very Low,Very Low,Relatively Low,Very High,Relatively Moderate,1,1,0,0,1,San Diego Unified,Unified,PK,12,1.0000000000000009,medium_high
34.160982264665755,32.0600272851296,38.062755798090045,8.207865168539326,5.63920099875156,11.44569288389513,12.571785268414482,3.5093632958801497,2.4893632960492176,1,0.0,3.7,37.0904478944031,86.65758455,5.37732496149745,42.6116592783259,49.1586695682161,59.8408904427241,1.2446661630602538,3.5,06073008512,Census Tract 85.12; San Diego County; California,4137,residential_or_mixed,5.8,20.4,42.7,15.3,1568,442,2.64,3.05,1576,123933.0,8.3,3.4,2.4,65.4,28.2,23.9,3275.0,37,97,0.5,69,5,19,16.678752719361857,1.208605269518975,4.592700024172105,False,2,0,Relatively Low,Very High,Very Low,Relatively Low,Relatively Moderate,Very Low,1,1,0,0,0,San Diego Unified,Unified,PK,12,0.9999999999999988,medium_high
31.398362892223734,27.148703956343788,39.2905866302865,8.464296566393195,6.60711030082042,17.341841385597082,12.41841385597083,1.0,6.9249616481502585,1,0.0,0.9,22.8127862460953,17.71130723,5.37732496149745,13.9389389389389,10.396822565493,46.6233812564661,6.924888517931942,3.5,06073008513,Census Tract 85.13; San Diego County; California,2946,residential_or_mixed,4.7,18.2,39.6,15.7,1163,283,2.53,3.0,1371,138835.0,4.4,0.0,4.1,69.0,27.2,33.4,3455.0,67,149,0.0,49,5,12,16.632722335369994,1.6972165648336728,4.073319755600815,False,4,0,Relatively Low,Very Low,Very Low,Very Low,Very Low,Very Low,4,1,1,1,3,San Diego Unified,Unified,PK,12,0.9999999999999992,medium_high
16.384720327421558,8.458390177353348,31.10504774897681,11.138780487804878,9.262439024390243,6.999512195121952,15.815609756097562,9.469756097560976,5.818565283802099,1,0.0,8.2,57.1623176832562,47.51999052,5.37732496149745,43.4327184327184,17.902798092588,77.0527867955716,2.9092638308654157,3.5,06073008600,Census Tract 86; San Diego County; California,6204,residential_or_mixed,5.9,23.8,37.0,39.6,2255,774,2.75,3.48,1278,66193.0,10.4,7.8,2.9,66.8,20.0,40.4,1883.0,68,311,4.8,247,38,43,39.81302385557705,6.125080593165699,6.931012250161186,False,6,0,Relatively Moderate,Relatively Moderate,Very Low,Relatively Low,Relatively Low,Relatively Low,3,2,1,0,1,San Diego Unified,Unified,PK,12,0.9999999999999998,medium_high
23.9699863574352,22.91950886766713,25.920873124147334,15.08298926507019,13.354252683732453,9.394715111478115,15.645747316267547,18.22873658133774,18.46759919670829,1,0.6,0.9,32.5950630622167,9.209856068,5.37732496149745,16.7667667667668,7.93050551175484,68.0889015732582,7.694765332437334,3.5,06073008701,Census Tract 87.01; San Diego County; California,3169,residential_or_mixed,10.2,27.0,32.7,18.9,1198,434,2.52,3.41,1081,79191.0,10.4,6.0,7.6,75.7,11.2,75.0,2372.0,109,495,8.1,107,7,28,33.76459450930893,2.208898706216472,8.835594824865888,False,12,0,Relatively Low,Very Low,Very Low,Very Low,Very Low,Very Low,5,1,0,4,0,San Diego Unified,Unified,PK,12,1.0000000000000002,medium_high
5.675306957708049,4.9113233287858105,7.094133697135064,11.691275167785236,8.809843400447427,11.197986577181208,13.412751677852349,11.65715883668904,22.099034108480247,1,2.3,7.7,87.0434741761984,60.55025766,5.37732496149745,36.644978311645,69.9344773048886,68.4801350885329,1.9216441681781151,3.5,06073008702,Census Tract 87.02; San Diego County; California,4980,residential_or_mixed,4.3,14.1,39.8,23.2,1668,433,2.59,3.03,1431,118556.0,12.4,4.1,4.3,62.0,25.9,55.9,2481.0,69,440,11.5,479,48,126,96.18473895582328,9.63855421686747,25.30120481927711,False,23,0,Relatively High,Relatively High,Very Low,Relatively Low,Relatively Moderate,Very Low,2,1,0,0,0,San Diego Unified,Unified,PK,12,1.0000000000000004,medium_high
20.47066848567531,17.462482946794,26.05729877216917,13.481329923273655,8.165728900255754,7.923273657289003,16.464961636828644,15.934526854219948,19.500193974720705,1,3.8,12.0,24.512060502149,76.97684061,5.37732496149745,50.1775585108918,31.6958605353597,0.0,0.0,3.5,06073008800,Census Tract 88; San Diego County; California,6061,residential_or_mixed,2.9,15.4,38.9,33.2,2010,477,3.01,3.62,1314,83125.0,19.7,16.4,3.7,67.1,16.0,63.0,2020.0,71,691,6.6,197,19,53,32.5028873123247,3.134796238244514,8.744431611945224,False,11,0,Relatively Low,Relatively High,Very Low,Relatively Low,Relatively Low,No Rating,0,0,0,0,0,San Diego Unified,Unified,PK,12,0.9999999999999988,medium_high
1.7530695770804945,2.182810368349253,0.9549795361528002,11.067977915804004,5.702277432712215,9.061697722567288,10.638509316770186,15.183436853002071,19.93689702215105,1,3.2,2.7,68.0003288160274,9.209856068,5.37732496149745,26.328709662043,69.9713412531364,56.5790256026066,3.9873778403934383,3.5,06073008901,Census Tract 89.01; San Diego County; California,5576,residential_or_mixed,5.1,10.8,36.7,29.4,2573,362,2.17,3.16,2379,81859.0,4.2,0.8,4.0,69.5,16.8,52.8,2673.0,185,698,0.0,1120,89,676,200.86083213773315,15.961262553802008,121.2338593974175,False,10,0,Relatively Moderate,Very Low,Very Low,Relatively Low,Relatively Moderate,Very Low,2,1,0,0,0,San Diego Unified,Unified,PK,12,0.9999999999999994,medium_high
2.769440654843111,2.864938608458389,2.592087312414737,11.004045307443366,15.504045307443366,9.505663430420713,10.993527508090615,9.513754045307444,32.00401817623409,1,3.5,4.3,95.1393945087723,9.209856068,5.37732496149745,12.343295676629,95.0126645499626,76.4189647176341,0.0,3.5,06073008902,Census Tract 89.02; San Diego County; California,3973,residential_or_mixed,5.1,8.8,32.6,23.1,2156,154,1.84,2.55,1981,106897.0,15.6,15.1,1.9,70.4,16.1,63.6,3325.0,182,545,12.4,771,53,198,194.05990435439216,13.340045305814243,49.83639567077776,False,38,0,Relatively High,Very Low,Very Low,Very Low,Relatively High,Relatively Low,0,0,0,0,0,San Diego Unified,Unified,PK,12,1.0000000000000004,medium_high
22.15552523874488,17.189631650750336,31.377899045020463,11.833333333333332,4.491941673062164,7.016116653875671,15.254029163468918,14.491941673062165,12.615158283379134,1,2.5,1.7,23.3224510886159,26.70082331,5.37732496149745,21.7229133895801,16.691044438895,42.1949508282497,4.205043098192199,3.5,06073009000,Census Tract 90; San Diego County; California,3778,residential_or_mixed,6.0,16.0,37.2,26.7,1388,405,2.41,3.02,1428,117161.0,8.2,4.8,3.4,63.1,19.9,47.2,2170.0,50,182,5.8,113,12,26,29.910005293806247,3.1762837480148227,6.881948120698782,False,6,0,Relatively Low,Relatively Low,Very Low,Relatively Low,Relatively Low,Very Low,2,1,0,1,1,San Diego Unified,Unified,PK,12,1.0,medium_high
11.807639836289225,14.051841746248297,7.639836289222379,12.75391253473746,7.781044317683194,15.872751206669593,13.756033347959631,12.67880649407635,17.69987628693281,1,0.5,2.1,79.194165864199,9.209856068,5.37732496149745,29.6248629581963,75.7328196163771,35.1349101589906,1.8631270700757872,3.5,06073009101,Census Tract 91.01; San Diego County; California,5425,residential_or_mixed,6.0,15.4,41.7,14.9,2337,536,2.32,2.63,2799,136356.0,5.0,2.2,0.8,54.0,36.2,40.3,2576.0,34,309,4.4,343,21,134,63.22580645161291,3.870967741935484,24.70046082949309,False,19,0,Relatively Moderate,Very Low,Very Low,Relatively Low,Relatively Moderate,Very Low,2,1,0,1,0,San Diego Unified,Unified,PK,12,1.0000000000000004,medium_high
21.86903137789904,20.054570259208727,25.2387448840382,13.946248004257583,8.589143161255988,14.517828632251195,12.731772219265569,17.553485896753592,21.12886823535816,1,1.0,8.5,21.5797261432229,32.19333057,5.37732496149745,21.3940130606797,6.44048850677226,88.2939126919006,5.282161196588147,3.5,06073009102,Census Tract 91.02; San Diego County; California,4204,residential_or_mixed,3.5,7.3,31.3,38.6,2067,231,2.03,2.5,1616,75764.0,11.5,10.7,2.7,74.3,17.6,83.1,2126.0,248,998,6.2,105,11,38,24.976213130352047,2.616555661274976,9.039010466222646,False,8,0,Relatively Low,Relatively Low,Very Low,Relatively Low,Very Low,Relatively Low,2,0,1,0,0,San Diego Unified,Unified,PK,12,1.0,medium_high
21.7462482946794,24.42019099590723,16.780354706684854,13.12844611528822,8.37218045112782,10.56766917293233,15.785714285714286,14.1296992481203,12.897070247626614,1,5.5,3.9,61.8514691030368,9.209856068,5.37732496149745,19.6160446160446,55.3125706063525,53.2089472369876,1.432999943071002,3.5,06073009103,Census Tract 91.03; San Diego County; California,4011,residential_or_mixed,6.1,22.8,42.3,12.5,1568,442,2.55,3.1,1917,144821.0,1.9,0.0,4.0,63.3,26.1,31.9,2779.0,70,197,7.3,199,8,57,49.61356270256794,1.9945150835203191,14.210919970082276,False,9,0,Relatively Moderate,Very Low,Very Low,Relatively Low,Relatively Moderate,Very Low,1,1,0,0,0,San Diego Unified,Unified,PK,12,0.9999999999999996,medium_high
34.80900409276944,38.19918144611187,28.512960436562075,10.068150013993842,9.86062132661629,13.105793450881611,12.807724601175485,5.913518052057095,7.569362787637925,1,1.0,2.9,67.0667261667097,23.84173429,5.37732496149745,15.6656656656657,74.0168622834243,79.3050551175484,1.5138682564436703,3.5,06073009104,Census Tract 91.04; San Diego County; California,3064,residential_or_mixed,5.2,21.1,41.9,10.3,1127,378,2.72,3.08,1487,134896.0,6.3,3.7,0.5,65.1,22.1,21.7,3113.0,16,54,5.2,51,2,24,16.64490861618799,0.6527415143603134,7.832898172323759,False,5,0,Relatively Moderate,Relatively Low,Very Low,Very Low,Relatively Moderate,Relatively Low,1,1,0,0,0,San Diego Unified,Unified,PK,12,0.9999999999999998,medium_high
20.31377899045021,22.510231923601644,16.234652114597548,15.80355813607265,12.202322465386333,11.380973648950423,19.0,16.619026351049577,25.683701393679087,1,1.6,3.7,73.5714117951006,42.26855417,5.37732496149745,37.7591877591878,83.2423626223348,18.7792087331883,0.0,3.5,06073009107,Census Tract 91.07; San Diego County; California,5266,residential_or_mixed,6.5,10.8,30.3,19.8,2438,317,2.05,2.9,2060,100085.0,22.9,19.8,1.8,64.4,23.5,70.5,2412.0,173,736,8.6,201,12,78,38.16938853019369,2.278769464489176,14.812001519179644,False,8,0,Relatively Moderate,Relatively Moderate,Very Low,Relatively Low,Relatively High,Very Low,0,0,0,0,0,San Diego Unified,Unified,PK,12,1.0000000000000002,medium_high
1.76671214188267,1.9099590723055893,1.500682128240105,,,,,,30.029446475232813,1,0.7,0.9,88.5560279023886,47.00231002,5.37732496149745,12.2753706087039,87.1618327328077,32.8243730155899,0.0,3.5,06073009108,Census Tract 91.08; San Diego County; California,2133,residential_or_mixed,6.3,19.0,41.0,35.3,933,227,2.28,3.0,881,93967.0,6.0,3.3,2.4,53.4,35.3,51.6,1888.0,102,158,6.5,484,35,157,226.91045475855603,16.408813877168306,73.6052508204407,False,18,0,Relatively High,Relatively Moderate,Very Low,Very Low,Relatively High,Very Low,0,0,0,0,0,San Diego Unified,Unified,PK,12,0.9999999999999996,medium_high
39.89085948158254,38.74488403819918,42.01909959072305,,,,,,9.105749063427655,1,1.0,0.0,86.0441083213942,55.5801694,5.37732496149745,30.2195052195052,10.2125028242541,41.8500945381899,0.0,3.5,06073009109,Census Tract 91.09; San Diego County; California,3281,likely_institutional_or_group_quarters,0.0,0.9,19.6,22.9,20,4,2.1,3.5,115,176250.0,19.0,0.0,4.5,20.3,22.8,100.0,2750.0,0,0,41.2,41,2,10,12.496190185918929,0.6095702529716549,3.047851264858275,False,3,0,Relatively High,Relatively Moderate,Very Low,Relatively Low,Very Low,Very Low,0,0,0,0,0,San Diego Unified,Unified,PK,12,1.0000000000000004,medium_high
26.00272851296044,25.2387448840382,27.421555252387453,13.838533927686974,8.443288756810302,7.517087667161961,17.80336800396236,15.732045567112433,16.7215799466187,1,0.8,4.3,36.8743687906616,9.209856068,5.37732496149745,32.1714571714572,14.8204963552258,0.0,3.0402570574379606,3.5,06073009201,Census Tract 92.01; San Diego County; California,6288,residential_or_mixed,13.0,24.8,29.5,29.4,2318,815,2.71,3.15,1314,86111.0,5.7,2.4,3.5,67.0,14.8,77.8,,12,1231,8.8,143,12,52,22.741730279898217,1.9083969465648851,8.26972010178117,False,11,0,Relatively Low,Very Low,Very Low,Relatively Low,Very Low,No Rating,2,1,0,1,1,San Diego Unified,Unified,PK,12,1.0,medium_high
21.139154160982265,28.92223738062756,6.684856753069579,,,,,,0.0,0,1.2,0.0,54.743171195716,9.209856068,5.37732496149745,21.2438629105296,63.3810186341313,0.0,1.6960553959792974,3.5,06073009203,Census Tract 92.03; San Diego County; California,4554,residential_or_mixed,4.5,9.5,34.3,20.1,2495,309,1.83,2.59,2593,131629.0,10.7,2.0,3.5,61.6,34.1,67.1,3352.0,109,698,8.0,214,7,118,46.99165568730786,1.5371102327624069,25.911286780852,False,0,0,Relatively Moderate,Very Low,Very Low,Relatively Low,Relatively Moderate,No Rating,1,1,0,0,0,San Diego Unified,Unified,PK,12,1.0000000000000002,medium_high
29.918144611186907,31.92360163710778,26.193724420191,,,,,,7.561025598273789,1,0.0,1.4,38.5372384151067,35.75667832,5.37732496149745,20.9352209352209,37.7736553577587,47.5104943336544,2.520326448697748,3.5,06073009204,Census Tract 92.04; San Diego County; California,4129,residential_or_mixed,2.8,12.9,43.4,14.9,1375,358,3.0,3.67,1767,151849.0,2.3,0.0,2.9,61.3,32.3,30.1,,21,126,0.0,96,5,36,23.25018164204408,1.210946960523129,8.71881811576653,False,6,0,Relatively Low,Relatively Low,Very Low,Relatively Low,Relatively Low,Very Low,2,2,0,0,1,San Diego Unified,Unified,PK,12,1.0,medium_high
34.95907230559345,34.24283765347885,36.28922237380628,13.21005967604433,11.391815856777493,12.623529411764704,11.125831202046037,16.496675191815857,21.314399748116717,1,1.6,2.4,34.1322779904643,33.11792928,5.37732496149745,27.0222603555937,23.7070862021809,63.3215606530865,3.279105758073409,3.5,06073009301,Census Tract 93.01; San Diego County; California,5084,residential_or_mixed,3.7,20.0,37.4,34.4,1838,541,2.73,3.37,1483,112923.0,10.3,3.5,6.6,57.6,28.7,46.0,2270.0,43,356,5.6,113,5,27,22.226593233674272,0.983477576711251,5.310778914240755,False,13,0,Relatively Low,Relatively Low,Very Low,Relatively Low,Relatively Low,Very Low,2,1,1,0,0,San Diego Unified,Unified,PK,12,1.0000000000000004,medium_high
25.04774897680764,22.37380627557981,30.01364256480218,9.518416206261511,8.646408839779005,7.955801104972376,17.171270718232044,3.0828729281767955,0.0,0,0.7,1.8,48.4252060971886,43.46324705,5.37732496149745,33.4060250726917,67.4146480682102,0.0,1.6488802557502729,3.5,06073009305,Census Tract 93.05; San Diego County; California,6104,residential_or_mixed,10.8,20.6,33.5,26.9,2355,605,2.56,3.03,2510,134102.0,15.9,9.6,8.4,71.1,14.9,58.7,3278.0,213,583,3.3,118,14,45,19.33158584534732,2.293577981651376,7.37221494102228,False,0,0,Relatively Low,Relatively Moderate,Very Low,Relatively Low,Relatively Moderate,No Rating,1,1,0,0,0,San Diego Unified,Unified,PK,12,1.0000000000000002,medium_high
23.11732605729877,21.828103683492493,25.51159618008185,13.084595413241022,12.363911726525314,10.864560796192125,13.674599740372134,13.96495023799221,6.370040611806848,1,1.3,1.2,54.5670197524485,28.77272997,5.37732496149745,36.3470613470613,51.9068174521066,81.0650113564744,0.9099972698689058,3.5,06073009306,Census Tract 93.06; San Diego County; California,5589,residential_or_mixed,8.0,21.7,35.1,19.4,2201,736,2.53,2.81,2470,155329.0,3.7,0.0,4.8,62.3,24.9,52.1,3023.0,121,328,2.9,144,14,50,25.76489533011272,2.504920379316515,8.946144211844695,False,7,0,Relatively Moderate,Relatively Low,Very Low,Relatively Low,Relatively Moderate,Relatively Low,1,1,0,0,0,San Diego Unified,Unified,PK,12,0.9999999999999996,medium_high
1.0777626193724454,1.3642564802182844,0.545702592087316,,,,,,19.59029336159177,1,2.1,3.3,97.411748126923,9.209856068,5.37732496149745,25.4599837933171,98.0129142734829,71.312713305507,0.5597221252602077,3.5,06073009307,Census Tract 93.07; San Diego County; California,4846,residential_or_mixed,0.4,6.2,30.7,28.5,2711,305,1.79,2.4,2422,121642.0,9.6,11.7,0.0,64.4,21.4,84.8,2840.0,171,795,10.3,1417,109,715,292.40610813041684,22.492777548493603,147.54436648782502,False,35,0,Very High,Very Low,Very Low,Relatively Low,Very High,Relatively Low,1,0,0,0,1,San Diego Unified,Unified,PK,12,0.9999999999999996,medium_high
5.136425648021827,6.139154160982264,3.2742155525238736,,,,,,19.515731716096877,1,2.2,11.9,87.6717476571858,9.209856068,5.37732496149745,22.2424805758139,91.1253017492538,0.0,0.0,3.5,06073009308,Census Tract 93.08; San Diego County; California,4200,residential_or_mixed,1.9,3.9,36.5,29.7,2185,114,1.92,2.48,1351,86139.0,3.8,2.3,4.7,64.6,23.6,77.6,2868.0,180,897,8.8,519,35,180,123.57142857142856,8.333333333333334,42.85714285714285,False,7,0,Relatively High,Very Low,Very Low,Relatively Low,Relatively High,No Rating,0,0,0,0,0,San Diego Unified,Unified,PK,12,1.0000000000000002,medium_high
37.27830832196453,35.60709413369714,40.38199181446112,11.833333333333332,20.0,17.0,4.0,13.0,0.4148827617262925,1,2.3,0.0,40.170749465674,9.209856068,5.37732496149745,40.6751990085323,10.9283769160334,96.7298110425362,0.0,3.5,06073009400,Census Tract 94; San Diego County; California,4394,residential_or_mixed,7.2,22.6,21.4,31.2,515,396,3.97,4.07,396,89893.0,9.2,10.4,0.8,35.2,8.2,100.0,,54,370,9.2,54,4,16,12.289485662266728,0.9103322712790168,3.6413290851160673,False,10,1,Relatively Low,Very Low,Very Low,Relatively Low,Very Low,Relatively High,0,0,0,0,0,San Diego Unified,Unified,PK,12,0.9999999999999988,medium_high
28.24693042291951,29.05866302864939,26.739427012278306,12.822950819672132,11.038032786885246,9.20065573770492,13.512131147540984,14.837377049180327,5.372204252441377,1,0.0,1.5,28.9381590999836,54.72842504,5.37732496149745,28.309261642595,35.4904688856385,96.047233420142,1.5348848896339524,3.5,06073009502,Census Tract 95.02; San Diego County; California,3918,residential_or_mixed,9.1,21.7,39.7,18.5,1552,458,2.52,3.0,1981,141786.0,3.3,1.8,4.5,63.9,29.0,32.7,2601.0,26,187,4.1,91,6,34,23.22613578356304,1.531393568147014,8.677896886166412,False,7,0,Relatively Low,Relatively Moderate,Very Low,Relatively Low,Relatively Low,Relatively Moderate,2,1,0,1,0,San Diego Unified,Unified,PK,12,1.0,medium_high
36.50068212824011,33.0150068212824,42.97407912687585,5.54375,8.60625,13.86875,4.39375,1.0,0.043845019989533,1,0.3,0.0,98.3453507762407,9.209856068,5.37732496149745,67.672434339101,80.6821019585459,99.8204368972447,0.0438433543927107,5.0,06073009504,Census Tract 95.04; San Diego County; California,6428,residential_or_mixed,5.4,25.3,50.3,15.6,2356,831,2.72,3.12,3532,,3.2,4.0,1.4,60.4,34.7,21.4,,0,244,10.0,70,7,18,10.889856876166771,1.0889856876166772,2.8002489110143127,False,1,1,Very High,Very Low,Very Low,Relatively Moderate,Relatively High,Very High,1,0,1,0,0,Poway Unified,Unified,PK,12,0.4054747639082974,high
40.129604365620736,40.65484311050478,39.15416098226466,7.436484121030257,3.8578394598649663,11.078394598649664,13.841335333833458,1.0,0.2953816214832541,1,0.0,0.8,77.4267797167485,50.81975952,5.37732496149745,47.9014729014729,75.3380186222397,98.926188862331,0.4430630974695359,3.5,06073009505,Census Tract 95.05; San Diego County; California,6286,residential_or_mixed,3.5,16.0,46.8,10.9,2809,606,2.24,2.63,2915,121960.0,1.9,1.7,3.7,71.6,21.6,30.7,3005.0,156,354,3.1,78,3,26,12.408526885141583,0.4772510340439071,4.136175628380528,False,2,0,Relatively Moderate,Relatively Moderate,Very Low,Relatively Low,Relatively Moderate,Relatively High,3,2,1,0,0,San Diego Unified,Unified,PK,12,0.7940197118066544,medium_high
29.863574351978176,37.78990450204639,15.143246930422915,10.03623188405797,2.5996376811594204,13.59963768115942,14.603260869565217,7.405797101449275,15.295699895050657,1,1.2,1.6,25.1191958099443,19.79150625,5.37732496149745,24.8891748891749,31.5579180193357,88.7053619207306,0.0,3.5,06073009506,Census Tract 95.06; San Diego County; California,4366,residential_or_mixed,7.5,24.9,40.0,16.8,1586,561,2.74,3.19,2021,160956.0,6.4,5.0,4.3,57.4,32.6,25.0,3200.0,59,97,1.3,115,3,70,26.339899221255152,0.6871278057718735,16.03298213467705,False,9,0,Relatively Low,Very Low,Very Low,Relatively Low,Relatively Low,Relatively Moderate,0,0,0,0,0,San Diego Unified,Unified,PK,12,1.0000000000000009,medium_high
33.847203274215545,31.650750341064114,37.92633015006821,5.01011208576998,4.079678362573099,7.858187134502924,8.06140350877193,1.0,0.0,0,0.3,1.1,50.5554642177702,24.82971036,5.37732496149745,24.7199580532914,61.1239936736708,97.1614759849215,0.0,3.5,06073009507,Census Tract 95.07; San Diego County; California,4056,residential_or_mixed,8.9,25.8,36.8,19.8,1503,611,2.69,3.11,1764,117330.0,5.4,3.4,2.0,66.9,24.6,42.2,2789.0,38,432,7.3,76,5,19,18.737672583826427,1.232741617357002,4.684418145956607,False,0,0,Relatively Low,Relatively Low,Very Low,Relatively Low,Relatively Moderate,Relatively High,0,0,0,0,0,San Diego Unified,Unified,PK,12,1.0000000000000009,medium_high
11.732605729877218,13.642564802182813,8.185538881309684,9.657768651608489,17.324435318275153,17.973305954825463,10.324435318275151,1.0,1.523363060284451,1,0.7,4.6,44.642647438758,9.209856068,5.37732496149745,28.0435197101864,47.6531934881619,94.1029574399772,0.5077819661927722,3.5,06073009509,Census Tract 95.09; San Diego County; California,5731,residential_or_mixed,10.7,19.8,30.4,28.1,2521,582,2.26,2.88,2183,148568.0,5.9,8.7,3.5,77.0,10.8,80.2,3215.0,75,809,9.0,326,23,133,56.883615424882215,4.013261210957948,23.207119176409005,False,3,0,Relatively Low,Very Low,Very Low,Relatively Low,Relatively Low,Relatively Moderate,1,0,1,0,0,San Diego Unified,Unified,PK,12,0.9999999999999982,medium_high
32.21691678035471,27.012278308321967,41.88267394270123,12.236517719568567,8.258859784283514,5.400616332819722,14.349768875192604,15.53004622496148,14.12784504413272,1,2.0,3.9,4.73025342320971,9.209856068,5.37732496149745,25.1215501215501,3.70423221909077,76.2239425398071,1.5697371896339334,3.5,06073009510,Census Tract 95.10; San Diego County; California,4109,residential_or_mixed,19.0,46.9,23.3,26.2,1168,878,3.52,4.02,469,60497.0,12.7,12.4,1.9,90.7,2.8,97.9,,58,913,21.3,57,7,13,13.871988318325627,1.7035775127768311,3.163786809442687,False,9,0,Very Low,Very Low,Very Low,Relatively Low,Very Low,Relatively Low,1,1,0,0,0,San Diego Unified,Unified,PK,12,0.9999999999999996,medium_high
30.19099590723056,23.601637107776263,42.42837653478853,11.700676818950928,10.457868020304568,4.728934010152284,14.508629441624365,13.0,1.6859953666009202,1,0.4,0.7,2.8207717781901,9.209856068,5.37732496149745,19.6112779446113,2.36761680520376,71.7729180787937,1.68597763022136,3.5,06073009511,Census Tract 95.11; San Diego County; California,4222,residential_or_mixed,16.6,49.7,18.1,24.4,971,891,4.35,4.36,618,78102.0,10.2,9.1,1.1,89.0,3.9,98.4,,12,797,14.1,67,9,12,15.86925627664614,2.131691141639034,2.8422548555187115,False,1,0,Very Low,Very Low,Very Low,Relatively Low,Very Low,Relatively Low,1,1,0,0,0,San Diego Unified,Unified,PK,12,0.9999999999999996,medium_high
28.98362892223738,26.739427012278306,33.15143246930423,11.946262626262628,10.395757575757576,12.628484848484849,13.514545454545454,10.812121212121212,9.377133180884517,1,1.2,0.8,68.8411583718909,34.28063733,5.37732496149745,25.9199675866343,85.4827393481027,0.0,1.3395783233438527,3.5,06073009602,Census Tract 96.02; San Diego County; California,4016,residential_or_mixed,3.0,21.2,39.8,17.2,1657,485,2.42,3.11,1715,141442.0,2.7,3.2,1.2,64.9,22.4,24.8,2207.0,83,55,5.0,93,7,26,23.157370517928285,1.7430278884462151,6.474103585657371,False,7,0,Relatively Moderate,Relatively Low,Very Low,Relatively Low,Relatively High,No Rating,1,0,1,0,0,San Diego Unified,Unified,PK,12,0.9999999999999998,medium_high
4.597544338335605,4.502046384720327,4.774897680763979,13.77828971618135,11.01400663472171,10.39808330261703,14.460375967563582,16.168448212311095,20.951279424204973,1,5.5,11.0,88.3129389106795,32.01208316,5.37732496149745,38.0285046951714,96.3480908042286,31.303437860464,0.0,3.5,06073009603,Census Tract 96.03; San Diego County; California,6548,residential_or_mixed,3.1,13.7,34.7,30.3,3549,509,1.82,2.74,2297,57430.0,21.0,23.8,4.7,68.9,14.5,66.4,2137.0,135,1307,7.5,669,66,235,102.16860109957238,10.079413561392792,35.88882101405009,False,14,0,Relatively High,Relatively Low,Very Low,Relatively Low,Very High,Very Low,0,0,0,0,0,San Diego Unified,Unified,PK,12,1.0000000000000009,medium_high
6.903137789904503,7.094133697135064,6.548431105047747,13.723634336677812,13.33846153846154,11.242809364548496,14.007357859531773,14.872909698996656,29.753571544293823,1,0.9,6.1,77.9164807290321,49.13581709,5.37732496149745,25.2049668716335,90.6234763892357,18.8374775546122,2.833659014821973,3.5,06073009604,Census Tract 96.04; San Diego County; California,3532,residential_or_mixed,3.9,12.6,41.6,21.8,1545,285,2.26,2.88,1406,92049.0,8.1,5.0,4.3,66.2,23.7,41.9,2238.0,36,255,10.2,273,26,92,77.29331823329558,7.361268403171008,26.0475651189128,False,21,0,Relatively Moderate,Relatively Moderate,Very Low,Relatively Low,Relatively High,Very Low,2,1,1,0,1,San Diego Unified,Unified,PK,12,1.0000000000000004,medium_high
39.53615279672579,39.15416098226466,40.245566166439296,14.289092295957284,9.61022120518688,15.166285278413424,13.745232646834475,16.733790999237222,12.51483213320344,1,2.4,2.7,12.0475843765413,20.33939466,5.37732496149745,23.3495400162067,13.8204131140523,67.9378783014044,1.5643415204389917,3.5,06073009703,Census Tract 97.03; San Diego County; California,3565,residential_or_mixed,8.3,21.5,42.0,21.1,1241,409,2.86,3.24,1385,149583.0,3.8,1.0,2.8,66.5,24.5,14.3,2748.0,9,49,5.4,49,2,13,13.744740532959328,0.5610098176718092,3.64656381486676,False,8,0,Very Low,Relatively Low,Very Low,Relatively Low,Very Low,Very Low,1,1,0,0,0,San Diego Unified,Unified,PK,12,0.9999999999999992,medium_high
37.353342428376536,36.01637107776262,39.83628922237381,8.28831769345845,4.1546307629538966,11.875560995512036,11.619747042023665,5.230110159118727,2.479743512076659,1,0.0,2.7,49.8062334124058,19.79150625,5.37732496149745,52.8230611563945,63.0337840248297,88.8873033427277,0.8265715479945493,3.5,06073009704,Census Tract 97.04; San Diego County; California,6731,residential_or_mixed,6.8,23.6,40.0,17.5,2823,847,2.38,2.95,3062,128491.0,5.6,1.9,5.8,68.5,22.2,28.1,2667.0,145,423,1.8,75,6,26,11.14247511513891,0.8913980092111127,3.862724706581489,False,3,0,Relatively Low,Very Low,Very Low,Relatively Low,Relatively Moderate,Relatively Moderate,1,1,0,0,0,San Diego Unified,Unified,PK,12,0.9999999999999996,medium_high
29.69986357435198,28.649386084583902,31.650750341064114,8.802813852813852,5.352597402597403,15.78116883116883,11.958441558441558,3.883116883116883,3.217696342366206,1,0.0,1.8,68.9468492378514,9.209856068,5.37732496149745,23.1588731588732,83.4825728657558,72.6707335925701,1.0725604952862813,3.5,06073009705,Census Tract 97.05; San Diego County; California,3868,residential_or_mixed,3.0,22.5,35.9,19.0,1402,515,2.76,3.17,1836,147083.0,3.4,2.4,1.9,72.5,22.8,22.8,2490.0,10,93,0.6,93,6,26,24.04343329886246,1.5511892450879006,6.72182006204757,False,3,0,Relatively Moderate,Very Low,Very Low,Relatively Low,Relatively High,Relatively Low,1,1,0,0,0,San Diego Unified,Unified,PK,12,1.0000000000000004,medium_high
36.193724420191,36.28922237380628,36.01637107776262,9.934842005226892,6.573057733428368,13.404490377761938,12.174625801853171,7.641126158232359,4.038868533127741,1,2.0,2.8,79.325692275172,23.68714091,5.37732496149745,59.682301348968,86.2723413363776,89.5651243266384,0.807768708693676,3.5,06073009706,Census Tract 97.06; San Diego County; California,7127,residential_or_mixed,6.2,26.8,42.1,19.7,2570,941,2.77,3.38,3553,154217.0,6.9,2.6,5.1,58.1,30.9,17.9,,23,174,5.9,99,6,38,13.890837659604324,0.8418689490669287,5.3318366774238815,False,10,0,Relatively Moderate,Relatively Low,Very Low,Relatively Moderate,Relatively High,Relatively Moderate,2,1,0,1,0,San Diego Unified,Unified,PK,12,0.999482075259746,medium_high
45.095497953615286,46.38472032742156,42.7012278308322,13.423095125414104,10.335541883577852,10.650733554188358,14.7089446284903,15.067203028868908,12.3817340610967,1,0.7,3.8,37.2348920778824,43.78487236,5.37732496149745,66.3663663663664,51.6344998989214,88.0525132888588,2.4763247050093624,3.5,06073009801,Census Tract 98.01; San Diego County; California,5311,residential_or_mixed,6.4,17.7,45.0,17.3,2126,492,2.47,2.92,2562,138866.0,2.2,0.0,0.3,57.5,37.1,33.2,2431.0,38,244,6.4,50,1,15,9.414422895876482,0.1882884579175296,2.824326868762945,False,10,0,Relatively Low,Relatively Moderate,Very Low,Relatively Moderate,Relatively Moderate,Relatively Low,2,1,1,0,0,San Diego Unified,Unified,PK,12,0.9996993935825956,medium_high
26.65757162346521,25.51159618008185,28.78581173260573,13.22445384073291,6.097251585623678,11.37970401691332,14.174207188160675,16.760676532769555,16.947613082029996,1,0.0,6.2,31.4007562768631,40.40987976,5.37732496149745,72.6190476190476,44.2010631087011,0.0,0.0,3.5,06073009802,Census Tract 98.02; San Diego County; California,6914,residential_or_mixed,4.0,22.2,38.6,24.8,2444,795,2.82,3.49,2335,105000.0,13.7,8.9,9.1,63.4,28.0,46.0,2315.0,113,483,2.7,162,13,53,23.430720277697425,1.8802429852473244,7.665606016777552,False,13,0,Relatively Low,Relatively Moderate,Very Low,Relatively Moderate,Relatively Low,No Rating,0,0,0,0,0,San Diego Unified,Unified,PK,12,0.9855510816317644,medium_high
34.90450204638472,33.42428376534789,37.65347885402456,10.12785016286645,6.99185667752443,14.420195439739414,14.379478827361565,5.298045602605863,1.3679887717807713,1,0.0,6.2,32.6373394086009,9.209856068,5.37732496149745,57.0749320749321,34.4915748040859,92.0754402863496,1.367972023202222,3.5,06073009804,Census Tract 98.04; San Diego County; California,5636,residential_or_mixed,5.6,24.3,42.8,13.8,1927,672,2.91,3.55,2062,131504.0,1.4,0.8,1.3,67.5,27.1,16.2,3278.0,0,102,0.7,80,6,27,14.194464158977995,1.06458481192335,4.790631653655074,False,1,0,Relatively Low,Very Low,Very Low,Relatively Moderate,Relatively Low,Relatively Moderate,1,1,0,0,0,San Diego Unified,Unified,PK,12,0.959973149509149,medium_high
36.84174624829468,37.65347885402456,35.33424283765348,6.719877986781901,4.571428571428571,12.153533299440772,10.797153024911031,1.0,0.0,0,0.9,3.2,43.2240411489772,9.209856068,5.37732496149745,55.4792888126221,36.3228806202657,96.9426706146766,0.0,3.5,06073009805,Census Tract 98.05; San Diego County; California,4356,residential_or_mixed,6.2,20.3,47.4,15.9,1863,447,2.33,3.21,1662,102202.0,5.0,1.7,1.5,64.0,26.6,26.5,1821.0,78,189,1.8,64,3,25,14.692378328741963,0.6887052341597797,5.739210284664829,False,0,0,Relatively Low,Very Low,Very Low,Relatively Low,Relatively Low,Relatively High,0,0,0,0,0,San Diego Unified,Unified,PK,12,0.9999997710148518,medium_high
39.59754433833561,36.97135061391542,44.47476125511596,10.166666666666668,11.0,4.0,10.0,13.0,6.381219356734002,1,1.0,0.0,3.88590083848087,9.209856068,5.37732496149745,3.43796177129511,0.669496866564399,77.8423887838465,0.0,3.5,06073009901,Census Tract 99.01; San Diego County; California,1310,likely_institutional_or_group_quarters,0.0,0.0,28.6,27.1,9,0,1.44,1.8,444,,0.0,0.0,0.0,59.0,0.5,55.6,,0,0,0.0,9,1,2,6.870229007633587,0.7633587786259541,1.5267175572519085,False,18,0,Very Low,Very Low,Very Low,Very Low,Very Low,Relatively Low,0,0,0,0,0,San Diego Unified,Unified,PK,12,0.7562976320381123,medium_high
,,,7.333333333333333,1.0,1.0,20.0,1.0,0.0,0,,,0.278319280362637,84.71243262,5.37732496149745,1.50745984079317,0.158158229579156,0.0,0.0,3.5,06073009902,Census Tract 99.02; San Diego County; California,0,likely_non_residential,,,,,0,0,,,0,,,,,,,,,0,0,,0,0,0,,,,True,0,0,Very Low,Very High,Very Low,Very Low,Very Low,No Rating,0,0,0,0,0,San Diego Unified,Unified,PK,12,0.026306196133037,medium_high
19.072305593451567,15.825375170532062,25.102319236016367,13.317708333333332,12.008928571428571,11.709821428571429,10.691964285714286,17.401785714285715,11.080060425868076,1,1.6,4.2,15.7138830824154,47.50518273,5.37732496149745,28.2639782639783,31.6149976811387,69.0913631336734,3.693623147350176,2.0,06073010001,Census Tract 100.01; San Diego County; California,3869,residential_or_mixed,6.5,21.9,39.8,68.7,1019,393,3.8,4.23,532,110060.0,3.9,4.1,0.7,52.1,8.9,27.3,2514.0,0,116,10.4,150,13,35,38.769707934866894,3.3600413543551304,9.046265184802271,False,9,0,Very Low,Relatively Moderate,Very Low,Relatively Low,Relatively Low,Relatively Low,3,1,0,2,0,Sweetwater Union High,High,KG,12,1.0,lower
19.85675306957708,15.41609822646658,28.10368349249659,11.582568807339449,4.969200524246396,5.161861074705112,13.946264744429882,15.735910878112714,10.128879944093422,1,5.0,6.7,26.676374568429,66.36735177,5.37732496149745,44.8555698555699,32.7649150345451,0.0,2.025931329978133,2.0,06073010003,Census Tract 100.03; San Diego County; California,4876,residential_or_mixed,2.9,13.7,45.4,60.1,1534,338,3.15,3.51,735,105455.0,7.6,6.6,2.0,70.7,15.1,8.3,2042.0,0,86,2.5,133,17,39,27.27645611156686,3.4864643150123054,7.998359310910582,False,5,0,Relatively Low,Relatively High,Very Low,Relatively Low,Relatively Low,No Rating,1,1,0,0,0,Sweetwater Union High,High,KG,12,0.9999999999999998,lower
28.472032742155527,29.331514324693043,26.875852660300136,12.34468339307049,7.931899641577061,11.03405017921147,12.03405017921147,15.517025089605736,11.01093670060488,1,0.8,4.6,12.6312328252343,63.4958242,5.37732496149745,35.9228275894943,17.2868134089639,0.0,1.835303596971568,2.0,06073010004,Census Tract 100.04; San Diego County; California,4665,residential_or_mixed,3.1,24.4,43.4,80.3,1096,334,4.22,4.71,584,103500.0,9.1,11.4,4.0,75.9,4.8,17.3,2401.0,0,73,0.0,117,7,40,25.080385852090032,1.5005359056806002,8.57449088960343,False,6,0,Very Low,Relatively High,Very Low,Relatively Low,Relatively Low,No Rating,1,1,0,0,0,Sweetwater Union High,High,KG,12,1.0000000000000009,lower
14.106412005457024,14.870395634379264,12.68758526603001,10.704823100111058,10.047596382674916,10.53641123274631,10.656830080913853,11.16563541170871,6.8816610016848045,1,4.4,14.8,34.7464593559903,88.5636439,5.37732496149745,59.5702845702846,46.8921313307885,0.0,3.441117365696677,2.0,06073010005,Census Tract 100.05; San Diego County; California,6487,residential_or_mixed,7.4,19.0,45.5,92.4,2268,575,2.83,3.79,252,34148.0,23.0,20.6,9.9,78.3,4.3,71.0,1488.0,223,792,0.8,302,23,116,46.55464775705256,3.545552643749037,17.881917681516878,False,4,0,Relatively Low,Very High,Very Low,Relatively Moderate,Relatively Low,No Rating,2,2,0,0,0,Sweetwater Union High,High,KG,12,0.9999999999999996,lower
3.8199181446111847,5.729877216916779,0.2728512960436524,13.767332549941246,11.367802585193887,15.623971797884842,12.445945945945946,15.360164512338423,7.701249444625993,1,3.8,7.1,69.1911125725157,61.04839187,5.37732496149745,47.3473473473473,90.5759100043999,77.9351432342763,0.6418304964651735,2.0,06073010009,Census Tract 100.09; San Diego County; California,5298,residential_or_mixed,6.1,22.3,37.4,93.5,1441,652,3.68,4.07,434,73918.0,11.5,10.4,9.3,72.4,8.2,65.0,1691.0,144,454,6.2,1204,46,842,227.25556813892035,8.682521706304266,158.9278973197433,False,12,0,Relatively Moderate,Relatively High,Very Low,Relatively Low,Relatively High,Relatively Low,1,1,0,0,0,Sweetwater Union High,High,KG,12,0.9999917796046398,lower
18.21282401091405,17.735334242837652,19.099590723055936,14.02656434474616,7.881345926800472,14.3642266824085,14.56021251475797,16.39669421487603,19.92375786333315,1,2.6,9.3,12.6265354534138,95.53752295,5.37732496149745,53.9563372896706,36.2396394468029,42.3447849404826,2.213921038461451,2.0,06073010010,Census Tract 100.10; San Diego County; California,4710,residential_or_mixed,2.1,20.5,48.6,77.6,1582,476,2.98,3.26,561,63485.0,15.3,11.6,8.3,79.5,7.3,38.1,1840.0,96,339,2.7,206,14,60,43.73673036093418,2.9723991507431,12.738853503184714,False,9,0,Very Low,Very High,Very Low,Relatively Low,Relatively Low,Very Low,1,1,0,0,0,Sweetwater Union High,High,KG,12,0.9999999999999998,lower
30.27967257844475,26.603001364256485,37.10777626193724,12.902836879432623,6.97872340425532,12.438297872340426,13.187234042553191,15.812765957446809,23.409768622135857,1,2.7,3.5,10.0465039810226,9.209856068,5.37732496149745,18.1538681538682,8.17903987252209,0.0,5.852888939335186,2.0,06073010011,Census Tract 100.11; San Diego County; California,4006,residential_or_mixed,4.5,23.5,43.2,77.7,1060,502,3.75,3.96,371,114167.0,6.0,4.0,2.5,79.4,4.8,19.5,2566.0,41,75,0.0,77,7,20,19.22116824762856,1.747378931602596,4.992511233150275,False,8,0,Very Low,Very Low,Very Low,Relatively Low,Very Low,No Rating,2,1,1,0,0,Sweetwater Union High,High,KG,12,1.000000000000001,lower
32.91950886766712,36.83492496589359,25.648021828103683,13.39672418104526,6.69092273068267,7.40285071267817,16.452363090772693,16.690922730682672,28.794008270458438,1,0.0,13.7,4.69972050637668,76.36675946,5.37732496149745,39.986414986415,17.399783572949,0.0,0.0,2.0,06073010012,Census Tract 100.12; San Diego County; California,5032,residential_or_mixed,5.5,27.9,32.7,96.6,1297,690,3.86,4.18,443,101771.0,8.0,5.4,9.6,81.4,4.0,59.9,1827.0,90,291,2.6,94,4,45,18.68044515103339,0.794912559618442,8.942766295707472,False,7,0,Very Low,Relatively High,Very Low,Relatively Low,Relatively Low,No Rating,0,0,0,0,0,Sweetwater Union High,High,KG,12,1.0,lower
8.744884038199181,7.5034106412005475,11.050477489768074,16.282924613987284,11.174386920980927,17.26158038147139,18.174386920980925,16.45640326975477,69.32765134401798,1,13.3,9.9,13.7903093219344,26.31522834,5.37732496149745,34.9349349349349,10.3135813920303,0.0,2.888905101096286,2.0,06073010013,Census Tract 100.13; San Diego County; California,5259,residential_or_mixed,8.4,29.0,30.5,95.1,1582,778,3.32,3.67,241,73699.0,10.8,7.3,5.3,64.5,2.4,75.2,1708.0,112,557,11.4,332,37,102,63.12987259935349,7.035558090891804,19.39532230462065,False,24,0,Very Low,Relatively Low,Very Low,Relatively Low,Very Low,No Rating,1,1,0,0,0,San Ysidro Elementary,Elementary,PK,8,1.0000000000000002,lower
2.619372442019098,3.9563437926330094,0.1364256480218317,6.5,16.0,11.0,5.0,1.0,3.96532828489895,1,0.6,3.6,92.4137445099467,9.209856068,5.37732496149745,31.020306020306,64.1670531435435,98.5290095489517,0.1279248835367807,2.0,06073010015,Census Tract 100.15; San Diego County; California,5159,residential_or_mixed,6.0,21.7,36.2,68.9,1428,607,3.31,3.81,1130,131029.0,5.8,4.6,6.3,77.3,8.9,21.2,1937.0,24,130,8.7,1541,61,899,298.7012987012987,11.823996898623763,174.25857724365187,False,62,1,Relatively High,Very Low,Very Low,Relatively Low,Relatively Moderate,Relatively High,2,0,1,1,0,Sweetwater Union High,High,KG,12,0.999811673417653,lower
23.75170532060028,28.24010914051842,15.41609822646658,,,,,,0.9459661260207268,1,,,37.3464546586185,53.2393532,5.37732496149745,36.0920444253778,4.37967488375965,98.0212383908292,0.0,2.0,06073010016,Census Tract 100.16; San Diego County; California,3170,likely_institutional_or_group_quarters,0.0,0.0,42.6,43.8,0,0,,,87,,,,0.0,,,,,0,0,,93,5,49,29.33753943217665,1.5772870662460567,15.457413249211356,False,7,0,Relatively Low,Relatively Moderate,Very Low,Relatively Low,Very Low,Relatively High,0,0,0,0,0,Sweetwater Union High,High,KG,12,0.9999999999999992,lower
15.914051841746248,19.781718963165076,8.731241473397,,,,,,8.072814719479842,1,1.9,2.1,27.3387039951147,9.209856068,5.37732496149745,30.4626054626055,21.9744806345356,91.0170882237523,1.7940998715327563,2.0,06073010017,Census Tract 100.17; San Diego County; California,6562,residential_or_mixed,3.6,24.0,33.0,55.4,1820,826,3.6,3.74,1232,112388.0,6.1,6.5,5.2,75.6,5.8,29.6,3018.0,54,286,6.3,299,18,149,45.565376409631206,2.7430661383724475,22.706491923194147,False,9,0,Relatively Low,Very Low,Very Low,Relatively Low,Relatively Low,Relatively Moderate,2,1,1,0,0,Sweetwater Union High,High,KG,12,1.0000000000000002,lower
25.54570259208731,29.604365620736694,18.008185538881307,,,,,,0.7575526251485774,1,4.3,2.3,37.7739154942809,17.89255464,5.37732496149745,35.6010772677439,37.0970235334689,94.1172273554279,0.0,2.0,06073010018,Census Tract 100.18; San Diego County; California,6819,residential_or_mixed,7.9,25.9,28.8,60.8,2166,1114,3.15,3.39,1630,133875.0,2.7,2.2,3.6,83.9,4.1,45.2,2434.0,80,524,0.0,211,10,90,30.9429535122452,1.4664906877841326,13.198416190057191,False,1,0,Relatively Low,Very Low,Very Low,Relatively Low,Relatively Low,Relatively Moderate,0,0,0,0,0,Sweetwater Union High,High,KG,12,1.0000000000000009,lower
30.85948158253752,33.15143246930423,26.603001364256485,,,,,,0.8515636291915052,1,0.9,0.0,26.6787232543392,21.55007996,5.37732496149745,22.3366223366223,39.9474391447564,92.5451583366035,0.0,2.0,06073010019,Census Tract 100.19; San Diego County; California,3683,residential_or_mixed,7.0,25.8,39.5,53.8,1052,493,3.49,3.9,1200,130779.0,2.4,2.2,5.6,62.1,13.5,51.0,3313.0,119,244,3.8,115,4,32,31.224545207711103,1.086071137659517,8.688569101276133,False,1,0,Relatively Low,Relatively Low,Very Low,Relatively Low,Relatively Low,Relatively Moderate,0,0,0,0,0,Sweetwater Union High,High,KG,12,1.0000000000000009,lower
12.70804911323329,14.188267394270127,9.959072305593452,14.891198891198892,12.133056133056131,13.317047817047817,15.722453222453222,16.226091476091476,4.578383587184646,1,8.0,4.1,66.7414331681424,84.54776995,5.37732496149745,53.7191953858621,85.878729501861,74.7267905770992,0.0,2.0,06073010103,Census Tract 101.03; San Diego County; California,6497,residential_or_mixed,7.7,20.5,35.6,76.4,2186,738,2.96,3.43,550,66222.0,23.0,18.5,5.6,68.3,3.0,58.9,1936.0,152,642,5.1,414,25,134,63.72171771586886,3.847929813760197,20.62490380175465,False,12,0,Relatively Moderate,Very High,Very Low,Relatively Low,Relatively High,Relatively Low,0,0,0,0,0,Sweetwater Union High,High,KG,12,0.4438952055855242,lower
19.542974079126875,16.916780354706685,24.42019099590723,12.36248785228377,7.131195335276968,7.912536443148688,12.60932944606414,16.956268221574344,17.65520361125178,1,3.9,0.4,44.5933250346431,28.73541432,5.37732496149745,19.7614280947614,55.5420784131854,83.0889610312392,1.6051500441338722,2.0,06073010104,Census Tract 101.04; San Diego County; California,3107,residential_or_mixed,3.4,17.9,39.7,48.1,1121,369,2.76,3.13,477,111573.0,4.9,2.7,4.6,71.9,11.2,40.4,2622.0,31,105,7.7,105,10,29,33.794657225619574,3.21853878339234,9.333762471837789,False,11,0,Relatively Low,Relatively Low,Very Low,Relatively Low,Relatively Moderate,Relatively Low,1,0,1,0,0,South Bay Union,Elementary,PK,8,1.0,lower
8.867667121418826,6.957708049113231,12.414733969986358,15.552197802197805,10.77960927960928,15.5006105006105,17.147741147741147,16.368742368742367,56.14745682239023,1,8.1,12.2,29.7919064283533,71.59746491,5.37732496149745,43.003718003718,48.9921872212907,43.6064832982531,3.8725480856594254,2.0,06073010106,Census Tract 101.06; San Diego County; California,4605,residential_or_mixed,3.3,21.3,36.8,75.6,1326,447,3.45,3.97,541,68000.0,23.7,20.9,3.9,78.3,6.9,48.3,1581.0,84,352,5.4,313,34,83,67.96959826275787,7.38327904451683,18.023887079261677,False,29,0,Relatively Low,Relatively High,Very Low,Relatively Low,Relatively Moderate,Very Low,2,0,1,1,0,South Bay Union,Elementary,PK,8,1.000000000000001,lower
11.214188267394269,7.7762619372442,17.59890859481582,14.175936329588014,10.376404494382022,13.890449438202246,13.3061797752809,17.08820224719101,24.49114098321041,1,3.1,2.1,37.3088756840548,9.209856068,5.37732496149745,34.2390009056676,29.0583044962125,44.5173795678594,1.113316534690281,2.0,06073010107,Census Tract 101.07; San Diego County; California,5645,residential_or_mixed,4.7,20.8,39.3,75.3,1665,630,3.36,3.55,632,88113.0,6.5,5.8,3.6,72.2,9.7,33.7,2053.0,19,285,11.7,355,39,78,62.88751107174491,6.908768821966342,13.817537643932685,False,22,0,Relatively Low,Very Low,Very Low,Relatively Low,Relatively Low,Very Low,1,1,0,0,0,Sweetwater Union High,High,KG,12,0.9999999999999984,lower
23.3356070941337,22.23738062755798,25.375170532060032,7.5022002200220035,4.65016501650165,9.762376237623762,9.349834983498347,5.950495049504951,0.2003908464772811,1,6.8,2.7,58.7136247269653,28.59740567,5.37732496149745,27.8659611992945,80.1981139928413,90.1109485926296,0.0,2.0,06073010109,Census Tract 101.09; San Diego County; California,4234,residential_or_mixed,2.7,22.2,39.4,78.7,1112,501,3.81,3.89,505,109239.0,3.3,1.6,5.7,72.9,8.0,23.5,2411.0,0,121,8.9,124,10,38,29.286726499763816,2.3618327822390173,8.974964572508267,False,1,0,Relatively Moderate,Relatively Low,Very Low,Relatively Low,Relatively High,Relatively Moderate,0,0,0,0,0,Sweetwater Union High,High,KG,12,0.9997371341270904,lower
19.79536152796725,17.59890859481582,23.87448840381992,13.19856860057865,8.8282320694381,10.626313385107355,13.72361809045226,16.144814984010964,11.847484903617367,1,3.7,4.9,54.0056838199028,81.85275129,5.37732496149745,58.8886505553172,84.7490278620099,72.3151748659222,3.5545318025869106,2.0,06073010110,Census Tract 101.10; San Diego County; California,7030,residential_or_mixed,5.4,31.8,34.3,68.9,2002,955,3.51,3.81,872,76875.0,22.1,19.2,6.2,74.4,7.7,56.6,1888.0,58,734,8.3,249,22,68,35.41963015647226,3.1294452347083928,9.672830725462305,False,10,0,Relatively Low,Very High,Very Low,Relatively Moderate,Relatively High,Relatively Low,3,3,0,0,0,South Bay Union,Elementary,PK,8,1.0000000000000002,lower
27.39427012278308,27.96725784447476,26.33015006821282,14.324817518248176,9.211678832116789,17.868613138686133,11.605839416058394,17.82846715328467,38.49033740058987,1,15.2,0.8,3.50423937806797,34.2391755,5.37732496149745,20.1356118022785,3.75060944430571,0.0,4.277060943192401,2.0,06073010111,Census Tract 101.11; San Diego County; California,3786,residential_or_mixed,4.4,25.9,33.3,93.6,865,474,4.37,4.63,269,80404.0,14.9,14.4,5.6,61.1,12.2,52.3,1928.0,32,238,4.5,112,6,33,29.58267300581088,1.584786053882726,8.716323296354993,False,9,0,Very Low,Relatively Low,Very Low,Relatively Low,Very Low,No Rating,1,1,0,0,0,South Bay Union,Elementary,PK,8,1.0000000000000009,lower
23.267394270122782,26.46657571623465,17.32605729877217,14.252003771805754,5.743988684582744,10.15841584158416,17.0,17.804809052333805,25.831857589231085,1,9.3,8.0,48.217347394133,94.23799088,5.37732496149745,51.5634682301349,91.9482002069138,0.0,6.458487747505566,2.0,06073010112,Census Tract 101.12; San Diego County; California,5123,residential_or_mixed,4.4,29.8,28.7,79.7,1494,823,3.43,3.72,471,61522.0,13.1,10.6,9.3,65.1,8.9,81.5,2002.0,23,729,4.3,165,9,72,32.20769080616826,1.7567831348819052,14.05426507905524,False,8,0,Relatively Low,Very High,Very Low,Relatively Low,Relatively High,No Rating,2,1,0,1,1,South Bay Union,Elementary,PK,8,1.0,lower
45.29331514324693,44.33833560709414,47.0668485675307,,,,,,3.5929070250414337,1,1.4,4.6,45.085374732837,75.90297933,5.37732496149745,24.4637494637495,69.130605401163,88.3676405883962,0.0,2.0,06073010201,Census Tract 102.01; San Diego County; California,3327,residential_or_mixed,2.7,16.3,35.9,25.6,1144,275,2.25,2.62,873,98418.0,26.1,4.1,7.9,66.6,22.6,58.4,2349.0,62,305,23.4,7,1,2,2.1039975954313195,0.300571085061617,0.6011421701232341,False,11,0,Relatively Low,Relatively High,Very Low,Relatively Low,Relatively Moderate,Relatively Moderate,0,0,0,0,0,Sweetwater Union High,High,KG,12,0.8489055346364802,lower
46.18008185538881,44.74761255115962,48.84038199181446,,,,,,23.2903470372448,1,2.9,3.1,28.0773657138831,85.00918083,5.37732496149745,34.628676295343,49.6236309799864,21.4881143495891,5.823029594505402,2.0,06073010202,Census Tract 102.02; San Diego County; California,3671,residential_or_mixed,2.7,21.2,35.2,47.5,1357,351,2.7,3.51,1150,108486.0,8.4,5.6,1.1,75.1,13.2,53.9,2380.0,165,253,13.3,27,1,1,7.354944156905475,0.2724053391446472,0.2724053391446472,False,8,0,Relatively Low,Very High,Very Low,Relatively Low,Relatively Moderate,Very Low,2,1,0,1,1,South Bay Union,Elementary,PK,8,1.0000000000000004,lower
74.58049113233287,74.07912687585265,75.51159618008185,13.421020803096276,9.657474600870827,2.916545718432511,17.946298984034833,16.029753265602324,23.12266722698724,1,4.9,12.3,49.3329732014938,65.73713203,5.37732496149745,36.1909528576195,67.7012355368461,53.5109937806952,2.3124473796610605,2.0,06073010300,Census Tract 103; San Diego County; California,3884,residential_or_mixed,7.2,18.1,35.2,48.7,1518,373,2.56,3.21,698,77123.0,14.8,15.5,2.1,75.5,9.7,61.3,1951.0,91,491,1.8,3,0,0,0.772399588053553,0.0,0.0,False,10,0,Relatively Low,Relatively High,Very Low,Relatively Low,Relatively Moderate,Very Low,1,1,0,0,0,South Bay Union,Elementary,PK,8,0.9999999999999998,lower
74.58049113233287,74.07912687585265,75.51159618008185,14.666666666666668,8.0,14.0,18.0,15.0,12.75536292404264,1,1.8,3.4,8.27559480470677,26.36083634,5.37732496149745,13.2155965489299,12.5361207234847,0.0,6.378168685060012,2.0,06073010401,Census Tract 104.01; San Diego County; California,2197,residential_or_mixed,3.3,17.1,35.8,51.8,813,199,2.7,3.74,336,75417.0,4.3,3.2,3.2,79.1,5.2,75.4,1943.0,53,337,4.9,10,0,0,4.551661356395083,0.0,0.0,False,2,0,Very Low,Relatively Low,Very Low,Very Low,Very Low,No Rating,1,1,0,0,0,South Bay Union,Elementary,PK,8,0.9999999999999996,lower
54.27353342428376,42.83765347885402,75.51159618008185,13.183187059025986,3.3918430562725863,8.797625193598348,15.213732576148685,18.241094475993805,30.170918003003347,1,5.7,11.2,56.3179650985274,77.30616597,5.37732496149745,47.9777396444063,89.5591785285339,0.0,0.0,2.0,06073010402,Census Tract 104.02; San Diego County; California,5528,residential_or_mixed,9.6,27.6,31.4,63.7,1811,743,3.05,3.33,711,70125.0,14.1,12.8,6.2,68.5,12.2,73.6,1916.0,124,657,7.3,5,2,0,0.9044862518089724,0.361794500723589,0.0,False,8,0,Relatively Moderate,Relatively High,Very Low,Relatively Low,Relatively High,No Rating,0,0,0,0,0,South Bay Union,Elementary,PK,8,1.0,lower
74.58049113233287,74.07912687585265,75.51159618008185,15.833333333333336,11.0,20.0,17.0,15.0,38.06507886653431,1,2.9,2.2,7.65201869553985,9.209856068,5.37732496149745,5.99647266313933,6.91020655702615,0.0,5.438268632905631,2.0,06073010501,Census Tract 105.01; San Diego County; California,1265,residential_or_mixed,4.5,13.3,46.4,24.5,554,110,2.28,2.83,471,121310.0,5.9,0.0,2.4,56.3,21.2,48.0,3016.0,10,52,5.6,2,0,0,1.5810276679841897,0.0,0.0,False,7,0,Very Low,Very Low,Very Low,Very Low,Very Low,No Rating,1,0,0,0,0,South Bay Union,Elementary,PK,8,0.9207187979187778,lower
47.401091405184175,47.0668485675307,48.0218281036835,15.735138004246284,10.946390658174098,15.416666666666666,16.414012738853504,17.60987261146497,22.00718283547541,1,4.8,5.3,65.2441459003687,55.3941835,5.37732496149745,41.4044997378331,82.2494143388867,0.0,2.445421980474016,2.0,06073010502,Census Tract 105.02; San Diego County; California,5892,residential_or_mixed,11.8,26.5,36.1,71.3,2143,927,2.75,3.09,543,68109.0,19.0,14.5,6.3,68.2,2.9,87.3,1832.0,304,766,6.8,18,1,2,3.054989816700611,0.1697216564833672,0.3394433129667345,False,9,0,Relatively Moderate,Relatively Moderate,Very Low,Relatively Low,Relatively High,No Rating,1,1,0,0,0,South Bay Union,Elementary,PK,8,1.0,lower
74.58049113233287,74.07912687585265,75.51159618008185,11.198179271708684,12.434873949579831,7.275210084033613,14.152310924369749,9.58718487394958,0.6664796139449413,1,1.0,0.0,63.2454141907603,63.4857549,5.37732496149745,14.3119309785976,84.4469813183024,30.0679010143532,0.0,2.0,06073010601,Census Tract 106.01; San Diego County; California,2043,residential_or_mixed,1.7,13.4,56.8,27.6,926,173,2.21,2.41,1293,207727.0,5.5,3.8,1.6,68.2,18.2,21.0,,7,108,24.3,0,0,0,0.0,0.0,0.0,False,3,0,Relatively Moderate,Relatively High,Very Low,Very Low,Relatively High,Very Low,0,0,0,0,0,South Bay Union,Elementary,PK,8,0.2021169101427817,lower
22.21691678035471,21.691678035470677,23.19236016371078,15.252232785940652,13.003457216940363,11.50561797752809,18.50129645635264,15.00086430423509,15.667460981769834,1,0.8,5.1,50.2102073889659,39.76544453,5.37732496149745,14.377472710806,36.5416859905105,0.0,7.833961130375921,4.5,06073010800,Census Tract 108; San Diego County; California,2389,residential_or_mixed,0.3,19.0,49.6,15.8,964,249,2.48,2.97,1159,136731.0,1.0,0.0,2.2,59.5,30.4,42.6,2764.0,52,182,18.9,146,6,24,61.11343658434491,2.5115110925073254,10.046044370029302,False,4,0,Relatively Low,Relatively Low,Very Low,Very Low,Relatively Low,No Rating,2,1,0,1,0,Coronado Unified,Unified,PK,12,1.0000000000000002,high
23.028649386084584,32.196452933151434,6.002728512960431,15.20990476190476,13.112,13.224,16.112,16.349714285714285,7.620901586451828,1,0.0,1.0,67.5975291824224,29.62388201,5.37732496149745,8.44415844415844,79.858014341265,0.0,0.0,4.5,06073010900,Census Tract 109; San Diego County; California,1658,residential_or_mixed,5.4,25.5,46.7,11.9,621,157,2.66,3.1,816,169750.0,1.4,0.8,3.9,40.8,39.9,35.6,,20,66,22.1,90,2,46,54.282267792521104,1.20627261761158,27.744270205066343,False,4,0,Relatively Moderate,Relatively Low,Very Low,Very Low,Relatively High,No Rating,0,0,0,0,0,Coronado Unified,Unified,PK,12,0.7819224789804364,high
20.136425648021827,10.77762619372442,37.51705320600273,16.748874535134078,13.290076335877863,10.826189078097476,19.275396359365825,18.91309453904874,43.96533643983162,1,1.3,1.7,60.2484909693027,30.00355387,5.37732496149745,16.3913913913914,63.2371303200029,43.1141712152022,0.0,4.5,06073011000,Census Tract 110; San Diego County; California,2922,residential_or_mixed,4.0,19.1,47.0,18.3,1427,310,1.95,2.52,1469,109132.0,2.8,0.0,1.1,62.6,18.3,62.8,3253.0,68,466,17.1,120,15,14,41.06776180698152,5.133470225872689,4.7912388774811765,False,17,0,Relatively Moderate,Relatively Low,Very Low,Very Low,Relatively Moderate,Very Low,0,0,0,0,0,Coronado Unified,Unified,PK,12,0.8186477235413546,high
16.207366984993175,19.64529331514324,9.82264665757162,15.827026525690965,7.55147468002226,11.997217584863662,18.196438508625487,19.510294936004453,23.3857518777766,1,0.0,8.0,57.0742419616225,28.63353669,5.37732496149745,22.3687973687974,54.4432949234776,0.0,2.598485917853261,4.5,06073011100,Census Tract 111; San Diego County; California,3641,residential_or_mixed,3.4,20.2,42.6,20.0,1581,392,2.3,2.93,1791,123288.0,5.5,4.8,2.9,57.5,20.3,49.9,2434.0,59,402,14.0,268,10,77,73.6061521560011,2.7464982147761603,21.14803625377644,False,9,0,Relatively Moderate,Relatively Low,Very Low,Relatively Low,Relatively Moderate,No Rating,1,0,1,0,0,Coronado Unified,Unified,PK,12,0.910933846912827,high
74.58049113233287,74.07912687585265,75.51159618008185,5.5,12.0,5.0,7.0,1.0,0.2236375658936358,1,2.4,0.0,50.5918688493788,9.209856068,5.37732496149745,15.8348825015492,7.80326543231898,49.4952017409297,0.0,4.5,06073011300,Census Tract 113; San Diego County; California,2304,likely_institutional_or_group_quarters,0.4,2.3,22.8,27.8,49,39,2.94,3.16,307,111397.0,0.0,0.0,0.8,27.7,3.3,100.0,2883.0,17,15,0.0,0,0,0,0.0,0.0,0.0,False,1,0,Relatively Low,Very Low,Very Low,Very Low,Very Low,Very Low,0,0,0,0,0,Coronado Unified,Unified,PK,12,0.8372656933527329,high
74.58049113233287,74.07912687585265,75.51159618008185,15.302343159486016,10.3718820861678,6.979591836734694,19.40702947845805,17.824263038548754,35.29824624425098,1,4.0,6.2,42.2986589003453,96.26251259,5.37732496149745,55.4113637446971,77.3013211563388,0.0,0.0,2.0,06073011601,Census Tract 116.01; San Diego County; California,5526,residential_or_mixed,6.4,23.5,34.1,82.0,1667,673,3.28,3.54,515,77036.0,20.0,19.5,1.7,70.3,4.4,81.6,1584.0,70,497,8.8,5,0,0,0.9048136083966702,0.0,0.0,False,10,0,Relatively Low,Very High,Very Low,Relatively Low,Relatively Moderate,No Rating,0,0,0,0,0,National Elementary,Elementary,PK,8,1.0,lower
65.43656207366985,74.07912687585265,49.38608458390177,15.916510903426792,11.041121495327102,17.542056074766354,13.457943925233645,20.0,33.01862829318552,1,6.0,9.7,48.8843741926392,56.65343837,5.37732496149745,26.5980265980266,60.9408630920528,0.0,5.080003018099397,2.0,06073011602,Census Tract 116.02; San Diego County; California,3811,residential_or_mixed,7.9,29.5,36.3,70.1,1315,634,2.83,3.36,469,61854.0,16.9,13.4,0.0,58.5,2.3,60.7,1600.0,34,233,9.6,1,0,1,0.2623983206507478,0.0,0.2623983206507478,False,13,0,Relatively Low,Relatively Moderate,Very Low,Relatively Low,Relatively Moderate,No Rating,2,1,0,1,0,Sweetwater Union High,High,KG,12,1.0000000000000002,lower
53.56412005457025,41.7462482946794,75.51159618008185,18.13611859838275,18.345013477088948,16.277628032345014,18.71698113207547,18.380053908355794,53.99747936461373,1,1.4,14.3,80.4354463677572,81.15086181,5.37732496149745,58.8958005624672,92.3263529663587,0.0,4.76465530815212,2.0,06073011700,Census Tract 117; San Diego County; California,7364,residential_or_mixed,4.9,26.5,35.3,62.0,2649,1148,2.76,3.3,620,56582.0,9.4,8.9,0.1,82.4,4.9,80.9,1623.0,414,1085,10.9,7,3,0,0.9505703422053232,0.407387289516567,0.0,False,34,0,Relatively Moderate,Very High,Very Low,Relatively Moderate,Relatively High,No Rating,3,2,1,0,0,National Elementary,Elementary,PK,8,1.0000000000000004,lower
64.5293315143247,74.07912687585265,46.79399727148704,16.466238924534068,8.861594867094409,13.715857011915674,19.31255728689276,18.7974335472044,55.62301473724213,1,5.1,10.6,16.5077389200742,53.16176035,5.37732496149745,27.0758854092187,9.99845409249284,0.0,3.973205341033397,2.0,06073011801,Census Tract 118.01; San Diego County; California,3205,residential_or_mixed,2.8,19.6,41.5,70.5,1100,390,2.9,3.23,362,60735.0,19.6,23.6,6.4,51.1,15.5,58.8,1473.0,6,426,4.9,20,0,2,6.240249609984399,0.0,0.62402496099844,False,14,0,Very Low,Relatively Moderate,Very Low,Relatively Low,Very Low,No Rating,1,1,0,0,1,National Elementary,Elementary,PK,8,1.0000000000000009,lower
65.91405184174624,74.07912687585265,50.75034106412005,14.201552371204366,5.588536335721597,8.731320368474924,17.08085977482088,18.36386898669396,38.06043135021445,1,1.6,7.4,26.3322920825798,84.07628976,5.37732496149745,55.5615138948472,40.9189825550284,0.0,0.0,2.0,06073011802,Census Tract 118.02; San Diego County; California,7019,residential_or_mixed,3.4,31.7,31.9,78.0,2043,1071,3.43,3.68,659,61947.0,16.4,13.8,7.6,83.2,6.7,67.3,1794.0,76,858,3.1,8,0,1,1.139763499073942,0.0,0.1424704373842427,False,14,0,Relatively Low,Very High,Very Low,Relatively Low,Relatively Low,No Rating,0,0,0,0,0,National Elementary,Elementary,PK,8,0.9950791263017524,lower
47.58526603001364,47.203274215552526,48.29467939972714,13.76271712158809,10.027295285359802,5.036600496277916,15.998759305210918,17.75744416873449,25.834098233460743,1,3.6,13.3,51.6158959062405,37.71012261,5.37732496149745,36.8928452261786,43.4185960781516,0.0,6.078795574792594,2.0,06073011902,Census Tract 119.02; San Diego County; California,6050,residential_or_mixed,4.9,14.4,44.7,53.9,1898,410,3.11,4.12,978,82551.0,8.8,9.4,2.4,65.2,5.6,40.8,2527.0,11,599,0.0,8,1,2,1.322314049586777,0.1652892561983471,0.3305785123966942,False,17,0,Relatively Low,Relatively Low,Very Low,Relatively Low,Relatively Low,No Rating,4,3,0,1,1,National Elementary,Elementary,PK,8,0.9957486988242804,lower
74.58049113233287,74.07912687585265,75.51159618008185,16.087660524846452,12.368509212730318,10.894472361809044,18.81574539363484,17.81574539363484,36.47136403700648,1,2.3,25.1,26.0105221128778,49.90582242,5.37732496149745,24.0395157061824,38.6405527213918,0.0,0.0,2.0,06073012002,Census Tract 120.02; San Diego County; California,3658,residential_or_mixed,5.1,22.2,39.3,47.0,1305,455,2.72,3.27,575,48786.0,25.9,19.7,9.8,78.0,8.4,85.2,1458.0,295,374,2.5,6,0,0,1.6402405686167305,0.0,0.0,False,8,0,Relatively Low,Relatively Moderate,Very Low,Relatively Low,Relatively Low,No Rating,0,0,0,0,0,National Elementary,Elementary,PK,8,1.0000000000000009,lower
74.58049113233287,74.07912687585265,75.51159618008185,14.73822663723326,15.08719646799117,14.335540838852095,11.91942604856512,17.583885209713024,33.07397777691201,1,1.7,6.1,11.1891396763511,9.209856068,5.37732496149745,16.8585251918585,7.25863032594865,0.0,2.362506328442654,2.0,06073012003,Census Tract 120.03; San Diego County; California,2931,residential_or_mixed,4.5,20.7,43.4,51.2,871,339,3.34,3.57,519,88472.0,7.5,6.0,3.7,64.5,13.3,37.1,2025.0,12,160,9.0,2,0,0,0.6823609689525759,0.0,0.0,False,14,0,Very Low,Very Low,Very Low,Very Low,Very Low,No Rating,1,1,0,0,0,National Elementary,Elementary,PK,8,0.9982995455477484,lower
74.58049113233287,74.07912687585265,75.51159618008185,15.666666666666668,13.0,17.0,18.0,14.0,26.17340297357185,1,3.0,10.0,6.5669258050121,41.93212107,5.37732496149745,13.283521616855,8.13385180692804,0.0,0.0,2.0,06073012101,Census Tract 121.01; San Diego County; California,2139,residential_or_mixed,5.8,14.3,41.2,82.3,698,166,3.06,3.58,183,83750.0,8.7,4.4,7.6,72.7,7.1,51.7,1464.0,38,177,4.1,0,0,0,0.0,0.0,0.0,False,7,0,Very Low,Relatively Moderate,Very Low,Very Low,Very Low,No Rating,0,0,0,0,0,Sweetwater Union High,High,KG,12,1.0000000000000004,lower
64.38608458390178,74.07912687585265,46.38472032742156,12.638919313618109,12.357064622124865,8.381161007667032,12.095290251916758,15.45235487404162,11.492269429025225,1,3.0,10.1,22.3207365479014,67.59699106,5.37732496149745,26.2274178940846,30.5554564589205,0.0,6.895619977290658,2.0,06073012102,Census Tract 121.02; San Diego County; California,2708,residential_or_mixed,2.1,19.2,36.7,68.2,913,256,2.96,3.58,266,69714.0,22.4,12.8,5.7,64.0,10.3,42.1,1847.0,9,197,10.4,3,0,2,1.1078286558345642,0.0,0.7385524372230429,False,5,0,Relatively Low,Relatively High,Very Low,Relatively Low,Relatively Low,No Rating,3,2,1,0,0,National Elementary,Elementary,PK,8,0.9995272301484124,lower
74.58049113233287,74.07912687585265,75.51159618008185,14.245584988962472,9.940397350993376,19.281456953642383,12.718543046357617,15.40728476821192,17.53839057873679,1,2.8,2.4,29.5887450971182,36.05757271,5.37732496149745,22.0565803899137,38.8367640588396,0.0,0.0,2.0,06073012200,Census Tract 122; San Diego County; California,3306,residential_or_mixed,4.8,22.4,30.9,77.8,940,294,3.52,4.27,367,62179.0,18.6,15.4,5.9,71.2,9.5,39.1,1733.0,56,171,10.0,9,0,0,2.722323049001815,0.0,0.0,False,12,0,Relatively Low,Relatively Low,Very Low,Relatively Low,Relatively Low,No Rating,0,0,0,0,0,National Elementary,Elementary,PK,8,0.9994774739779628,lower
74.58049113233287,74.07912687585265,75.51159618008185,19.5,19.0,18.0,20.0,20.0,69.90718616928031,1,3.8,17.2,39.9382295605609,95.28815969,5.37732496149745,20.8220124886792,42.990498614629,0.0,0.0,3.5,06073012302,Census Tract 123.02; San Diego County; California,1462,residential_or_mixed,6.4,14.0,44.6,60.3,777,118,1.82,3.11,412,44125.0,19.6,10.7,3.1,74.1,9.2,86.2,1750.0,42,330,7.7,0,0,0,0.0,0.0,0.0,False,11,0,Relatively Low,Very High,Very Low,Relatively Low,Relatively Low,No Rating,0,0,0,0,0,Chula Vista Elementary,Elementary,PK,12,0.9999999999999996,medium_high
74.58049113233287,74.07912687585265,75.51159618008185,12.956140350877192,10.6390977443609,12.541353383458649,12.68796992481203,14.590225563909774,8.269985911780209,1,3.4,19.0,66.4842520609719,91.39252503,5.37732496149745,38.7339720673054,96.4027921467899,0.0,1.6540719761364806,2.0,06073012303,Census Tract 123.03; San Diego County; California,3418,residential_or_mixed,5.0,17.9,40.5,57.1,1194,361,2.72,3.5,821,71583.0,11.4,3.1,2.9,62.1,11.1,65.2,2171.0,98,449,11.2,0,0,0,0.0,0.0,0.0,False,5,0,Relatively Moderate,Very High,Very Low,Relatively Low,Very High,No Rating,1,1,0,0,0,Sweetwater Union High,High,KG,12,1.0000000000000004,lower
56.22442019099591,45.839017735334245,75.51159618008185,14.815392229646127,10.0,12.67706013363029,13.830734966592429,19.27691165553081,16.812599571140012,1,0.0,6.6,53.021584423515,30.52301131,5.37732496149745,24.1980075313409,75.8885995267145,0.0,0.0,3.5,06073012304,Census Tract 123.04; San Diego County; California,4665,residential_or_mixed,4.8,17.9,40.2,55.3,1525,492,3.04,3.89,1196,92614.0,11.3,8.2,4.0,75.3,17.1,48.4,2404.0,52,479,4.7,1,1,0,0.2143622722400857,0.2143622722400857,0.0,False,8,0,Relatively Low,Relatively Low,Very Low,Relatively Low,Relatively Moderate,No Rating,0,0,0,0,0,Chula Vista Elementary,Elementary,PK,12,0.9999999999999998,medium_high
74.58049113233287,74.07912687585265,75.51159618008185,14.895925925925926,16.877777777777776,10.253333333333334,16.873333333333335,14.248888888888889,15.43709486335492,1,6.7,4.6,68.1835263170256,48.38358112,5.37732496149745,26.0462843796177,85.1057757482787,0.0,0.0,2.0,06073012401,Census Tract 124.01; San Diego County; California,3461,residential_or_mixed,3.3,18.8,35.9,75.8,1201,365,2.88,3.56,408,80367.0,10.6,10.6,8.1,64.6,10.0,80.8,1842.0,109,274,11.1,0,0,0,0.0,0.0,0.0,False,9,0,Relatively Moderate,Relatively Moderate,Very Low,Relatively Low,Relatively High,No Rating,0,0,0,0,0,Sweetwater Union High,High,KG,12,0.9999999999999988,lower
74.58049113233287,74.07912687585265,75.51159618008185,15.069429494079657,10.48654467168999,12.351991388589882,15.01345532831001,18.775565123789026,34.65166341622744,1,8.7,2.4,45.5128355684994,57.75099212,5.37732496149745,42.4281424281424,55.9440143650482,0.0,2.8877790153235576,3.5,06073012402,Census Tract 124.02; San Diego County; California,5604,residential_or_mixed,4.8,29.5,33.0,80.4,1920,854,2.79,3.28,522,69048.0,18.5,17.0,5.0,77.2,9.2,74.4,1728.0,202,651,11.1,1,0,0,0.1784439685938615,0.0,0.0,False,12,0,Relatively Low,Relatively Moderate,Very Low,Relatively Low,Relatively Moderate,No Rating,1,0,0,0,1,Chula Vista Elementary,Elementary,PK,12,0.9999999999999998,medium_high
55.78103683492497,45.15688949522511,75.51159618008185,15.64365014893041,9.517465475223396,15.861900893582453,19.241267262388305,15.0,44.93446555209543,1,9.0,18.0,29.7061793926298,93.59651721,5.37732496149745,45.6742456742457,54.2209220743701,0.0,0.0,3.5,06073012501,Census Tract 125.01; San Diego County; California,3905,residential_or_mixed,4.3,21.8,33.6,87.7,1498,472,2.61,3.23,297,40000.0,25.5,17.1,10.6,66.2,9.1,65.0,1735.0,68,458,2.6,3,1,0,0.7682458386683739,0.2560819462227913,0.0,False,8,0,Relatively Low,Very High,Very Low,Relatively Low,Relatively Moderate,No Rating,0,0,0,0,0,Chula Vista Elementary,Elementary,PK,12,1.0,medium_high
48.24351978171896,33.560709413369715,75.51159618008185,14.93025846702317,14.239304812834224,11.775401069518717,15.229946524064172,16.553475935828878,9.539261918178711,1,7.1,9.4,41.2898983019001,21.677427,5.37732496149745,25.6852090185424,38.397964158729,0.0,1.1924670801725548,2.0,06073012502,Census Tract 125.02; San Diego County; California,4789,residential_or_mixed,5.7,26.1,31.6,80.1,1695,553,2.82,3.75,506,61936.0,12.4,8.6,3.6,73.3,5.6,75.9,1890.0,149,575,5.1,13,5,0,2.714554186677803,1.044059302568386,0.0,False,16,0,Relatively Low,Relatively Low,Very Low,Relatively Low,Relatively Low,No Rating,2,2,0,0,2,Sweetwater Union High,High,KG,12,0.6111682986976981,lower
74.58049113233287,74.07912687585265,75.51159618008185,14.237822671156003,11.475420875420877,12.797306397306397,15.292929292929292,15.284175084175084,2.1713808378409776,1,2.4,8.7,71.2039363975856,58.18930285,5.37732496149745,38.4646551313218,66.182678700962,0.0,0.3619175934928382,3.5,06073012600,Census Tract 126; San Diego County; California,4654,residential_or_mixed,2.6,19.8,38.0,79.2,1526,482,3.05,3.23,354,75929.0,17.2,15.7,9.8,69.3,7.4,57.9,1880.0,79,394,7.1,0,0,0,0.0,0.0,0.0,False,6,0,Relatively Moderate,Relatively Moderate,Very Low,Relatively Low,Relatively Moderate,No Rating,1,0,0,0,1,Chula Vista Elementary,Elementary,PK,12,0.4756814017484986,medium_high
56.313096862210095,45.97544338335607,75.51159618008185,16.41789632992811,15.88422247446084,17.11577752553916,15.623155505107832,17.130533484676505,38.65623112529002,1,4.3,9.6,73.5690631091904,80.48451105,5.37732496149745,44.1417608084275,79.8389877873307,0.0,6.822045208704169,3.5,06073012700,Census Tract 127; San Diego County; California,4956,residential_or_mixed,7.6,21.7,34.5,74.6,1688,634,2.85,3.41,486,75862.0,12.9,10.1,4.5,72.8,9.6,87.4,1900.0,134,682,12.5,2,1,0,0.4035512510088781,0.201775625504439,0.0,False,17,0,Relatively Moderate,Very High,Very Low,Relatively Low,Relatively High,No Rating,3,2,1,0,0,Chula Vista Elementary,Elementary,PK,12,0.999999999999998,medium_high
74.58049113233287,74.07912687585265,75.51159618008185,13.04117790811339,7.005865102639296,8.238269794721408,12.96774193548387,18.533724340175954,30.02931439761485,1,2.4,3.3,21.3342884656035,9.209856068,5.37732496149745,20.4657037990371,20.4309514466127,0.0,0.0,3.5,06073012800,Census Tract 128; San Diego County; California,3737,residential_or_mixed,3.2,17.6,40.2,68.2,1331,385,2.8,3.12,821,79155.0,7.3,1.8,6.0,80.5,5.0,39.5,1817.0,67,353,7.6,2,0,0,0.5351886540005352,0.0,0.0,False,12,0,Relatively Low,Very Low,Very Low,Relatively Low,Relatively Low,No Rating,0,0,0,0,0,Chula Vista Elementary,Elementary,PK,12,1.0000000000000002,medium_high
74.58049113233287,74.07912687585265,75.51159618008185,15.058534875569578,12.542586750788644,15.79179810725552,15.53732912723449,15.471083070452156,11.322383617999956,1,0.4,1.0,32.6056321488127,23.88793461,5.37732496149745,19.8376948376948,43.1189278536858,0.0,1.8871681534183236,3.5,06073012900,Census Tract 129; San Diego County; California,3643,residential_or_mixed,4.7,28.5,36.7,65.1,1123,493,3.24,3.62,915,115288.0,7.5,7.0,4.2,86.4,3.7,38.6,2641.0,41,171,5.0,0,0,0,0.0,0.0,0.0,False,6,0,Relatively Low,Relatively Low,Very Low,Relatively Low,Relatively Low,No Rating,1,1,0,0,0,Chula Vista Elementary,Elementary,PK,12,0.9999999999999996,medium_high
56.667803547066846,46.52114597544338,75.51159618008185,15.61539885248936,15.571349250416436,14.243198223209328,16.59189339255969,15.347029428095505,15.91462734472375,1,2.6,11.5,71.7699697019518,93.62968667,5.37732496149745,56.1787978454645,89.535395336116,0.0,3.183104772130598,3.5,06073013000,Census Tract 130; San Diego County; California,5469,residential_or_mixed,6.8,18.9,38.6,73.1,1874,638,2.77,3.2,814,67740.0,11.3,10.6,5.1,77.1,10.8,63.1,2034.0,182,667,4.9,4,1,0,0.7313951362223441,0.182848784055586,0.0,False,10,0,Relatively Moderate,Very High,Very Low,Relatively Moderate,Relatively High,No Rating,2,0,0,1,1,Chula Vista Elementary,Elementary,PK,12,0.9999999999999996,medium_high
74.58049113233287,74.07912687585265,75.51159618008185,15.278303452855248,14.219123505976096,13.118027888446216,16.556772908366533,15.609561752988048,19.55103765705976,1,7.3,6.2,49.5220424172675,94.16039803,5.37732496149745,62.7520377520378,82.314818118036,0.0,2.6069609775332347,3.5,06073013102,Census Tract 131.02; San Diego County; California,7058,residential_or_mixed,7.8,28.0,31.6,77.8,2094,981,3.36,3.46,702,71037.0,8.2,4.5,10.6,64.5,10.8,66.5,2209.0,208,833,13.1,0,0,0,0.0,0.0,0.0,False,15,0,Relatively Low,Very High,Very Low,Relatively Moderate,Relatively High,No Rating,2,2,0,0,0,Chula Vista Elementary,Elementary,PK,12,1.0000000000000004,medium_high
42.51705320600273,41.60982264665757,44.2019099590723,17.222760849492154,20.0,15.07617728531856,18.206371191135734,15.92382271468144,6.240560323978299,1,7.8,4.1,60.533856307396,70.55084997,5.37732496149745,24.8832165498832,69.4493001795631,0.0,1.0401589970635678,2.0,06073013103,Census Tract 131.03; San Diego County; California,2435,residential_or_mixed,6.4,19.2,34.0,77.4,728,254,3.34,3.54,260,81667.0,8.3,6.0,6.0,69.7,4.2,51.4,2273.0,24,172,16.8,17,1,5,6.981519507186858,0.4106776180698152,2.053388090349076,False,6,0,Relatively Moderate,Relatively High,Very Low,Relatively Low,Relatively Moderate,No Rating,1,1,0,0,0,Sweetwater Union High,High,KG,12,0.7974013401702374,lower
74.58049113233287,74.07912687585265,75.51159618008185,10.996031746031749,8.867494824016562,6.837474120082816,10.092132505175984,15.043478260869565,7.945144030210483,1,4.5,4.9,58.4470488761538,34.04015874,5.37732496149745,37.1252204585538,67.0721700973922,0.0,0.0,3.5,06073013104,Census Tract 131.04; San Diego County; California,5735,residential_or_mixed,7.7,23.1,34.1,85.7,1802,703,3.18,3.8,541,64250.0,11.2,11.0,8.5,68.7,7.7,77.5,1812.0,160,762,4.8,0,0,0,0.0,0.0,0.0,False,3,0,Relatively Moderate,Relatively Low,Very Low,Relatively Low,Relatively Moderate,No Rating,0,0,0,0,0,Chula Vista Elementary,Elementary,PK,12,1.0,medium_high
74.58049113233287,74.07912687585265,75.51159618008185,16.469998457504243,16.014807959278112,14.107357704766311,16.08422026839426,18.26469227209625,34.81140861892454,1,3.3,10.6,43.6127486671207,86.25244329,5.37732496149745,55.6485056485057,76.8660887350909,0.0,6.9627283923157375,3.5,06073013203,Census Tract 132.03; San Diego County; California,6018,residential_or_mixed,5.0,26.2,41.0,82.8,2113,844,2.84,3.44,325,57014.0,7.5,10.0,9.0,72.4,11.6,83.0,1686.0,111,951,4.0,5,0,0,0.8308408109006314,0.0,0.0,False,15,0,Relatively Low,Very High,Very Low,Relatively Low,Relatively Moderate,No Rating,3,1,1,1,1,Chula Vista Elementary,Elementary,PK,12,0.9999999999999998,medium_high
64.43383356070942,74.07912687585265,46.52114597544338,15.606973995271868,10.204787234042554,14.697695035460994,17.445921985815602,16.923758865248228,35.50824695296009,1,2.5,5.3,15.9182187566057,9.209856068,5.37732496149745,21.0758377425044,15.2545396168528,18.4664597528926,3.228241654881068,3.5,06073013204,Census Tract 132.04; San Diego County; California,4334,residential_or_mixed,5.2,16.5,41.1,86.3,1265,420,3.43,4.12,460,67361.0,9.2,6.9,8.5,71.2,5.0,34.9,2062.0,52,254,1.6,9,0,3,2.076603599446239,0.0,0.6922011998154131,False,11,0,Very Low,Very Low,Very Low,Relatively Low,Relatively Low,Very Low,1,1,0,0,0,Chula Vista Elementary,Elementary,PK,12,0.9999999999999994,medium_high
38.144611186903134,35.470668485675304,43.11050477489768,13.5,19.0,14.0,10.0,14.0,20.34857335124633,1,11.2,3.1,52.1431758930878,73.19196825,5.37732496149745,21.2295628962296,57.9382350492907,0.0,0.0,2.0,06073013205,Census Tract 132.05; San Diego County; California,2195,residential_or_mixed,3.2,21.5,38.4,91.1,700,292,3.1,3.34,322,65000.0,9.8,7.8,8.8,59.1,1.9,50.9,1783.0,22,184,8.1,40,2,6,18.223234624145785,0.9111617312072894,2.733485193621868,False,14,0,Relatively Low,Relatively High,Very Low,Relatively Low,Relatively Moderate,No Rating,0,0,0,0,0,Sweetwater Union High,High,KG,12,0.9999999999999996,lower
74.58049113233287,74.07912687585265,75.51159618008185,14.812175812175813,9.287878787878787,15.411547911547911,15.778460278460278,16.308353808353807,35.85536151585698,1,8.2,9.6,47.4763369894544,72.48356335,5.37732496149745,52.7301110634444,71.438764225322,45.8623190990927,1.6298992021107577,3.5,06073013206,Census Tract 132.06; San Diego County; California,6087,residential_or_mixed,5.4,23.2,43.2,75.0,2148,639,2.82,3.58,394,54293.0,18.2,17.7,9.1,69.4,5.6,62.0,1638.0,210,731,8.3,2,0,0,0.3285690816494168,0.0,0.0,False,22,0,Relatively Low,Relatively High,Very Low,Relatively Low,Relatively Moderate,Very Low,1,0,0,1,0,Chula Vista Elementary,Elementary,PK,12,0.9999999999999996,medium_high
74.58049113233287,74.07912687585265,75.51159618008185,11.368526738533076,5.242232086239696,10.0,11.828154724159797,14.656309448319597,10.818581819981905,1,3.5,8.1,31.0966014514879,80.63377362,5.37732496149745,46.359454692788,58.1047173962161,0.0,4.636798073072579,3.5,06073013301,Census Tract 133.01; San Diego County; California,4863,residential_or_mixed,5.1,20.1,38.9,60.1,1601,390,3.03,3.55,757,92813.0,10.1,8.4,3.2,76.6,9.7,33.2,2581.0,39,270,0.0,0,0,0,0.0,0.0,0.0,False,7,0,Relatively Low,Very High,Very Low,Relatively Low,Relatively Moderate,No Rating,3,3,0,0,1,Chula Vista Elementary,Elementary,PK,12,0.9999999999999992,medium_high
74.58049113233287,74.07912687585265,75.51159618008185,13.262338925358618,7.277899343544858,11.444201312910284,14.851932895696573,15.574033552151716,22.202932036982077,1,0.3,0.0,18.2669046668389,79.91293017,5.37732496149745,44.7804947804948,44.396085286528,0.0,0.0,3.5,06073013302,Census Tract 133.02; San Diego County; California,6832,residential_or_mixed,10.5,34.5,33.2,80.2,1467,692,4.64,5.08,710,112464.0,8.4,11.3,1.9,66.9,12.4,28.2,2536.0,52,196,3.7,0,0,0,0.0,0.0,0.0,False,12,0,Very Low,Relatively High,Very Low,Relatively Low,Relatively Low,No Rating,0,0,0,0,0,Chula Vista Elementary,Elementary,PK,12,0.9999999999999992,medium_high
74.58049113233287,74.07912687585265,75.51159618008185,14.770207080828325,10.890447561790246,11.382097528390114,17.0688042752171,16.10554442217769,18.73504835468061,1,3.9,5.9,15.2981656763041,53.74814903,5.37732496149745,37.1824205157538,24.665548856623,29.3972149881679,3.747248494522552,3.5,06073013303,Census Tract 133.03; San Diego County; California,4703,residential_or_mixed,1.7,19.4,41.7,82.6,1440,552,3.26,3.66,497,73438.0,8.9,7.1,8.3,63.7,10.9,40.3,1976.0,62,278,5.9,0,0,0,0.0,0.0,0.0,False,10,0,Very Low,Relatively Moderate,Very Low,Relatively Low,Relatively Low,Very Low,2,1,0,1,0,Chula Vista Elementary,Elementary,PK,12,0.9999999999999996,medium_high
55.95839017735334,45.42974079126876,75.51159618008185,13.744971264367818,9.469827586206897,16.060344827586206,11.530172413793103,16.939655172413794,17.9971918939859,1,2.7,3.1,21.1687061089321,53.64212521,5.37732496149745,33.8540921874255,41.4981032904047,0.0,1.999818912369713,3.5,06073013306,Census Tract 133.06; San Diego County; California,4156,residential_or_mixed,5.1,23.5,37.4,74.1,1139,579,3.62,3.85,407,87757.0,15.5,10.7,12.1,71.4,6.7,32.5,2413.0,28,268,13.4,2,1,0,0.4812319538017324,0.2406159769008662,0.0,False,9,0,Relatively Low,Relatively Moderate,Very Low,Relatively Low,Relatively Low,No Rating,1,1,0,0,0,Chula Vista Elementary,Elementary,PK,12,0.9999999999999998,medium_high
74.58049113233287,74.07912687585265,75.51159618008185,14.109785932721714,13.357798165137616,9.755963302752294,15.357798165137616,15.414678899082569,23.755870855034072,1,2.0,0.0,18.8106254550579,55.61689273,5.37732496149745,31.9033319033319,28.8727955953528,42.3982971234229,3.9595796815549793,3.5,06073013307,Census Tract 133.07; San Diego County; California,4642,residential_or_mixed,6.2,21.9,36.6,76.8,1259,523,3.65,3.96,298,80156.0,25.6,22.1,12.2,81.1,5.0,16.0,2219.0,0,87,6.9,3,0,0,0.6462731581214993,0.0,0.0,False,12,0,Very Low,Relatively Moderate,Very Low,Relatively Low,Relatively Low,Very Low,2,2,0,0,0,Chula Vista Elementary,Elementary,PK,12,1.0000000000000004,medium_high
45.21145975443383,45.02046384720328,45.56616643929059,12.708602150537637,7.886021505376344,12.473118279569892,12.556989247311828,15.389247311827956,4.828622731772917,1,2.2,7.1,36.6336284848627,9.209856068,5.37732496149745,20.2071118737785,46.9801291427348,74.7612762061051,0.0,3.5,06073013308,Census Tract 133.08; San Diego County; California,3901,residential_or_mixed,2.5,18.2,34.7,83.7,1064,467,3.65,3.91,461,101979.0,16.7,13.6,3.1,57.8,5.9,39.6,2148.0,38,191,4.9,24,1,4,6.152268649064343,0.2563445270443476,1.0253781081773905,False,3,0,Relatively Low,Very Low,Very Low,Relatively Low,Relatively Low,Relatively Low,0,0,0,0,0,Chula Vista Elementary,Elementary,PK,12,0.9999999999999994,medium_high
74.58049113233287,74.07912687585265,75.51159618008185,12.415659485023648,6.210194429847609,10.952180767209668,12.6878612716763,15.977929584866,14.347543255692392,1,4.3,0.0,46.555652112643,31.1905467,5.37732496149745,40.6179989513323,58.9823171964373,46.1917163140808,2.0497702731316507,3.5,06073013309,Census Tract 133.09; San Diego County; California,7069,residential_or_mixed,3.8,18.4,40.4,62.5,1889,746,3.71,3.87,1536,145195.0,3.3,2.8,2.5,73.2,12.0,22.1,2778.0,85,124,1.9,2,0,0,0.2829254491441505,0.0,0.0,False,14,0,Relatively Low,Relatively Low,Very Low,Relatively Low,Relatively Moderate,Very Low,2,2,0,0,0,Chula Vista Elementary,Elementary,PK,12,1.0000000000000002,medium_high
74.58049113233287,74.07912687585265,75.51159618008185,14.666666666666668,15.0,9.0,15.0,17.0,11.70953013985736,1,0.6,15.2,23.8708692486554,44.99851922,5.37732496149745,18.5232851899519,53.5799650387071,52.3349149156291,2.9275778788214706,3.5,06073013312,Census Tract 133.12; San Diego County; California,2943,residential_or_mixed,3.5,26.6,39.6,82.6,896,430,3.27,3.66,477,114667.0,2.1,0.0,3.4,78.8,7.0,25.1,2254.0,25,60,4.8,0,0,0,0.0,0.0,0.0,False,4,0,Relatively Low,Relatively Moderate,Very Low,Relatively Low,Relatively Moderate,Very Low,1,1,0,0,0,Chula Vista Elementary,Elementary,PK,12,1.0000000000000002,medium_high
74.58049113233287,74.07912687585265,75.51159618008185,,,,,,4.094126913839112,1,0.0,0.0,6.45184019541067,22.22946159,5.37732496149745,23.0837980837981,12.2804514049921,75.2571557680187,0.0,3.5,06073013315,Census Tract 133.15; San Diego County; California,3862,residential_or_mixed,5.7,24.5,40.8,48.4,1208,532,3.2,3.34,1483,150938.0,8.3,8.2,1.3,66.2,19.1,21.5,3346.0,102,54,0.0,0,0,0,0.0,0.0,0.0,False,2,0,Very Low,Relatively Low,Very Low,Relatively Low,Very Low,Relatively Low,0,0,0,0,0,Chula Vista Elementary,Elementary,PK,12,0.9999999999999998,medium_high
74.58049113233287,74.07912687585265,75.51159618008185,,,,,,9.687048734723188,1,0.0,3.3,47.7053338657021,9.209856068,5.37732496149745,44.4134610801277,55.180573888433,58.6231909909267,1.9375102246687492,3.5,06073013316,Census Tract 133.16; San Diego County; California,7768,residential_or_mixed,11.5,33.8,34.0,51.6,2231,1241,3.48,3.88,2009,139542.0,5.0,4.5,5.2,76.4,16.4,25.8,2470.0,103,187,5.3,1,0,0,0.1287332646755921,0.0,0.0,False,10,0,Relatively Low,Very Low,Very Low,Relatively Low,Relatively Moderate,Very Low,2,1,0,1,0,Chula Vista Elementary,Elementary,PK,12,1.0000000000000004,medium_high
65.96180081855388,74.07912687585265,50.886766712141885,,,,,,0.7501438665877781,1,0.0,4.4,97.552669281537,9.209856068,5.37732496149745,67.8654845321512,93.168277977953,99.4684456494595,1.0502705993062762,3.5,06073013317,Census Tract 133.17; San Diego County; California,18047,residential_or_mixed,8.3,30.5,32.4,43.0,5291,2882,3.41,3.83,4678,129469.0,7.5,6.8,4.9,78.6,9.8,27.4,2944.0,444,697,6.2,2,0,2,0.1108217432260209,0.0,0.1108217432260209,False,5,0,Very High,Very Low,Very Low,Relatively Moderate,Relatively High,Very High,7,4,0,3,0,Chula Vista Elementary,Elementary,PK,12,0.9999999999999988,medium_high
74.58049113233287,74.07912687585265,75.51159618008185,,,,,,3.1784268993535987,1,0.0,1.9,38.2800573079362,9.209856068,5.37732496149745,46.2641212641213,48.0146980129143,0.0,1.5893032060839667,3.5,06073013318,Census Tract 133.18; San Diego County; California,7761,residential_or_mixed,4.1,30.3,33.3,43.8,2129,1109,3.65,3.99,2235,161486.0,0.6,0.0,1.1,76.6,13.0,16.7,2998.0,30,0,4.5,0,0,0,0.0,0.0,0.0,False,2,0,Relatively Low,Very Low,Very Low,Relatively Low,Relatively Low,No Rating,1,1,0,0,0,Chula Vista Elementary,Elementary,PK,12,1.0,medium_high
57.64324693042292,48.0218281036835,75.51159618008185,,,,,,1.6897564089014965,1,0.0,2.0,67.0197524485051,9.209856068,5.37732496149745,43.1205014538348,54.3255681210089,97.7096785701545,1.351887034898017,3.5,06073013319,Census Tract 133.19; San Diego County; California,9371,residential_or_mixed,2.4,27.4,35.0,45.2,3228,1444,2.9,3.12,3192,133750.0,4.2,4.4,1.7,73.7,19.4,41.2,2983.0,73,817,1.5,4,1,0,0.4268487888165617,0.1067121972041404,0.0,False,5,0,Relatively Moderate,Very Low,Very Low,Relatively Low,Relatively Moderate,Relatively High,4,2,1,1,4,Chula Vista Elementary,Elementary,PK,12,1.0000000000000002,medium_high
74.58049113233287,74.07912687585265,75.51159618008185,,,,,,0.0,0,0.0,2.1,46.2961223195622,9.209856068,5.37732496149745,53.4844368177702,52.3717788638769,93.099306719941,0.0,2.0,06073013320,Census Tract 133.20; San Diego County; California,6317,residential_or_mixed,9.0,28.1,34.8,45.7,1867,1024,3.38,3.82,2070,126122.0,6.5,6.7,3.6,72.5,17.3,26.7,3049.0,0,284,0.0,0,0,0,0.0,0.0,0.0,False,0,0,Relatively Low,Very Low,Very Low,Relatively Low,Relatively Moderate,Relatively Moderate,0,0,0,0,0,Sweetwater Union High,High,KG,12,1.0000000000000002,lower
74.58049113233287,74.07912687585265,75.51159618008185,,,,,,0.0,0,0.0,2.7,41.2675857857529,9.209856068,5.37732496149745,48.0528147194814,48.794786724222,86.8015173676763,1.3341154826141808,3.5,06073013321,Census Tract 133.21; San Diego County; California,8004,residential_or_mixed,5.4,30.4,35.4,43.3,2143,1287,3.73,3.96,2596,167670.0,6.0,5.9,3.2,72.9,16.0,18.2,3130.0,14,189,4.6,0,0,0,0.0,0.0,0.0,False,0,0,Relatively Low,Very Low,Very Low,Relatively Low,Relatively Moderate,Relatively Low,1,1,0,0,0,Chula Vista Elementary,Elementary,PK,12,1.0000000000000004,medium_high
74.58049113233287,74.07912687585265,75.51159618008185,,,,,,6.862996959649934,1,0.0,3.3,11.5520116494821,27.61772197,5.37732496149745,31.960531960532,21.8912394610729,0.0,1.7158427461973451,3.5,06073013322,Census Tract 133.22; San Diego County; California,4442,residential_or_mixed,6.0,33.9,35.2,39.8,1106,645,4.02,4.23,1270,164500.0,2.4,2.9,3.7,66.1,11.0,27.0,3174.0,15,123,0.0,0,0,0,0.0,0.0,0.0,False,4,0,Very Low,Relatively Low,Very Low,Relatively Low,Relatively Low,No Rating,1,1,0,0,0,Chula Vista Elementary,Elementary,PK,12,1.0000000000000009,medium_high
57.37721691678036,47.61255115961801,75.51159618008185,,,,,,5.236638269173608,1,0.0,0.0,33.9655212908378,9.209856068,5.37732496149745,39.4859144859145,43.3187066699963,53.5989915926415,1.309226406379325,3.5,06073013323,Census Tract 133.23; San Diego County; California,7011,residential_or_mixed,5.1,25.8,40.6,56.0,2076,931,3.37,3.37,2244,173852.0,5.4,4.1,1.7,59.9,18.1,15.9,2860.0,0,94,0.5,1,1,0,0.1426330052774211,0.1426330052774211,0.0,False,4,0,Relatively Low,Very Low,Very Low,Relatively Low,Relatively Low,Very Low,1,1,0,0,0,Chula Vista Elementary,Elementary,PK,12,0.9999999999999994,medium_high
64.91132332878581,74.07912687585265,47.88540245566166,,,,,,25.592652617190872,1,1.1,2.8,1.75564271789934,22.60735651,5.37732496149745,17.298250631584,2.91581939043678,0.0,0.0,3.5,06073013324,Census Tract 133.24; San Diego County; California,2899,residential_or_mixed,4.9,30.4,32.5,50.0,906,394,3.2,3.4,793,127716.0,3.1,2.0,2.6,61.8,19.0,66.8,3333.0,95,292,2.1,1,0,1,0.3449465332873404,0.0,0.3449465332873404,False,4,0,Very Low,Relatively Low,Very Low,Relatively Low,Very Low,No Rating,0,0,0,0,0,Chula Vista Elementary,Elementary,PK,12,1.0,medium_high
74.58049113233287,74.07912687585265,75.51159618008185,,,,,,10.167216124273546,1,4.9,7.2,12.9694435963079,39.04341645,5.37732496149745,39.7826397826398,22.4810626330372,20.6140820282306,0.0,3.5,06073013325,Census Tract 133.25; San Diego County; California,5457,residential_or_mixed,3.6,19.0,31.0,41.6,1952,548,2.79,3.47,1094,85455.0,17.5,7.4,1.6,77.9,12.9,65.5,2814.0,171,601,0.0,1,0,0,0.1832508704416346,0.0,0.0,False,4,0,Very Low,Relatively Low,Very Low,Relatively Low,Relatively Low,Very Low,0,0,0,0,0,Chula Vista Elementary,Elementary,PK,12,1.0000000000000004,medium_high
74.58049113233287,74.07912687585265,75.51159618008185,,,,,,11.7148168464626,1,0.1,0.0,39.1502454376776,9.209856068,5.37732496149745,23.1803231803232,53.9450370423222,74.0073490064571,1.6736474112252588,3.5,06073013326,Census Tract 133.26; San Diego County; California,4583,residential_or_mixed,3.1,18.2,41.7,53.8,1135,460,4.02,4.18,1669,208750.0,1.4,0.9,5.2,72.2,15.8,11.5,3083.0,32,32,16.4,0,0,0,0.0,0.0,0.0,False,7,0,Relatively Low,Very Low,Very Low,Relatively Low,Relatively Moderate,Relatively Low,1,1,0,0,0,Chula Vista Elementary,Elementary,PK,12,1.0000000000000002,medium_high
54.36221009549795,42.97407912687585,75.51159618008185,,,,,,22.715985858284544,1,1.7,7.5,25.1121497522136,28.15317183,5.37732496149745,32.1976738643405,35.9911050860357,61.2952326590798,1.6226650395231852,3.5,06073013327,Census Tract 133.27; San Diego County; California,5615,residential_or_mixed,8.5,23.3,39.1,41.7,1715,936,3.05,3.5,1871,139803.0,8.5,5.6,1.8,79.4,14.0,54.6,2715.0,22,468,4.0,4,2,0,0.7123775601068567,0.3561887800534283,0.0,False,14,0,Relatively Low,Relatively Low,Very Low,Relatively Low,Relatively Low,Very Low,1,0,0,1,0,Chula Vista Elementary,Elementary,PK,12,0.9999999999999992,medium_high
74.58049113233287,74.07912687585265,75.51159618008185,9.169985250737463,10.45353982300885,5.907079646017699,12.030973451327434,7.298672566371682,2.302087734322071,1,0.3,1.7,36.1004767832398,66.73458509,5.37732496149745,36.5710949044282,63.1372409118476,18.7114266347972,2.302207128655472,3.5,06073013401,Census Tract 134.01; San Diego County; California,4692,residential_or_mixed,5.9,26.2,40.8,69.1,1370,576,3.41,3.9,965,136190.0,6.4,2.3,4.5,79.4,11.5,16.6,3229.0,26,30,0.7,0,0,0,0.0,0.0,0.0,False,2,0,Relatively Low,Relatively High,Very Low,Relatively Low,Relatively Moderate,Very Low,2,0,1,1,0,Chula Vista Elementary,Elementary,PK,12,0.999999999999998,medium_high
74.58049113233287,74.07912687585265,75.51159618008185,13.874688159662252,15.621761658031089,17.48474381116868,12.070811744386877,13.0,3.798573078606205,1,1.5,2.1,39.7021866265824,9.209856068,5.37732496149745,29.2733209399876,47.9469159145232,66.4216997847621,0.949693354288101,3.5,06073013409,Census Tract 134.09; San Diego County; California,5895,residential_or_mixed,4.6,20.5,37.8,51.0,1975,684,2.97,3.45,1268,111349.0,5.9,4.4,2.1,65.9,14.2,33.6,2477.0,0,406,5.5,4,0,0,0.6785411365564037,0.0,0.0,False,4,0,Relatively Low,Very Low,Very Low,Relatively Low,Relatively Low,Very Low,1,1,0,0,0,Chula Vista Elementary,Elementary,PK,12,1.0000000000000009,medium_high
74.58049113233287,74.07912687585265,75.51159618008185,6.7226013234077735,8.865384615384615,14.267990074441688,7.601116625310174,1.0,1.6279686992070743,1,0.1,4.0,72.8527139065693,32.31179293,5.37732496149745,37.5911625911626,89.8314960817191,73.8896222039884,0.0,3.5,06073013411,Census Tract 134.11; San Diego County; California,4958,residential_or_mixed,4.1,20.0,47.5,47.4,1654,527,2.99,3.17,1783,160882.0,4.4,3.3,3.5,74.2,18.3,5.2,1903.0,0,26,1.0,0,0,0,0.0,0.0,0.0,False,3,0,Relatively Moderate,Relatively Low,Very Low,Relatively Low,Relatively High,Relatively Low,0,0,0,0,0,Chula Vista Elementary,Elementary,PK,12,1.0000000000000002,medium_high
74.58049113233287,74.07912687585265,75.51159618008185,10.554809843400449,13.217815741305674,15.640024405125075,9.45332519829164,7.782184258694325,4.963781531560992,1,1.0,1.0,68.0848815087958,44.2237754,5.37732496149745,35.1172601172601,87.1071313902465,82.8214001165376,1.6546695679549852,3.5,06073013412,Census Tract 134.12; San Diego County; California,5358,residential_or_mixed,8.7,22.1,40.2,53.3,1806,648,2.93,3.22,1419,123571.0,3.6,4.8,6.5,69.7,13.8,34.1,2437.0,17,308,1.8,0,0,0,0.0,0.0,0.0,False,9,0,Relatively Moderate,Relatively Moderate,Very Low,Relatively Low,Relatively High,Relatively Low,3,2,0,1,1,Chula Vista Elementary,Elementary,PK,12,0.9999999999999994,medium_high
74.58049113233287,74.07912687585265,75.51159618008185,10.271028733065355,6.99955337204109,11.80482358195623,15.318445734702992,6.092451987494417,2.70814769695788,1,1.0,1.6,40.221246212744,27.03192561,5.37732496149745,43.3767100433767,50.3561533064583,68.9617447349958,2.708292939904375,3.5,06073013414,Census Tract 134.14; San Diego County; California,7406,residential_or_mixed,6.6,21.5,42.6,60.2,2489,910,2.97,3.33,2064,145961.0,5.4,6.1,4.0,72.1,14.4,9.7,3194.0,0,34,2.1,0,0,0,0.0,0.0,0.0,False,3,0,Relatively Low,Relatively Low,Very Low,Relatively Low,Relatively Moderate,Relatively Low,3,2,1,0,0,Chula Vista Elementary,Elementary,PK,12,0.9999999999999992,medium_high
74.58049113233287,74.07912687585265,75.51159618008185,8.666666666666666,2.0,8.0,6.0,15.0,17.851699646335607,1,3.3,0.0,12.9119007915072,29.17727892,5.37732496149745,10.4473521140188,8.85686085643276,0.0,0.0,3.5,06073013415,Census Tract 134.15; San Diego County; California,1561,residential_or_mixed,4.9,19.2,39.3,61.4,527,163,2.96,3.46,468,154688.0,2.2,0.0,0.9,66.8,26.9,19.2,2427.0,0,38,2.9,0,0,0,0.0,0.0,0.0,False,8,0,Very Low,Relatively Low,Very Low,Very Low,Very Low,No Rating,0,0,0,0,0,Chula Vista Elementary,Elementary,PK,12,1.0000000000000002,medium_high
74.58049113233287,74.07912687585265,75.51159618008185,12.794486215538846,11.579782790309109,13.598162071846282,12.196324143692564,13.598162071846282,10.567836830447716,1,0.5,0.0,20.5310378843037,9.209856068,5.37732496149745,24.6818246818247,22.4537119617566,33.3571165257513,2.348517382977746,3.5,06073013416,Census Tract 134.16; San Diego County; California,4115,residential_or_mixed,8.8,22.8,36.9,52.0,1212,524,3.38,3.47,985,121439.0,5.1,7.2,1.6,74.0,14.5,16.6,2663.0,0,100,1.6,0,0,0,0.0,0.0,0.0,False,9,0,Relatively Low,Very Low,Very Low,Relatively Low,Relatively Low,Very Low,2,1,0,1,0,Chula Vista Elementary,Elementary,PK,12,0.9999999999999996,medium_high
74.58049113233287,74.07912687585265,75.51159618008185,10.333333333333332,7.0,5.0,9.0,16.0,1.2860603035578977,1,0.9,2.8,12.7944664959955,73.28199964,5.37732496149745,20.2929119595786,42.7086677844767,93.2812481419381,1.2861143555573693,3.5,06073013417,Census Tract 134.17; San Diego County; California,2127,residential_or_mixed,5.1,24.8,42.7,45.9,668,219,3.18,3.43,716,158203.0,3.6,3.1,3.2,62.2,26.2,9.7,,17,19,3.2,0,0,0,0.0,0.0,0.0,False,1,0,Very Low,Relatively High,Very Low,Relatively Low,Relatively Low,Relatively Moderate,1,1,0,0,0,Chula Vista Elementary,Elementary,PK,12,0.9999999999999994,medium_high
74.58049113233287,74.07912687585265,75.51159618008185,12.188518170426066,8.089755639097744,11.49718045112782,14.82095864661654,11.951127819548873,2.858193223359326,1,0.0,1.9,27.0991380322709,36.60013031,5.37732496149745,44.4063110729777,48.3131770777591,0.0,0.0,3.5,06073013418,Census Tract 134.18; San Diego County; California,5435,residential_or_mixed,1.4,20.9,46.2,52.8,2086,661,2.61,3.02,1667,90395.0,11.8,7.5,11.8,76.4,15.7,29.7,2516.0,126,359,5.1,0,0,0,0.0,0.0,0.0,False,2,0,Relatively Low,Relatively Low,Very Low,Relatively Low,Relatively Low,No Rating,0,0,0,0,0,Chula Vista Elementary,Elementary,PK,12,1.0000000000000002,medium_high
74.58049113233287,74.07912687585265,75.51159618008185,10.84547244094488,18.14566929133858,11.655511811023622,10.145669291338583,7.49015748031496,6.697981017699747,1,0.0,2.8,17.4166803673345,42.93194337,5.37732496149745,25.8019924686591,25.5740668069875,75.0002972899052,1.3396630450009974,3.5,06073013420,Census Tract 134.20; San Diego County; California,3174,residential_or_mixed,7.0,29.2,37.1,60.7,993,451,3.2,3.24,703,79757.0,15.1,10.0,2.9,68.9,10.4,58.1,3025.0,42,385,0.0,1,0,0,0.315059861373661,0.0,0.0,False,5,0,Very Low,Relatively Moderate,Very Low,Relatively Low,Relatively Low,Relatively Low,1,1,0,0,1,Chula Vista Elementary,Elementary,PK,12,1.0000000000000002,medium_high
74.58049113233287,74.07912687585265,75.51159618008185,11.304393580636676,10.205998421468037,16.45067087608524,13.03078137332281,7.554064719810576,6.274897787733776,1,0.0,1.4,27.5383422974846,9.209856068,5.37732496149745,27.5489775489776,34.9054023521577,28.9203619801886,1.0458661169387051,3.5,06073013421,Census Tract 134.21; San Diego County; California,4150,residential_or_mixed,2.2,17.2,41.0,53.9,1299,456,3.19,3.35,1598,152548.0,6.9,6.3,2.7,77.2,9.2,21.9,2707.0,6,82,6.9,1,0,0,0.2409638554216867,0.0,0.0,False,6,0,Relatively Low,Very Low,Very Low,Relatively Low,Relatively Low,Very Low,1,0,1,0,0,Chula Vista Elementary,Elementary,PK,12,0.9999999999999994,medium_high
74.58049113233287,74.07912687585265,75.51159618008185,,,,,,0.0,0,1.4,3.0,73.4023064095638,25.21530534,5.37732496149745,27.8552361885695,85.3709583437385,96.7393243195034,0.4568031044063087,3.5,06073013422,Census Tract 134.22; San Diego County; California,4017,residential_or_mixed,2.0,18.5,48.2,44.8,1317,397,3.05,3.62,1509,153986.0,2.1,4.2,3.6,68.9,26.4,9.3,1337.0,0,17,4.6,0,0,0,0.0,0.0,0.0,False,0,0,Relatively Moderate,Relatively Low,Very Low,Relatively Low,Relatively High,Relatively High,1,1,0,0,0,Chula Vista Elementary,Elementary,PK,12,1.0000000000000018,medium_high
74.58049113233287,74.07912687585265,75.51159618008185,,,,,,0.1666561011489704,1,0.0,1.6,27.1860394109496,9.209856068,5.37732496149745,25.3646503646504,27.8287134482062,95.9271282984315,0.1666612627678995,3.5,06073013423,Census Tract 134.23; San Diego County; California,3542,residential_or_mixed,4.8,31.1,36.9,46.4,1013,586,3.45,3.86,1362,195875.0,1.3,0.0,1.2,81.3,11.5,19.1,,77,34,1.7,0,0,0,0.0,0.0,0.0,False,1,0,Relatively Low,Very Low,Very Low,Relatively Low,Relatively Low,Relatively Moderate,1,1,0,0,0,Chula Vista Elementary,Elementary,PK,12,0.7235725852718082,medium_high
74.58049113233287,74.07912687585265,75.51159618008185,,,,,,12.541409518588992,1,1.7,1.1,57.2774032928576,9.209856068,5.37732496149745,35.5665188998522,58.4638436017267,73.5019561675764,2.6875621561630383,3.5,06073013424,Census Tract 134.24; San Diego County; California,6464,residential_or_mixed,6.9,24.4,36.8,65.0,1858,1070,3.48,3.73,1620,177941.0,4.9,1.9,8.7,49.7,22.0,35.1,,73,150,0.0,0,0,0,0.0,0.0,0.0,False,14,0,Relatively Moderate,Very Low,Very Low,Relatively Low,Relatively Moderate,Relatively Low,3,1,0,0,2,Chula Vista Elementary,Elementary,PK,12,1.0000000000000002,medium_high
74.58049113233287,74.07912687585265,75.51159618008185,,,,,,0.0,0,5.2,0.0,34.4939756206402,26.12331932,5.37732496149745,32.3907240573907,32.1108772430523,97.0734781729752,1.7477582383284416,3.5,06073013425,Census Tract 134.25; San Diego County; California,1906,residential_or_mixed,2.5,20.6,46.2,45.6,507,222,3.7,3.61,793,194935.0,3.3,3.2,6.1,71.9,19.7,3.6,,0,0,1.9,0,0,0,0.0,0.0,0.0,False,0,0,Relatively Low,Relatively Low,Very Low,Relatively Low,Relatively Low,Relatively High,2,1,1,0,0,Chula Vista Elementary,Elementary,PK,12,0.9999999999999984,medium_high
74.58049113233287,74.07912687585265,75.51159618008185,11.697260932244111,12.040845747236906,10.69437770302739,13.81787602114368,9.906295050456512,8.441948188805362,1,0.0,0.6,35.1833149352937,9.209856068,5.37732496149745,63.6815386815387,42.6967761882677,64.5582866588182,1.876009594690757,2.0,06073013503,Census Tract 135.03; San Diego County; California,6247,residential_or_mixed,9.1,28.2,31.3,36.2,1882,906,3.29,3.68,1293,104500.0,8.4,6.1,6.5,76.4,12.4,43.0,2103.0,35,461,2.1,0,0,0,0.0,0.0,0.0,False,9,0,Relatively Low,Very Low,Very Low,Relatively Moderate,Relatively Low,Very Low,2,1,0,1,0,Grossmont Union High,High,KG,12,0.9999999999999998,lower
74.58049113233287,74.07912687585265,75.51159618008185,10.06701868399675,4.5564581640942325,8.718115353371243,12.800974817221771,10.762794476035744,5.888869906926822,1,0.5,1.3,29.2904619865185,55.31303678,5.37732496149745,59.9611516278183,63.1158360386715,92.231220196687,1.1777933657057378,2.0,06073013504,Census Tract 135.04; San Diego County; California,4077,residential_or_mixed,2.5,14.7,45.2,28.5,1308,361,3.12,3.48,1403,141330.0,3.3,3.1,7.4,83.1,6.6,18.5,2376.0,38,53,5.3,0,0,0,0.0,0.0,0.0,False,5,0,Relatively Low,Relatively Moderate,Very Low,Relatively Moderate,Relatively Moderate,Relatively Moderate,1,1,0,0,0,Grossmont Union High,High,KG,12,1.0000000000000009,lower
74.58049113233287,74.07912687585265,75.51159618008185,12.636694386694389,7.551975051975052,13.045738045738046,11.652806652806651,15.958419958419958,14.256770872847747,1,0.7,4.6,23.051177865984,9.209856068,5.37732496149745,57.3370990037657,32.800589823172,91.2572984671733,0.9504627649912296,2.0,06073013505,Census Tract 135.05; San Diego County; California,5450,residential_or_mixed,4.1,17.8,43.9,30.8,1960,570,2.78,3.17,1301,113333.0,10.6,13.3,5.4,77.3,12.6,36.1,2446.0,33,347,3.7,0,0,0,0.0,0.0,0.0,False,15,0,Relatively Low,Very Low,Very Low,Relatively Moderate,Relatively Low,Relatively Moderate,1,1,0,0,0,Grossmont Union High,High,KG,12,1.0000000000000009,lower
74.58049113233287,74.07912687585265,75.51159618008185,10.166666666666666,11.0,8.0,6.0,15.0,2.6607787899227477,1,0.8,0.0,45.8346055382014,9.209856068,5.37732496149745,52.6776776776777,40.4183463546312,97.6038433638947,0.0,2.0,06073013506,Census Tract 135.06; San Diego County; California,4331,residential_or_mixed,5.7,23.8,37.9,37.3,1210,498,3.57,3.64,908,111304.0,9.9,7.1,7.1,84.5,8.8,26.0,1998.0,18,110,0.0,0,0,0,0.0,0.0,0.0,False,7,0,Relatively Low,Very Low,Very Low,Relatively Low,Relatively Low,Relatively High,0,0,0,0,0,Grossmont Union High,High,KG,12,0.9999999999999988,lower
56.49045020463847,46.24829467939973,75.51159618008185,11.800354609929078,8.874468085106383,16.50531914893617,10.708510638297872,12.002659574468083,3.995230437807405,1,1.2,6.8,40.3774338257745,44.85636439,5.37732496149745,67.0110586777253,70.9904510482442,44.8146694730834,1.598101945973884,2.0,06073013601,Census Tract 136.01; San Diego County; California,5214,residential_or_mixed,8.7,24.1,40.8,35.7,1995,637,2.57,3.06,1667,122238.0,4.9,2.0,3.2,76.5,15.0,21.5,1814.0,14,172,4.5,1,1,0,0.1917913310318373,0.1917913310318373,0.0,False,5,0,Relatively Low,Relatively Moderate,Very Low,Relatively Moderate,Relatively Moderate,Very Low,2,1,1,0,1,Grossmont Union High,High,KG,12,0.999999999999999,lower
74.58049113233287,74.07912687585265,75.51159618008185,10.300482640510666,10.133115366651095,7.971508640822046,13.649696403549743,8.199439514245679,3.5998230156355024,1,0.0,1.3,68.9973459849214,36.12154238,5.37732496149745,70.2357119023786,87.3735031453272,96.5526262590227,0.7199690688416637,2.0,06073013604,Census Tract 136.04; San Diego County; California,5525,residential_or_mixed,3.7,19.2,40.1,13.1,2024,569,2.7,3.02,1745,106622.0,10.6,8.0,2.7,79.0,11.5,33.3,2608.0,61,313,7.2,0,0,0,0.0,0.0,0.0,False,5,0,Relatively Moderate,Relatively Low,Very Low,Relatively Moderate,Relatively High,Relatively High,1,0,0,1,0,Cajon Valley Union,Elementary,PK,12,0.9999999999999992,lower
74.58049113233287,74.07912687585265,75.51159618008185,7.261790949649457,7.95602294455067,16.059273422562143,8.77772466539197,1.0,0.4460226981564964,1,0.0,1.5,54.5376611785706,18.07794823,5.37732496149745,62.7734877734878,74.3070172309229,80.5263220482085,0.4460246151526904,2.0,06073013605,Census Tract 136.05; San Diego County; California,6383,residential_or_mixed,7.6,24.1,44.7,13.4,2331,838,2.74,2.91,2572,132554.0,5.4,2.2,0.8,88.5,7.0,9.2,3204.0,0,153,3.6,0,0,0,0.0,0.0,0.0,False,1,0,Relatively Moderate,Very Low,Very Low,Relatively Moderate,Relatively Moderate,Relatively Low,1,1,0,0,0,Grossmont Union High,High,KG,12,1.0000000000000009,lower
74.58049113233287,74.07912687585265,75.51159618008185,,,,,,8.169835651760378,1,1.3,5.7,30.7971439979332,68.69217556,5.37732496149745,51.5563182229849,74.293936475093,88.3533706729454,1.0212385443936387,2.0,06073013607,Census Tract 136.07; San Diego County; California,2151,residential_or_mixed,2.0,16.3,46.7,22.5,954,206,2.25,3.02,538,79847.0,6.4,6.3,2.9,64.1,22.8,42.1,2567.0,8,162,8.3,0,0,0,0.0,0.0,0.0,False,8,0,Relatively Low,Relatively High,Very Low,Relatively Low,Relatively Moderate,Relatively Moderate,1,1,0,0,0,Grossmont Union High,High,KG,12,1.0000000000000004,lower
74.58049113233287,74.07912687585265,75.51159618008185,,,,,,8.401258992271913,1,0.0,15.4,41.1830330929845,38.21773382,5.37732496149745,57.053482053482,75.185806190765,31.5614854981984,4.200660489710887,2.0,06073013608,Census Tract 136.08; San Diego County; California,3801,residential_or_mixed,6.0,23.7,45.7,17.3,1563,524,2.42,3.0,861,73583.0,23.0,23.1,8.9,71.0,15.8,53.2,2608.0,34,445,8.5,0,0,0,0.0,0.0,0.0,False,4,0,Relatively Low,Relatively Low,Very Low,Relatively Moderate,Relatively Moderate,Very Low,2,1,1,0,0,Cajon Valley Union,Elementary,PK,12,0.9999999999999996,lower
74.58049113233287,74.07912687585265,75.51159618008185,11.011500754147812,11.35633484162896,8.574660633484163,9.712669683257918,13.35633484162896,9.083704413361565,1,0.0,5.7,20.3396199826197,20.08766215,5.37732496149745,36.5699032365699,31.1286313961923,38.318290464129,2.270938106930003,2.0,06073013701,Census Tract 137.01; San Diego County; California,2541,residential_or_mixed,5.2,24.0,44.2,30.4,853,281,2.98,3.32,774,123750.0,10.2,5.4,2.6,60.5,33.2,22.9,1799.0,16,103,3.9,0,0,0,0.0,0.0,0.0,False,8,0,Relatively Low,Relatively Low,Very Low,Relatively Low,Relatively Low,Very Low,2,1,1,0,0,Grossmont Union High,High,KG,12,0.9999999999999986,lower
74.58049113233287,74.07912687585265,75.51159618008185,11.062560809496013,12.296555750145943,6.587857559836544,8.935201401050788,14.810274372446,4.216779246534786,1,1.4,0.0,34.1757286798037,24.82971036,5.37732496149745,62.7127127127127,54.1804906472596,45.2213620634298,0.0,2.0,06073013702,Census Tract 137.02; San Diego County; California,5743,residential_or_mixed,6.7,26.9,33.0,54.1,1687,686,3.38,3.53,824,91217.0,7.7,7.1,8.3,69.0,18.4,53.8,1987.0,107,484,2.1,0,0,0,0.0,0.0,0.0,False,4,0,Relatively Low,Relatively Low,Very Low,Relatively Moderate,Relatively Moderate,Very Low,0,0,0,0,0,Grossmont Union High,High,KG,12,0.9999999999999966,lower
74.58049113233287,74.07912687585265,75.51159618008185,11.58990404672507,9.095118898623278,9.7459324155194,11.260325406758447,14.088861076345433,9.04833109312542,1,2.8,4.3,29.4572186861451,27.07753361,5.37732496149745,51.4037847371181,50.1944275980165,0.0,0.0,2.0,06073013801,Census Tract 138.01; San Diego County; California,5381,residential_or_mixed,1.4,17.2,39.3,49.9,1805,507,2.89,3.41,1260,86477.0,11.0,8.5,4.9,73.5,8.7,36.5,1738.0,36,429,0.0,0,0,0,0.0,0.0,0.0,False,8,0,Relatively Low,Relatively Low,Very Low,Relatively Low,Relatively Moderate,No Rating,0,0,0,0,0,Grossmont Union High,High,KG,12,0.9999999999999998,lower
74.58049113233287,74.07912687585265,75.51159618008185,13.589921652421651,9.504273504273504,13.34508547008547,13.938034188034187,15.407051282051285,14.635502147758002,1,1.6,3.4,17.7865983981962,26.68897708,5.37732496149745,23.3054483054483,38.9021678379889,0.0,0.0,2.0,06073013802,Census Tract 138.02; San Diego County; California,3125,residential_or_mixed,6.2,24.3,35.8,55.3,880,350,3.45,3.73,493,96613.0,16.4,13.1,7.6,78.2,5.0,58.8,2182.0,21,218,2.2,0,0,0,0.0,0.0,0.0,False,4,0,Very Low,Relatively Low,Very Low,Relatively Low,Relatively Low,No Rating,0,0,0,0,0,Grossmont Union High,High,KG,12,1.0000000000000002,lower
74.58049113233287,74.07912687585265,75.51159618008185,12.411543450064851,9.0,10.424902723735409,13.141634241245136,14.380544747081712,4.125323917835454,1,1.3,10.5,45.3719144138854,39.83889119,5.37732496149745,31.9629152962486,69.9356664645095,93.8793954312487,0.6875715063475675,2.0,06073013903,Census Tract 139.03; San Diego County; California,3471,residential_or_mixed,5.6,22.1,36.0,54.5,1161,364,2.87,3.74,785,116488.0,5.2,4.6,2.9,78.3,15.2,32.0,2750.0,11,140,4.0,1,0,0,0.2881014116969173,0.0,0.0,False,6,0,Relatively Low,Relatively Low,Very Low,Relatively Low,Relatively Moderate,Relatively Moderate,1,1,0,0,0,Grossmont Union High,High,KG,12,0.9684435215528984,lower
74.58049113233287,74.07912687585265,75.51159618008185,7.491883571228659,8.622166246851386,4.303946263643996,9.09151973131822,6.921074727120067,0.0,0,0.8,0.0,17.9780162998802,31.4564947,5.37732496149745,45.344153677487,29.2806773453201,93.5749705682994,0.0,2.0,06073013905,Census Tract 139.05; San Diego County; California,4486,residential_or_mixed,8.6,27.0,35.7,44.6,1218,520,3.67,3.93,1253,138340.0,3.0,0.9,2.7,81.7,5.8,5.3,2538.0,6,36,3.8,0,0,0,0.0,0.0,0.0,False,0,0,Very Low,Relatively Low,Very Low,Relatively Low,Relatively Low,Relatively Moderate,0,0,0,0,0,Grossmont Union High,High,KG,12,1.0000000000000002,lower
74.58049113233287,74.07912687585265,75.51159618008185,11.826228537596212,5.774422735346358,9.605683836589698,13.802841918294847,13.985790408525755,10.162741121267391,1,0.0,7.8,44.3866406745426,90.1054315,5.37732496149745,55.7986557986558,88.8777900657605,80.8390710285042,1.4518430375127191,2.0,06073013906,Census Tract 139.06; San Diego County; California,4830,residential_or_mixed,6.8,25.4,36.3,43.4,1715,472,2.81,3.56,888,74625.0,18.5,13.6,5.5,74.5,14.3,42.8,1687.0,201,301,2.3,0,0,0,0.0,0.0,0.0,False,7,0,Relatively Low,Very High,Very Low,Relatively Moderate,Relatively High,Relatively Low,1,1,0,0,0,Grossmont Union High,High,KG,12,0.9999999999999992,lower
74.58049113233287,74.07912687585265,75.51159618008185,10.399038461538462,7.903846153846154,4.682692307692308,10.586538461538462,14.317307692307692,0.0,0,3.2,3.2,18.922188035794,73.64034828,5.37732496149745,42.1612088278755,37.6452261187019,91.4047542601643,0.0,2.0,06073013907,Census Tract 139.07; San Diego County; California,3616,residential_or_mixed,6.8,19.9,34.1,57.0,1236,482,2.9,3.2,344,74545.0,16.5,14.9,4.4,77.0,7.7,77.1,1690.0,71,411,6.7,1,0,0,0.2765486725663716,0.0,0.0,False,0,0,Very Low,Relatively High,Very Low,Relatively Low,Relatively Low,Relatively Moderate,0,0,0,0,0,Grossmont Union High,High,KG,12,1.0,lower
74.58049113233287,74.07912687585265,75.51159618008185,16.336529680365295,16.649315068493152,16.07123287671233,17.947945205479453,14.7013698630137,27.529794409041894,1,0.3,7.9,26.6047396481669,60.75401291,5.37732496149745,36.8559035225702,53.524074536525,0.0,4.588398087509233,2.0,06073013908,Census Tract 139.08; San Diego County; California,3853,residential_or_mixed,4.7,23.4,34.2,51.1,1107,416,3.41,3.7,579,118259.0,7.1,3.5,4.9,82.1,7.3,50.4,1823.0,27,194,0.0,0,0,0,0.0,0.0,0.0,False,12,0,Relatively Low,Relatively High,Very Low,Relatively Low,Relatively Moderate,No Rating,2,1,1,0,0,Grossmont Union High,High,KG,12,0.9999999999999992,lower
74.58049113233287,74.07912687585265,75.51159618008185,11.68627450980392,4.185520361990951,14.963800904977376,16.18552036199095,9.298642533936652,9.591929090744117,1,0.9,6.3,21.2027620546304,50.1705858,5.37732496149745,43.6400686400686,50.3811256584971,18.8838547798271,0.0,2.0,06073013909,Census Tract 139.09; San Diego County; California,4742,residential_or_mixed,1.1,13.4,45.6,51.6,1502,312,3.15,3.64,570,105944.0,9.1,2.3,8.4,65.4,8.3,9.6,1663.0,0,94,0.0,0,0,0,0.0,0.0,0.0,False,4,0,Relatively Low,Relatively Moderate,Very Low,Relatively Low,Relatively Moderate,Very Low,0,0,0,0,0,Grossmont Union High,High,KG,12,1.0000000000000002,lower
74.58049113233287,74.07912687585265,75.51159618008185,13.68840579710145,9.638998682476943,12.719367588932808,14.262845849802371,15.623188405797102,12.523523582553198,1,0.4,2.0,22.789299386993,73.69187941,5.37732496149745,48.001573001573,52.5180454972471,0.0,2.78303886661943,2.0,06073014001,Census Tract 140.01; San Diego County; California,5020,residential_or_mixed,8.9,20.7,37.3,50.1,1521,475,3.26,4.03,664,85223.0,10.2,3.9,7.5,73.4,14.5,39.3,2158.0,27,319,7.7,0,0,0,0.0,0.0,0.0,False,9,0,Relatively Low,Relatively High,Very Low,Relatively Low,Relatively Moderate,No Rating,2,1,1,0,0,Grossmont Union High,High,KG,12,0.9999999999999992,lower
43.58799454297408,40.245566166439296,49.79536152796725,11.913103070175438,8.773026315789474,5.932565789473684,14.226973684210526,14.15953947368421,13.45596168696884,1,0.9,6.3,31.3244239847805,69.59722798,5.37732496149745,41.9419419419419,64.9673575684064,48.6092778233622,4.893157572374266,2.0,06073014002,Census Tract 140.02; San Diego County; California,4093,residential_or_mixed,2.8,28.7,37.9,44.0,1200,484,3.34,3.66,667,78430.0,10.5,11.2,4.2,85.8,5.4,17.1,1840.0,42,95,4.6,25,2,1,6.10798924993892,0.4886391399951136,0.2443195699975568,False,11,0,Relatively Low,Relatively High,Very Low,Relatively Low,Relatively Moderate,Very Low,4,3,0,1,0,Grossmont Union High,High,KG,12,0.999936775108865,lower
64.7680763983629,74.07912687585265,47.47612551159618,11.833333333333332,5.196377502383222,9.294566253574834,13.80362249761678,14.450905624404196,9.64027269180586,1,2.5,6.2,11.2807384268502,54.11419771,5.37732496149745,34.1293674627008,18.1097118666239,0.0,1.9280866989099656,2.0,06073014101,Census Tract 141.01; San Diego County; California,4139,residential_or_mixed,7.0,18.7,40.9,46.4,1260,351,3.25,3.45,698,108365.0,2.7,1.0,2.1,73.8,14.2,23.1,2426.0,56,114,0.0,3,0,2,0.724812756704518,0.0,0.4832085044696786,False,5,0,Very Low,Relatively Moderate,Very Low,Relatively Low,Relatively Low,No Rating,1,1,0,0,0,Grossmont Union High,High,KG,12,0.9998163786521228,lower
30.818553888130964,30.15006821282401,32.0600272851296,11.889964788732394,6.0,7.0,14.389964788732394,14.779929577464788,17.298865912162153,1,3.5,1.6,10.7499354111375,51.08096902,5.37732496149745,32.7529910863244,21.6129761097832,46.704244110687,2.162400690104956,2.0,06073014102,Census Tract 141.02; San Diego County; California,3608,residential_or_mixed,2.5,23.7,37.8,46.9,1063,391,3.39,3.62,457,107234.0,7.6,3.7,4.0,88.1,4.4,21.3,2316.0,62,99,0.0,98,5,24,27.161862527716185,1.385809312638581,6.651884700665189,False,8,0,Very Low,Relatively Moderate,Very Low,Relatively Low,Relatively Low,Very Low,1,1,0,0,1,Grossmont Union High,High,KG,12,0.5559221252164251,lower
48.75170532060027,47.74897680763984,50.61391541609823,11.538757559098409,8.449147883452447,5.093457943925234,13.285321605277623,14.559648158328752,15.951022974158723,1,2.0,2.9,41.429645113559,26.93004798,5.37732496149745,47.0017636684303,45.9538843899017,0.0,2.278753224121905,2.0,06073014200,Census Tract 142; San Diego County; California,7017,residential_or_mixed,4.3,16.7,38.2,37.4,2003,609,3.42,3.76,1212,114340.0,7.1,8.3,2.5,78.1,11.1,26.1,1958.0,217,142,1.5,5,1,1,0.7125552230297848,0.1425110446059569,0.1425110446059569,False,14,0,Relatively Low,Relatively Low,Very Low,Relatively Low,Relatively Low,No Rating,2,2,0,0,0,Grossmont Union High,High,KG,12,0.9801665215370676,lower
74.58049113233287,74.07912687585265,75.51159618008185,13.102315562735594,5.841680129240711,8.0,14.54442649434572,17.84168012924071,4.4859772777749445,1,1.2,4.3,11.7997980130117,29.99585382,5.37732496149745,28.9813623146956,16.7326650256264,47.7875685253232,0.0,2.0,06073014300,Census Tract 143; San Diego County; California,4282,residential_or_mixed,4.3,28.4,32.5,52.3,1253,653,3.4,3.61,546,91744.0,9.7,6.3,5.9,71.3,8.5,62.5,1891.0,15,343,5.4,1,0,0,0.2335357309668379,0.0,0.0,False,2,0,Very Low,Relatively Low,Very Low,Relatively Low,Relatively Low,Very Low,0,0,0,0,0,Grossmont Union High,High,KG,12,0.9999999999999998,lower
56.13574351978171,45.70259208731241,75.51159618008185,18.272727272727277,20.0,19.09090909090909,17.818181818181817,17.454545454545453,35.045994092187954,1,7.3,11.2,47.6583601474975,73.92702719,5.37732496149745,43.1824681824682,67.5038350397774,31.874234478494,0.0,2.0,06073014400,Census Tract 144; San Diego County; California,4426,residential_or_mixed,5.8,23.8,33.3,55.1,1992,529,2.22,3.46,245,51234.0,18.1,17.6,1.8,71.9,10.5,90.4,1781.0,43,1087,3.8,13,1,0,2.937189335743335,0.2259376412110257,0.0,False,23,0,Relatively Low,Relatively High,Very Low,Relatively Low,Relatively Moderate,Very Low,0,0,0,0,0,Grossmont Union High,High,KG,12,0.9999999999999972,lower
74.58049113233287,74.07912687585265,75.51159618008185,13.71990049751244,10.658955223880596,11.805223880597016,15.802985074626866,14.124626865671642,6.624965301143355,1,3.1,1.5,22.6965262935388,79.9348457,5.37732496149745,43.6722436722437,49.8174639981925,26.1876731713698,2.208338535150843,2.0,06073014500,Census Tract 145; San Diego County; California,4031,residential_or_mixed,6.1,28.1,34.8,45.8,1439,485,2.72,3.62,774,84390.0,7.1,3.7,3.8,77.7,11.3,48.0,1992.0,58,368,1.3,3,0,0,0.7442322004465393,0.0,0.0,False,3,0,Relatively Low,Relatively High,Very Low,Relatively Low,Relatively Moderate,Very Low,1,1,0,0,0,Grossmont Union High,High,KG,12,0.9999999999999996,lower
64.48158253751706,74.07912687585265,46.65757162346521,16.916930937279776,16.189746300211418,15.909090909090908,16.84830866807611,17.853065539112052,28.49064535486184,1,3.1,16.9,52.6575381074289,31.95818279,5.37732496149745,46.5048381715048,52.5679902013247,24.1898850082647,3.561343845510343,2.0,06073014601,Census Tract 146.01; San Diego County; California,4791,residential_or_mixed,5.6,19.4,40.3,27.7,2299,518,2.06,3.02,1362,81085.0,22.2,14.7,2.6,56.6,27.7,64.2,1692.0,92,583,4.3,6,0,3,1.2523481527864746,0.0,0.6261740763932373,False,16,0,Relatively Low,Relatively Low,Very Low,Relatively Low,Relatively Moderate,Very Low,2,1,0,1,1,Grossmont Union High,High,KG,12,0.9999999999999992,lower
56.40177353342428,46.11186903137789,75.51159618008185,10.038579360520774,4.975875933371626,10.71223434807582,12.295807007466973,9.975875933371626,6.639241635627679,1,0.6,1.8,31.731920990206,65.94444115,5.37732496149745,62.289670623004,59.5055474296315,81.7844529271164,0.9484690465048444,2.0,06073014602,Census Tract 146.02; San Diego County; California,5155,residential_or_mixed,12.6,27.6,35.8,19.1,1900,804,2.71,2.97,1660,132446.0,7.2,5.7,4.5,71.4,21.7,38.7,2397.0,57,372,2.8,1,1,0,0.1939864209505334,0.1939864209505334,0.0,False,7,0,Relatively Low,Relatively High,Very Low,Relatively Moderate,Relatively Moderate,Relatively Low,1,0,1,0,0,Grossmont Union High,High,KG,12,0.9999999999999992,lower
65.29331514324693,74.07912687585265,48.97680763983628,,,,,,6.97560954050815,1,1.0,4.3,23.515043333255,66.35135936,5.37732496149745,41.988416988417,47.4914677797201,0.0,0.0,2.0,06073014701,Census Tract 147.01; San Diego County; California,3688,residential_or_mixed,6.6,18.4,35.4,34.4,1454,369,2.54,3.33,1171,113485.0,6.3,1.0,2.1,81.1,12.0,43.3,2063.0,12,216,7.6,2,0,1,0.5422993492407809,0.0,0.2711496746203904,False,3,0,Relatively Low,Relatively High,Very Low,Relatively Low,Relatively Low,No Rating,0,0,0,0,0,Grossmont Union High,High,KG,12,1.0000000000000002,lower
64.33833560709414,74.07912687585265,46.24829467939973,,,,,,12.814567624195671,1,0.7,6.6,26.4426803203608,22.74299591,5.37732496149745,28.9336956003623,30.800423340825,0.0,1.830659806596108,2.0,06073014702,Census Tract 147.02; San Diego County; California,3996,residential_or_mixed,6.7,22.9,36.1,25.7,1584,541,2.52,3.01,1363,120882.0,1.5,0.0,3.4,58.2,30.6,17.0,2511.0,39,209,10.3,12,0,3,3.003003003003003,0.0,0.7507507507507507,False,7,0,Relatively Low,Relatively Low,Very Low,Relatively Low,Relatively Low,No Rating,1,1,0,0,0,Grossmont Union High,High,KG,12,0.9727103125436424,lower
42.53069577080491,38.47203274215553,50.068212824010914,15.416017877739332,11.576989619377162,17.94333910034602,15.441608996539792,16.04628027681661,9.725297765871929,1,0.8,13.0,38.6840312844963,52.30290825,5.37732496149745,67.8547595214262,47.7411913001082,0.0,2.778649525615858,2.0,06073014803,Census Tract 148.03; San Diego County; California,4692,residential_or_mixed,4.2,17.6,38.4,19.0,2146,603,2.1,2.83,1410,83775.0,11.7,0.0,5.2,62.3,20.7,67.8,1973.0,189,635,10.0,6,3,1,1.278772378516624,0.639386189258312,0.2131287297527706,False,7,0,Relatively Low,Relatively Moderate,Very Low,Relatively Moderate,Relatively Low,No Rating,2,1,0,0,1,Grossmont Union High,High,KG,12,1.0000000000000004,lower
65.6275579809004,74.07912687585265,49.931787175989086,14.62631086142322,11.26011235955056,11.851685393258428,18.48932584269663,13.83370786516854,14.234260358057274,1,0.0,2.3,23.3118820020199,30.40573358,5.37732496149745,59.1138757805424,31.1845218983744,0.0,0.0,2.0,06073014804,Census Tract 148.04; San Diego County; California,4527,residential_or_mixed,8.0,19.3,39.2,15.2,1946,479,2.26,3.09,1605,99107.0,8.5,3.7,3.3,74.6,20.2,34.3,1833.0,88,386,4.5,4,0,1,0.8835873647006848,0.0,0.2208968411751712,False,7,0,Relatively Low,Relatively Low,Very Low,Relatively Moderate,Relatively Low,No Rating,0,0,0,0,0,Grossmont Union High,High,KG,12,0.9995218062836574,lower
74.58049113233287,74.07912687585265,75.51159618008185,13.26796861066524,10.61904761904762,10.097378277153558,15.064205457463885,14.381487426431246,13.972114978370255,1,0.0,2.7,38.9611762219038,27.77646153,5.37732496149745,54.1744125077458,54.3850261020537,19.7816702936035,1.9960130092878672,2.0,06073014805,Census Tract 148.05; San Diego County; California,5131,residential_or_mixed,7.4,20.0,37.6,24.6,2253,609,2.24,2.9,1660,105790.0,13.4,14.9,4.2,73.7,12.6,53.3,2327.0,27,560,4.0,9,0,0,1.754044045994933,0.0,0.0,False,7,0,Relatively Low,Relatively Low,Very Low,Relatively Low,Relatively Moderate,Very Low,1,1,0,0,0,Grossmont Union High,High,KG,12,0.9744784488476672,lower
64.24283765347886,74.07912687585265,45.97544338335607,16.1326382855488,17.19635099913119,16.39530842745439,15.201563857515204,16.4005212858384,19.976143573306807,1,5.3,11.5,25.0393404889964,52.51199431,5.37732496149745,33.2546832546833,33.4356010607304,0.0,0.0,2.0,06073014806,Census Tract 148.06; San Diego County; California,3277,residential_or_mixed,1.9,14.2,38.8,35.4,1620,240,2.02,2.82,525,67500.0,24.6,30.3,3.0,62.4,17.4,86.6,1766.0,152,686,1.5,8,0,3,2.441257247482453,0.0,0.91547146780592,False,7,0,Relatively Low,Relatively Moderate,Very Low,Relatively Low,Relatively Low,No Rating,0,0,0,0,0,Grossmont Union High,High,KG,12,0.9981192825649224,lower
74.58049113233287,74.07912687585265,75.51159618008185,13.194364851957976,10.68481375358166,15.667621776504298,12.965616045845271,13.441260744985671,1.508971224764602,1,0.0,7.0,22.6847828639876,73.40756974,5.37732496149745,71.3499213499213,56.5849714007111,43.0012010512171,3.0179522783680337,2.0,06073014901,Census Tract 149.01; San Diego County; California,4994,residential_or_mixed,8.6,24.5,33.2,26.2,1855,631,2.69,3.01,1512,83018.0,11.3,4.2,5.7,62.3,17.2,61.0,2148.0,185,515,5.7,0,0,0,0.0,0.0,0.0,False,1,0,Relatively Low,Relatively High,Very Low,Relatively Moderate,Relatively Moderate,Very Low,2,1,0,0,1,Grossmont Union High,High,KG,12,1.0,lower
74.58049113233287,74.07912687585265,75.51159618008185,17.79976275207592,17.75373665480427,20.0,16.01494661921708,18.507473309608542,23.37714099981264,1,0.6,5.8,30.6656175869601,52.86678908,5.37732496149745,54.5724295724296,42.5528878741393,29.4852128001142,1.669796182576874,2.0,06073014902,Census Tract 149.02; San Diego County; California,3018,residential_or_mixed,2.1,10.7,45.8,21.2,1478,217,1.95,2.9,871,74792.0,4.2,0.8,2.6,80.0,11.2,63.9,1667.0,215,462,0.0,1,0,0,0.3313452617627568,0.0,0.0,False,14,0,Relatively Low,Relatively Moderate,Very Low,Relatively Low,Relatively Low,Very Low,1,1,0,0,1,Grossmont Union High,High,KG,12,0.9999999999999996,lower
74.58049113233287,74.07912687585265,75.51159618008185,,,,,,1.5083909230703345,1,0.7,2.2,21.2133311412265,9.209856068,5.37732496149745,51.7148100481434,18.3415979926986,0.0,1.508382826289688,2.0,06073015001,Census Tract 150.01; San Diego County; California,4418,residential_or_mixed,14.6,29.2,31.9,43.1,1582,484,2.79,3.45,1323,114833.0,24.8,15.4,2.1,73.6,14.3,46.3,2126.0,28,276,1.2,2,0,0,0.4526935264825713,0.0,0.0,False,1,0,Relatively Low,Very Low,Very Low,Relatively Low,Relatively Low,No Rating,1,0,1,0,0,Grossmont Union High,High,KG,12,1.0000000000000002,lower
51.16984993178718,38.062755798090045,75.51159618008185,,,,,,22.465817530440447,1,3.8,4.5,21.6243511755173,65.53693064,5.37732496149745,47.9145812479146,24.9247856539783,0.0,0.0,2.0,06073015002,Census Tract 150.02; San Diego County; California,2984,residential_or_mixed,3.4,24.4,31.4,36.1,1206,327,2.34,3.28,690,69545.0,15.2,11.1,10.7,74.4,9.9,87.6,2499.0,110,716,0.0,6,2,0,2.0107238605898123,0.6702412868632708,0.0,False,12,0,Relatively Low,Relatively High,Very Low,Relatively Low,Relatively Low,No Rating,0,0,0,0,0,Grossmont Union High,High,KG,12,1.0000000000000004,lower
65.72305593451568,74.07912687585265,50.204638472032734,9.908915795266925,5.483214089157952,13.779856906989544,13.603742432581178,6.491469455145845,0.0,0,1.4,2.3,28.4472837447448,64.53770065,5.37732496149745,70.6599456599456,51.8961150155185,43.3662730548321,1.215813243871843,2.0,06073015100,Census Tract 151; San Diego County; California,4811,residential_or_mixed,6.2,26.4,36.2,25.1,1763,626,2.71,3.27,1246,103244.0,4.8,2.1,5.6,73.7,17.9,38.7,2336.0,90,312,6.2,7,0,1,1.454998960715028,0.0,0.2078569943878611,False,0,0,Relatively Low,Relatively High,Very Low,Relatively Moderate,Relatively Moderate,Very Low,1,1,0,0,0,Grossmont Union High,High,KG,12,0.9999999999999998,lower
74.58049113233287,74.07912687585265,75.51159618008185,7.659948137670909,6.674681753889675,12.481612446958982,9.928571428571429,3.473125884016973,0.0,0,0.0,1.3,41.0902599995303,9.209856068,5.37732496149745,48.9215405882073,55.9261769707348,30.7469111578847,0.0,2.0,06073015200,Census Tract 152; San Diego County; California,3730,residential_or_mixed,3.4,16.1,54.7,17.2,1386,309,2.69,2.88,1577,160313.0,3.9,1.3,1.5,70.1,17.8,7.1,,4,15,4.2,0,0,0,0.0,0.0,0.0,False,0,0,Relatively Low,Very Low,Very Low,Relatively Low,Relatively Moderate,Very Low,0,0,0,0,0,Grossmont Union High,High,KG,12,1.0000000000000009,lower
74.58049113233287,74.07912687585265,75.51159618008185,14.0,9.5,10.5,15.0,17.0,15.853245229666124,1,7.6,0.7,16.918758954365,56.99105609,5.37732496149745,56.4445397778731,46.235715220054,0.0,0.0,2.0,06073015301,Census Tract 153.01; San Diego County; California,3347,residential_or_mixed,5.0,19.7,41.2,22.4,1081,315,3.1,3.75,697,78580.0,16.2,11.1,7.6,75.1,8.6,40.2,2023.0,52,345,1.1,1,0,0,0.2987750224081266,0.0,0.0,False,4,0,Very Low,Relatively Moderate,Very Low,Relatively Moderate,Relatively Low,No Rating,0,0,0,0,0,Cajon Valley Union,Elementary,PK,12,0.9999999999999994,lower
74.58049113233287,74.07912687585265,75.51159618008185,11.18680009530617,8.009292351679772,15.66047176554682,10.679056468906362,11.046461758398856,1.526060481452526,1,0.8,2.5,45.5046151678136,63.23698395,5.37732496149745,67.7951761285095,80.1576825657308,75.2476424910516,0.7630294955286481,2.0,06073015302,Census Tract 153.02; San Diego County; California,4518,residential_or_mixed,4.1,19.3,44.7,23.2,1415,438,2.95,3.18,1200,112656.0,7.0,4.6,3.7,68.8,19.8,22.0,2067.0,33,112,9.5,0,0,0,0.0,0.0,0.0,False,2,0,Relatively Low,Relatively High,Very Low,Relatively Moderate,Relatively High,Relatively Low,1,1,0,0,0,Grossmont Union High,High,KG,12,0.9999999999999988,lower
74.58049113233287,74.07912687585265,75.51159618008185,6.977671451355661,9.258373205741629,13.564593301435409,8.52153110047847,1.0,0.0,0,0.8,2.9,22.3031214035747,48.51270509,5.37732496149745,44.0750274083607,53.821364441749,71.2936867515727,0.0,2.0,06073015403,Census Tract 154.03; San Diego County; California,2580,residential_or_mixed,1.4,24.0,44.4,15.5,830,323,3.1,3.24,1011,160625.0,3.1,1.4,3.9,69.7,19.1,15.4,2337.0,0,57,0.5,0,0,0,0.0,0.0,0.0,False,0,0,Relatively Low,Relatively Moderate,Very Low,Relatively Low,Relatively Moderate,Relatively Low,0,0,0,0,0,Cajon Valley Union,Elementary,PK,12,0.9999999999999996,lower
74.58049113233287,74.07912687585265,75.51159618008185,9.507044765471733,4.577314071696094,15.422685928303906,10.899411449973249,7.621722846441948,2.204442247194083,1,0.0,4.5,57.643798294854,68.75614523,5.37732496149745,76.3835263835264,90.0538689308266,92.0897102018004,0.5511098634888167,2.0,06073015405,Census Tract 154.05; San Diego County; California,5434,residential_or_mixed,1.9,20.1,44.5,21.9,1731,579,3.13,3.37,1551,139494.0,4.4,5.1,6.1,74.0,15.9,17.1,2027.0,16,182,2.0,0,0,0,0.0,0.0,0.0,False,4,0,Relatively Moderate,Relatively High,Very Low,Relatively Moderate,Relatively High,Relatively Moderate,1,1,0,0,0,Cajon Valley Union,Elementary,PK,12,0.9999999999999996,lower
74.58049113233287,74.07912687585265,75.51159618008185,6.166666666666665,7.0,16.0,6.0,1.0,0.0,0,0.0,1.7,62.6418019118303,9.209856068,5.37732496149745,34.0221173554507,69.7311310097154,97.6276265563126,0.0,2.0,06073015406,Census Tract 154.06; San Diego County; California,2704,residential_or_mixed,6.3,17.8,43.1,16.7,862,251,3.14,3.57,1077,169375.0,7.7,6.9,5.8,80.5,10.5,5.7,2645.0,0,40,4.1,0,0,0,0.0,0.0,0.0,False,0,0,Relatively Moderate,Very Low,Very Low,Relatively Low,Relatively Moderate,Relatively High,0,0,0,0,0,Grossmont Union High,High,KG,12,1.0000000000000009,lower
74.58049113233287,74.07912687585265,75.51159618008185,,,,,,12.531604830405913,1,0.8,16.4,26.1690584118186,94.40206125,5.37732496149745,75.4385337718671,70.9821269308979,37.4478256216332,6.26577595711889,2.0,06073015407,Census Tract 154.07; San Diego County; California,3640,residential_or_mixed,11.7,26.6,33.6,21.4,1265,509,2.88,3.18,609,49544.0,19.6,12.3,6.9,67.8,12.7,77.5,2034.0,21,647,4.8,0,0,0,0.0,0.0,0.0,False,4,0,Relatively Low,Very High,Very Low,Relatively Moderate,Relatively Moderate,Very Low,2,1,0,0,1,Cajon Valley Union,Elementary,PK,12,1.0000000000000009,lower
74.58049113233287,74.07912687585265,75.51159618008185,,,,,,6.5320175139354175,1,0.9,1.8,34.3096037766869,54.79950246,5.37732496149745,59.5631345631346,67.7583151986491,36.6403862390449,0.0,2.0,06073015408,Census Tract 154.08; San Diego County; California,4482,residential_or_mixed,5.9,20.0,48.2,12.5,1392,433,3.15,3.41,748,143125.0,11.8,8.2,1.5,66.3,17.3,20.3,2235.0,32,118,0.7,1,0,0,0.2231146809460062,0.0,0.0,False,7,0,Relatively Low,Relatively Moderate,Very Low,Relatively Moderate,Relatively Moderate,Very Low,0,0,0,0,0,Cajon Valley Union,Elementary,PK,12,0.9999999999999988,lower
74.58049113233287,74.07912687585265,75.51159618008185,5.694157140264926,11.0141535111595,9.676646706586826,5.737071311921612,1.0,1.2583275691531772,1,0.4,1.6,94.7894403081476,23.80323402,5.37732496149745,63.1286047952715,69.9011808355036,99.6860618600835,0.2359328845474131,2.0,06073015501,Census Tract 155.01; San Diego County; California,5665,residential_or_mixed,6.4,19.8,43.2,28.6,1866,467,3.04,3.3,1099,112703.0,8.4,6.0,6.2,68.7,12.1,6.5,1538.0,17,47,1.3,0,0,0,0.0,0.0,0.0,False,16,1,Relatively High,Relatively Low,Very Low,Relatively Moderate,Relatively Moderate,Very High,3,3,0,0,0,Grossmont Union High,High,KG,12,1.0,lower
74.58049113233287,74.07912687585265,75.51159618008185,4.69375,6.564583333333333,10.46875,4.564583333333333,1.0,0.100125778023399,1,0.0,1.6,90.98691781948,9.209856068,5.37732496149745,38.996138996139,47.2274743438812,99.5374169074715,0.3003735329725177,2.0,06073015502,Census Tract 155.02; San Diego County; California,3013,residential_or_mixed,5.6,23.1,37.6,22.9,995,330,3.03,3.26,565,143542.0,5.5,2.4,3.2,74.1,16.7,17.9,3250.0,11,73,4.7,0,0,0,0.0,0.0,0.0,False,1,0,Relatively High,Very Low,Very Low,Relatively Low,Relatively Low,Very High,3,3,0,0,0,Grossmont Union High,High,KG,12,0.999999999999999,lower
74.58049113233287,74.07912687585265,75.51159618008185,14.408783783783784,9.482848232848232,16.867983367983367,14.83783783783784,15.213097713097714,6.383025872216627,1,2.0,5.5,51.4961129248186,9.209856068,5.37732496149745,64.6312979646313,67.1399521957832,0.0,1.5957454203569368,2.0,06073015601,Census Tract 156.01; San Diego County; California,6110,residential_or_mixed,2.8,21.1,38.5,22.5,2076,642,2.93,3.66,824,64757.0,17.8,11.4,13.2,74.2,14.2,53.7,1992.0,79,579,1.0,0,0,0,0.0,0.0,0.0,False,4,0,Relatively Low,Very Low,Very Low,Relatively Moderate,Relatively Moderate,No Rating,1,1,0,0,0,Cajon Valley Union,Elementary,PK,12,1.000000000000001,lower
74.58049113233287,74.07912687585265,75.51159618008185,7.724137931034483,10.772988505747126,10.663793103448276,11.454022988505749,1.0,0.0,0,0.0,7.3,58.4916739084482,70.48273411,5.37732496149745,49.5721912388579,79.389485450632,98.4552816524562,1.8122055155167325,2.0,06073015602,Census Tract 156.02; San Diego County; California,2732,residential_or_mixed,3.9,22.6,41.2,25.3,824,291,3.23,3.45,805,154333.0,13.9,12.1,5.1,72.6,19.8,9.3,1180.0,0,22,0.6,0,0,0,0.0,0.0,0.0,False,0,0,Relatively Moderate,Relatively High,Very Low,Relatively Low,Relatively High,Relatively High,3,1,1,1,0,Grossmont Union High,High,KG,12,1.000000000000001,lower
74.58049113233287,74.07912687585265,75.51159618008185,16.022824302134648,13.995073891625616,13.277832512315271,17.966995073891624,16.465024630541873,29.63582664583781,1,0.6,5.0,67.5094534607887,96.02084938,5.37732496149745,85.0040516707183,94.1136598765652,0.0,2.694142602460089,2.0,06073015701,Census Tract 157.01; San Diego County; California,6513,residential_or_mixed,7.4,27.2,33.5,25.7,2333,927,2.74,3.1,831,45285.0,31.8,31.1,4.0,92.9,3.8,86.2,1787.0,157,1227,1.7,0,0,0,0.0,0.0,0.0,False,11,0,Relatively Moderate,Very High,Very Low,Relatively High,Relatively High,No Rating,1,0,0,1,0,Cajon Valley Union,Elementary,PK,12,1.0000000000000004,lower
74.58049113233287,74.07912687585265,75.51159618008185,16.17366720516963,15.0,19.021001615508887,15.021001615508885,16.489499192245557,30.222762650705945,1,3.5,13.8,38.0369683162271,94.58745484,5.37732496149745,76.8518518518518,82.8761014590988,0.0,8.24251798565616,2.0,06073015704,Census Tract 157.04; San Diego County; California,4928,residential_or_mixed,9.7,29.3,34.6,36.5,1439,601,3.41,3.87,561,46022.0,32.8,24.7,5.9,72.2,8.2,65.4,1863.0,21,611,4.3,1,0,0,0.2029220779220779,0.0,0.0,False,11,0,Relatively Low,Very High,Very Low,Relatively Moderate,Relatively High,No Rating,3,1,0,2,0,Cajon Valley Union,Elementary,PK,12,1.0000000000000004,lower
65.38881309686221,74.07912687585265,49.24965893587995,,,,,,18.808290734829416,1,2.6,6.9,43.8335251426827,85.02635787,5.37732496149745,73.5521235521235,85.6242493429893,0.0,0.0,2.0,06073015705,Census Tract 157.05; San Diego County; California,3771,residential_or_mixed,2.9,13.3,45.4,28.3,1279,285,2.71,3.01,455,56811.0,21.0,11.1,3.4,73.3,5.0,84.6,1841.0,26,669,1.1,2,0,1,0.5303632988597189,0.0,0.2651816494298594,False,3,0,Relatively Low,Very High,Very Low,Relatively Moderate,Relatively High,No Rating,0,0,0,0,0,Cajon Valley Union,Elementary,PK,12,0.9999999999999996,lower
74.58049113233287,74.07912687585265,75.51159618008185,,,,,,28.594148861594288,1,3.8,10.9,16.2165018672053,86.81632411,5.37732496149745,55.5460222126889,57.568406407192,0.0,0.0,2.0,06073015706,Census Tract 157.06; San Diego County; California,2458,residential_or_mixed,8.7,27.1,35.4,35.6,814,217,3.02,4.03,285,37432.0,26.2,22.4,9.1,67.7,9.9,74.1,1892.0,65,307,2.6,0,0,0,0.0,0.0,0.0,False,3,0,Very Low,Very High,Very Low,Relatively Low,Relatively Moderate,No Rating,0,0,0,0,0,Cajon Valley Union,Elementary,PK,12,1.0000000000000004,lower
43.22646657571623,39.83628922237381,49.5225102319236,15.047224224945928,15.459264599855803,13.553713049747657,14.729632299927902,15.905551550108148,12.385269145940056,1,4.8,15.3,38.5771660755807,45.52863828,5.37732496149745,58.688450355117,65.1730821828214,0.0,4.12838813007525,2.0,06073015801,Census Tract 158.01; San Diego County; California,3947,residential_or_mixed,3.9,25.8,31.6,52.5,1450,657,2.72,3.41,369,53602.0,21.6,15.2,4.7,62.0,20.0,95.7,1743.0,227,768,0.8,13,2,1,3.293640739802382,0.5067139599695972,0.2533569799847986,False,3,0,Relatively Low,Relatively Moderate,Very Low,Relatively Moderate,Relatively Moderate,No Rating,1,1,0,0,0,Cajon Valley Union,Elementary,PK,12,1.0,lower
74.58049113233287,74.07912687585265,75.51159618008185,14.67797619047619,13.007142857142858,10.217857142857143,14.907142857142857,17.514285714285716,41.2116707759299,1,0.8,14.3,55.1800267750194,92.01267547,5.37732496149745,78.6500786500787,89.4711807165876,0.0,0.0,2.0,06073015802,Census Tract 158.02; San Diego County; California,4479,residential_or_mixed,5.6,18.5,41.1,24.2,1519,422,2.5,3.03,496,60368.0,20.6,13.9,8.3,75.8,8.9,78.2,1870.0,276,540,5.8,2,0,0,0.4465282429113641,0.0,0.0,False,15,0,Relatively Moderate,Very High,Very Low,Relatively Moderate,Relatively High,No Rating,0,0,0,0,0,Cajon Valley Union,Elementary,PK,12,0.9999999999999996,lower
74.58049113233287,74.07912687585265,75.51159618008185,13.799584631360332,14.0,15.819314641744548,10.180685358255452,16.30841121495327,33.3358652784248,1,2.4,13.7,34.088827301125,95.08203518,5.37732496149745,71.1330377997045,84.0414778875769,0.0,0.0,2.0,06073015901,Census Tract 159.01; San Diego County; California,3442,residential_or_mixed,19.1,40.2,26.4,55.1,983,471,3.44,4.33,362,46372.0,19.4,17.2,9.0,71.7,4.5,86.7,1776.0,37,551,4.9,1,0,0,0.2905287623474724,0.0,0.0,False,5,0,Relatively Low,Very High,Very Low,Relatively Moderate,Relatively High,No Rating,0,0,0,0,0,Cajon Valley Union,Elementary,PK,12,1.0000000000000002,lower
56.84515688949523,46.79399727148704,75.51159618008185,13.369227784245249,8.39930151338766,6.493597206053551,15.469150174621651,17.19208381839348,11.698821014655596,1,3.2,18.3,49.9823848556733,80.93170645,5.37732496149745,76.7052767052767,86.347258392494,0.0,4.679508627199974,2.0,06073015902,Census Tract 159.02; San Diego County; California,5586,residential_or_mixed,9.9,31.2,32.6,33.4,1761,793,3.17,3.51,493,46969.0,26.4,31.3,5.7,75.3,11.2,74.8,1809.0,60,826,0.0,1,1,0,0.1790189760114572,0.1790189760114572,0.0,False,5,0,Relatively Low,Very High,Very Low,Relatively Moderate,Relatively High,No Rating,2,1,1,0,2,Cajon Valley Union,Elementary,PK,12,1.0000000000000016,lower
74.58049113233287,74.07912687585265,75.51159618008185,8.993612078977932,13.686411149825783,7.281068524970964,10.718931475029036,5.778164924506388,23.60952016183621,1,3.5,3.4,32.3273128684501,83.54913226,5.37732496149745,56.2717479384146,60.6733021773513,0.0,1.3887873278880285,2.0,06073016000,Census Tract 160; San Diego County; California,2424,residential_or_mixed,3.8,15.4,44.2,30.9,908,201,2.67,3.03,587,90357.0,25.8,23.3,2.2,72.2,9.3,30.1,1670.0,14,114,7.8,1,0,0,0.4125412541254125,0.0,0.0,False,17,0,Relatively Low,Very High,Very Low,Relatively Moderate,Relatively Moderate,No Rating,1,0,0,1,0,Grossmont Union High,High,KG,12,0.9999999999999996,lower
74.58049113233287,74.07912687585265,75.51159618008185,12.008547008547009,8.778846153846153,13.657051282051285,11.291666666666666,13.51602564102564,4.571410108903775,1,0.9,0.0,52.3052352208939,9.209856068,5.37732496149745,62.7651460984794,60.6411948675871,39.2791314378129,0.9142734079319196,2.0,06073016100,Census Tract 161; San Diego County; California,6199,residential_or_mixed,6.4,23.3,37.2,22.0,2106,855,2.93,3.45,1340,114228.0,8.5,6.0,3.0,71.7,19.4,26.8,2147.0,20,437,5.6,2,0,0,0.3226326826907565,0.0,0.0,False,5,0,Relatively Low,Very Low,Very Low,Relatively Moderate,Relatively Moderate,Very Low,1,1,0,0,0,Grossmont Union High,High,KG,12,1.0000000000000022,lower
47.99454297407912,46.65757162346521,50.4774897680764,10.183,12.0765,16.7555,9.9785,6.1545,1.634430187507956,1,0.7,0.7,71.7840618174132,66.10673459,5.37732496149745,76.310834644168,92.1729513752631,69.8869109200528,2.179210067884484,2.0,06073016201,Census Tract 162.01; San Diego County; California,5537,residential_or_mixed,6.6,24.9,41.5,9.3,1895,631,2.9,3.28,1786,130852.0,6.0,2.7,2.7,78.8,15.6,11.8,2655.0,0,103,0.0,5,1,1,0.9030160736861116,0.1806032147372223,0.1806032147372223,False,3,0,Relatively Moderate,Relatively High,Very Low,Relatively Moderate,Relatively High,Relatively Low,4,1,0,3,0,Grossmont Union High,High,KG,12,1.0000000000000004,lower
74.58049113233287,74.07912687585265,75.51159618008185,15.546834851670171,18.32025227750525,14.320252277505256,10.980378416257883,19.339873861247373,9.680670857688806,1,0.1,8.7,95.0055194118891,9.209856068,5.37732496149745,47.5570808904142,93.8556122388308,21.2966596506249,0.7744426765105189,2.0,06073016202,Census Tract 162.02; San Diego County; California,3470,residential_or_mixed,10.7,27.7,29.6,25.3,1330,420,2.6,3.6,561,72342.0,15.8,19.1,8.8,71.7,14.4,84.0,1926.0,163,448,15.6,1,0,0,0.2881844380403458,0.0,0.0,False,25,0,Relatively High,Very Low,Very Low,Relatively Low,Relatively High,Very Low,2,1,0,1,1,Grossmont Union High,High,KG,12,1.0000000000000009,lower
74.58049113233287,74.07912687585265,75.51159618008185,14.520797557717994,10.406410990269032,13.406410990269032,14.0,17.655981682884946,16.992084942824537,1,2.0,14.6,49.2261079925782,93.66818693,5.37732496149745,81.2145478812145,90.0586255693102,0.0,2.427415289548585,2.0,06073016301,Census Tract 163.01; San Diego County; California,5120,residential_or_mixed,4.9,24.7,35.1,40.1,1806,664,2.83,3.52,429,63889.0,24.3,20.9,10.6,64.6,11.9,61.3,1696.0,151,615,7.1,2,0,0,0.390625,0.0,0.0,False,7,0,Relatively Low,Very High,Very Low,Relatively Moderate,Relatively High,No Rating,1,0,1,0,0,Cajon Valley Union,Elementary,PK,12,0.9999999999999998,lower
74.58049113233287,74.07912687585265,75.51159618008185,13.897158863545418,12.62064825930372,16.7719087635054,10.320528211284511,16.67466986794718,13.049313741649565,1,3.0,6.0,54.5411842074359,69.47225019,5.37732496149745,75.6351589684923,84.6574625712009,0.0,2.1748622425974458,2.0,06073016302,Census Tract 163.02; San Diego County; California,5669,residential_or_mixed,5.9,32.3,30.1,35.1,1777,902,3.16,3.55,534,51164.0,30.0,29.8,4.6,66.9,8.7,80.1,1866.0,139,832,6.7,1,0,0,0.1763979537837361,0.0,0.0,False,6,0,Relatively Moderate,Relatively High,Very Low,Relatively Moderate,Relatively High,No Rating,1,1,0,0,0,Cajon Valley Union,Elementary,PK,12,1.0000000000000002,lower
74.58049113233287,74.07912687585265,75.51159618008185,13.065487674169344,11.627652733118971,14.084887459807074,12.172990353697749,14.167202572347266,12.141772066509663,1,0.8,6.4,40.9704770181084,60.31807143,5.37732496149745,71.2307545640879,71.2259046531816,61.6210623952053,3.3113461543334943,2.0,06073016401,Census Tract 164.01; San Diego County; California,5194,residential_or_mixed,9.2,25.7,39.3,26.8,1690,627,2.87,3.51,922,111250.0,3.5,1.1,4.1,68.4,11.0,17.2,2000.0,37,114,4.0,1,0,0,0.1925298421255294,0.0,0.0,False,11,0,Relatively Low,Relatively High,Very Low,Relatively Moderate,Relatively Moderate,Very Low,3,1,1,0,2,Cajon Valley Union,Elementary,PK,12,0.9999999999999998,lower
74.58049113233287,74.07912687585265,75.51159618008185,,,,,,2.4107472034619195,1,6.7,9.8,60.0042276346384,27.9156548,5.37732496149745,59.6620429953763,73.8801089270213,97.4028753879633,0.0,2.0,06073016403,Census Tract 164.03; San Diego County; California,5362,residential_or_mixed,5.8,33.2,35.9,23.3,1639,857,3.17,3.37,1260,80341.0,10.1,4.9,3.5,58.5,23.4,40.1,1812.0,12,491,3.3,0,0,0,0.0,0.0,0.0,False,5,0,Relatively Moderate,Relatively Low,Very Low,Relatively Moderate,Relatively Moderate,Relatively High,0,0,0,0,0,Cajon Valley Union,Elementary,PK,12,1.0000000000000004,lower
74.58049113233287,74.07912687585265,75.51159618008185,,,,,,24.396348425296484,1,3.2,11.6,25.2554195927379,92.88574306,5.37732496149745,66.354449687783,74.7660328445887,0.0,0.0,2.0,06073016404,Census Tract 164.04; San Diego County; California,4110,residential_or_mixed,3.5,18.6,40.6,32.7,905,335,3.11,3.68,241,46835.0,42.4,23.2,9.2,64.4,9.2,63.6,1463.0,35,233,0.0,0,0,0,0.0,0.0,0.0,False,6,0,Relatively Low,Very High,Very Low,Relatively Moderate,Relatively Moderate,No Rating,0,0,0,0,0,Cajon Valley Union,Elementary,PK,12,0.9999999999999992,lower
74.58049113233287,74.07912687585265,75.51159618008185,12.024113475177304,9.970212765957449,15.556595744680852,12.022127659574467,11.286808510638298,9.852827357663289,1,0.0,4.7,71.2297719425981,64.45300006,5.37732496149745,80.2600219266886,90.9730893177791,0.0,0.0,2.0,06073016502,Census Tract 165.02; San Diego County; California,7767,residential_or_mixed,10.8,28.2,33.8,37.6,2479,1052,3.09,3.56,1125,68202.0,18.7,13.4,4.0,73.5,5.6,69.5,1860.0,135,1001,1.3,0,0,0,0.0,0.0,0.0,False,8,0,Relatively Moderate,Relatively High,Very Low,Relatively Moderate,Relatively High,No Rating,0,0,0,0,0,Grossmont Union High,High,KG,12,1.0,lower
74.58049113233287,74.07912687585265,75.51159618008185,14.810471976401182,5.247787610619469,13.871681415929205,18.871681415929203,16.0,26.817805761780072,1,3.7,4.0,14.1872372407638,26.29864361,5.37732496149745,44.0452357119024,26.8393326436208,0.0,0.0,2.0,06073016503,Census Tract 165.03; San Diego County; California,2912,residential_or_mixed,6.4,24.5,38.4,33.0,951,340,3.06,3.08,423,109023.0,8.4,5.8,4.2,66.5,17.7,40.1,2340.0,56,130,8.4,0,0,0,0.0,0.0,0.0,False,7,0,Very Low,Relatively Low,Very Low,Relatively Low,Relatively Low,No Rating,0,0,0,0,0,Grossmont Union High,High,KG,12,1.0000000000000002,lower
74.58049113233287,74.07912687585265,75.51159618008185,14.165599573162597,13.608643457382954,11.496198479391756,14.198479391756702,15.745898359343736,29.718128561647,1,5.6,13.3,70.2679850623576,95.43505301,5.37732496149745,86.6604699938033,95.704755449324,0.0,1.9811813825422893,2.0,06073016504,Census Tract 165.04; San Diego County; California,6521,residential_or_mixed,8.7,26.2,32.1,29.3,2243,857,2.89,3.94,843,70394.0,20.1,21.1,8.2,78.5,7.4,72.8,2053.0,152,918,4.4,0,0,0,0.0,0.0,0.0,False,15,0,Relatively Moderate,Very High,Very Low,Relatively High,Very High,No Rating,1,1,0,0,0,Cajon Valley Union,Elementary,PK,12,0.9999999999999994,lower
65.34106412005457,74.07912687585265,49.11323328785812,9.99739989599584,9.597503900156006,14.009360374414976,12.39625585023401,5.792511700468019,8.475365917380044,1,1.7,2.6,83.3489912394016,9.209856068,5.37732496149745,45.4966871633538,93.3823267097142,72.7504072871702,1.883372481065828,2.0,06073016606,Census Tract 166.06; San Diego County; California,3704,residential_or_mixed,6.8,20.1,41.5,22.3,1409,338,2.62,3.29,916,128750.0,1.9,0.0,3.1,78.9,10.2,24.8,2569.0,82,146,0.0,1,0,1,0.2699784017278618,0.0,0.2699784017278618,False,9,0,Relatively Moderate,Very Low,Very Low,Relatively Low,Relatively High,Relatively Low,2,1,0,1,0,Grossmont Union High,High,KG,12,1.0,lower
74.58049113233287,74.07912687585265,75.51159618008185,10.117559523809524,8.886479591836734,5.2729591836734695,15.477465986394558,7.795493197278912,0.0,0,3.0,3.5,95.3566479554689,9.209856068,5.37732496149745,68.1753181753182,98.5587385394741,94.8354797664491,1.2630355771164563,2.0,06073016607,Census Tract 166.07; San Diego County; California,7167,residential_or_mixed,7.1,22.3,42.0,18.1,2461,719,2.88,3.29,1739,143331.0,7.7,4.1,2.2,73.6,15.1,19.2,2388.0,64,198,2.7,2,0,0,0.2790567880563694,0.0,0.0,False,0,0,Relatively High,Very Low,Very Low,Relatively Moderate,Very High,Relatively Moderate,2,1,0,1,0,Grossmont Union High,High,KG,12,0.9999999999999994,lower
74.58049113233287,74.07912687585265,75.51159618008185,9.166666666666668,9.0,6.0,7.0,13.0,0.0,0,0.0,1.0,21.4352819597435,35.49191494,5.37732496149745,39.5824395824396,34.0266133923157,96.3373883676406,0.0,2.0,06073016608,Census Tract 166.08; San Diego County; California,2471,residential_or_mixed,4.4,23.4,40.8,9.5,811,306,3.01,3.28,622,143882.0,3.6,0.8,1.5,73.3,15.8,8.9,3444.0,0,39,0.0,0,0,0,0.0,0.0,0.0,False,0,0,Relatively Low,Relatively Low,Very Low,Relatively Low,Relatively Low,Relatively High,0,0,0,0,0,Grossmont Union High,High,KG,12,0.9999999999999996,lower
74.58049113233287,74.07912687585265,75.51159618008185,11.074271079590227,3.709219858156029,6.970449172576832,13.411347517730496,14.47163120567376,2.714973962306809,1,2.1,3.3,62.9154238203725,9.209856068,5.37732496149745,59.8157681491015,66.0863567716695,97.3481740454021,1.6289321354195023,2.0,06073016609,Census Tract 166.09; San Diego County; California,5673,residential_or_mixed,6.9,22.5,40.6,23.6,2016,661,2.81,3.24,1223,127559.0,4.2,2.8,2.9,70.0,18.0,25.6,2452.0,66,238,0.6,2,0,0,0.352547153181738,0.0,0.0,False,5,0,Relatively Moderate,Very Low,Very Low,Relatively Moderate,Relatively Moderate,Relatively High,3,3,0,0,0,Grossmont Union High,High,KG,12,1.0000000000000004,lower
74.58049113233287,74.07912687585265,75.51159618008185,14.038581356338366,7.4421279654924515,14.09489575844716,16.02084831056794,15.326383896477354,9.62925714013286,1,6.0,10.5,36.233177537168,9.209856068,5.37732496149745,52.0174936841604,46.2083645487734,94.4038148240638,0.0,2.0,06073016610,Census Tract 166.10; San Diego County; California,4853,residential_or_mixed,7.8,29.2,35.4,22.7,1548,724,3.13,3.55,999,97700.0,13.2,10.0,4.6,70.0,12.3,23.7,2229.0,13,138,1.4,0,0,0,0.0,0.0,0.0,False,5,0,Relatively Low,Very Low,Very Low,Relatively Low,Relatively Low,Relatively Moderate,0,0,0,0,0,Grossmont Union High,High,KG,12,1.0000000000000004,lower
74.58049113233287,74.07912687585265,75.51159618008185,11.377244056283358,5.526928675400291,2.7365356622998545,15.89519650655022,14.10480349344978,18.60148386583675,1,0.0,1.5,30.3544167038542,9.209856068,5.37732496149745,27.2010105343439,50.0279452510911,0.0,0.0,2.0,06073016613,Census Tract 166.13; San Diego County; California,1945,residential_or_mixed,5.9,23.9,39.3,14.4,722,288,2.69,3.04,589,120227.0,2.7,2.7,9.1,75.5,15.5,23.7,2157.0,0,86,0.0,0,0,0,0.0,0.0,0.0,False,6,0,Relatively Low,Very Low,Very Low,Relatively Low,Relatively Moderate,No Rating,0,0,0,0,0,Grossmont Union High,High,KG,12,1.0,lower
74.58049113233287,74.07912687585265,75.51159618008185,13.9375,16.770833333333332,8.95138888888889,15.95138888888889,13.0,5.949437495199812,1,0.0,3.2,64.7779317471874,9.209856068,5.37732496149745,50.2728919395586,76.3095620325116,78.9851711795274,1.18985917651689,2.0,06073016614,Census Tract 166.14; San Diego County; California,4075,residential_or_mixed,5.9,22.2,41.6,17.9,1388,494,2.93,3.12,1180,124071.0,11.8,11.8,3.9,70.9,20.3,14.6,2597.0,64,101,0.0,0,0,0,0.0,0.0,0.0,False,5,0,Relatively Moderate,Very Low,Very Low,Relatively Low,Relatively Moderate,Relatively Low,1,1,0,0,0,Grossmont Union High,High,KG,12,1.0000000000000002,lower
74.58049113233287,74.07912687585265,75.51159618008185,16.5,20.0,19.0,17.0,13.0,17.21659483997656,1,3.4,1.9,47.4645935599032,26.07534206,5.37732496149745,55.4614137947471,68.5027291213299,73.8444341383944,1.0760115802380066,2.0,06073016615,Census Tract 166.15; San Diego County; California,4230,residential_or_mixed,5.4,15.9,37.1,19.2,1247,407,2.61,2.93,1162,141150.0,7.2,5.6,1.3,68.4,13.6,45.1,2652.0,35,336,0.0,1,0,0,0.2364066193853427,0.0,0.0,False,16,0,Relatively Low,Relatively Low,Very Low,Relatively Low,Relatively Moderate,Relatively Low,1,1,0,0,0,Grossmont Union High,High,KG,12,0.9999999999999996,lower
74.58049113233287,74.07912687585265,75.51159618008185,10.409752547307132,15.301310043668122,9.951965065502185,11.0,7.602620087336245,1.0586804241687646,1,0.0,4.2,85.0705780116025,49.66415921,5.37732496149745,63.1655464988798,97.0271009477602,34.7900538689308,1.058659949444138,2.0,06073016616,Census Tract 166.16; San Diego County; California,3568,residential_or_mixed,5.7,24.1,41.8,32.2,1373,484,2.51,3.37,693,70855.0,7.1,3.2,4.4,78.4,10.5,40.9,2052.0,15,384,3.2,1,0,0,0.2802690582959641,0.0,0.0,False,1,0,Relatively High,Relatively Moderate,Very Low,Relatively Moderate,Very High,Very Low,1,1,0,0,0,Grossmont Union High,High,KG,12,1.0,lower
46.043656207366986,44.61118690313779,48.70395634379263,14.92141312184571,17.319394376351838,12.041816870944483,16.76423936553713,13.319394376351838,8.802929554893268,1,0.0,14.0,69.4987904267562,80.97198365,5.37732496149745,65.1151151151151,95.8105906555837,53.2553244622026,0.0,2.0,06073016617,Census Tract 166.17; San Diego County; California,3607,residential_or_mixed,6.4,20.6,42.7,36.3,1588,449,2.27,3.24,582,46146.0,24.2,16.6,5.3,69.7,14.4,54.9,1822.0,18,522,6.4,6,1,1,1.6634322151372332,0.2772387025228722,0.2772387025228722,False,6,0,Relatively Moderate,Very High,Very Low,Relatively Moderate,Very High,Very Low,0,0,0,0,0,Grossmont Union High,High,KG,12,1.0000000000000004,lower
74.58049113233287,74.07912687585265,75.51159618008185,,,,,,0.0,0,0.0,3.1,56.5293468304484,9.209856068,5.37732496149745,48.8011821345155,61.4117703019276,96.8427812065214,0.0,2.0,06073016618,Census Tract 166.18; San Diego County; California,3649,residential_or_mixed,5.9,18.8,45.5,15.1,1618,440,2.26,2.87,1167,104833.0,3.9,0.0,3.0,83.0,14.9,11.4,2292.0,43,54,10.7,0,0,0,0.0,0.0,0.0,False,0,0,Relatively Moderate,Very Low,Very Low,Relatively Low,Relatively Moderate,Relatively High,0,0,0,0,0,Grossmont Union High,High,KG,12,0.999852333891492,lower
74.58049113233287,74.07912687585265,75.51159618008185,,,,,,0.5453204297316399,1,0.0,5.3,87.1104117246401,20.08766215,5.37732496149745,55.7211973878641,91.4249699737196,93.7878301404398,1.090621596263073,2.0,06073016619,Census Tract 166.19; San Diego County; California,4319,residential_or_mixed,6.6,18.2,43.4,15.1,1824,516,2.37,2.84,1291,96630.0,8.5,4.5,1.3,66.3,21.9,34.9,1870.0,0,383,4.3,1,0,0,0.2315350775642509,0.0,0.0,False,1,0,Relatively High,Relatively Low,Very Low,Relatively Low,Relatively High,Relatively Moderate,2,1,0,1,0,Grossmont Union High,High,KG,12,0.9927714646703514,lower
74.58049113233287,74.07912687585265,75.51159618008185,,,,,,0.0,0,0.0,1.5,20.1587711675318,9.209856068,5.37732496149745,35.697602364269,32.5437313450584,88.1488352181513,0.0,2.0,06073016620,Census Tract 166.20; San Diego County; California,2411,residential_or_mixed,11.7,26.9,36.6,16.2,882,314,2.73,3.24,506,96855.0,4.9,5.8,2.1,82.3,12.2,26.8,2690.0,40,147,6.1,0,0,0,0.0,0.0,0.0,False,0,0,Relatively Low,Very Low,Very Low,Relatively Low,Relatively Low,Relatively Low,0,0,0,0,0,Grossmont Union High,High,KG,12,1.0000000000000004,lower
74.58049113233287,74.07912687585265,75.51159618008185,,,,,,0.0,0,0.0,1.4,91.0796909129342,18.67262927,5.37732496149745,53.7132370465704,89.9825193535728,98.9464045758862,0.4274682203537754,2.0,06073016621,Census Tract 166.21; San Diego County; California,4265,residential_or_mixed,7.1,23.4,39.2,11.5,1415,475,3.01,3.33,1265,154577.0,6.2,2.8,2.8,65.5,30.4,10.5,2874.0,0,74,0.0,0,0,0,0.0,0.0,0.0,False,0,0,Relatively High,Very Low,Very Low,Relatively Low,Relatively High,Relatively High,1,1,0,0,0,Grossmont Union High,High,KG,12,1.0000000000000009,lower
74.58049113233287,74.07912687585265,75.51159618008185,,,,,,0.0,0,0.0,2.2,19.8193860535031,49.02860866,5.37732496149745,46.8242051575385,50.7676025352883,92.7247214393588,0.0,2.0,06073016703,Census Tract 167.03; San Diego County; California,3003,residential_or_mixed,5.0,25.8,38.1,27.8,1152,437,2.61,3.1,650,120258.0,5.9,2.5,1.8,73.9,19.9,42.4,2240.0,49,100,0.5,0,0,0,0.0,0.0,0.0,False,0,0,Relatively Low,Relatively Moderate,Very Low,Relatively Low,Relatively Moderate,Relatively Moderate,0,0,0,0,0,Grossmont Union High,High,KG,12,0.9999999999999996,lower
74.58049113233287,74.07912687585265,75.51159618008185,,,,,,4.424977617514124,1,1.3,2.8,69.9015900603612,50.01480779,5.37732496149745,77.0139186805853,91.7507997098451,91.5807498840569,0.553111449195343,2.0,06073016704,Census Tract 167.04; San Diego County; California,7583,residential_or_mixed,6.0,30.4,35.8,24.4,2436,1011,2.99,3.45,1748,112045.0,3.9,2.4,2.3,69.7,22.8,35.8,2689.0,136,428,4.2,0,0,0,0.0,0.0,0.0,False,8,0,Relatively Moderate,Relatively Moderate,Very Low,Relatively Moderate,Relatively High,Relatively Moderate,1,1,0,0,0,Grossmont Union High,High,KG,12,0.9999999999999986,lower
74.58049113233287,74.07912687585265,75.51159618008185,,,,,,24.216335487585688,1,0.0,13.9,71.5257063672875,66.67120772,5.37732496149745,68.8867438867439,95.4538427693149,74.2689641230542,1.729694467451378,2.0,06073016705,Census Tract 167.05; San Diego County; California,4792,residential_or_mixed,4.6,26.4,36.4,27.7,1846,664,2.54,3.23,331,76985.0,10.5,5.6,2.1,76.3,9.9,62.7,1826.0,59,635,0.6,1,0,0,0.2086811352253756,0.0,0.0,False,14,0,Relatively Moderate,Relatively High,Very Low,Relatively Moderate,Relatively High,Relatively Low,1,1,0,0,0,Grossmont Union High,High,KG,12,0.9999999999999992,lower
74.58049113233287,74.07912687585265,75.51159618008185,,,,,,4.211905282741465,1,2.5,2.9,12.8015125537262,72.78505005,5.37732496149745,56.4552647885981,48.7079780718966,76.1264314508936,2.807874633367154,2.0,06073016706,Census Tract 167.06; San Diego County; California,2694,residential_or_mixed,5.1,24.2,39.3,24.6,908,362,2.92,3.18,573,92353.0,15.5,14.7,4.3,67.0,10.8,39.5,1830.0,82,156,0.3,1,0,0,0.3711952487008166,0.0,0.0,False,3,0,Very Low,Relatively High,Very Low,Relatively Moderate,Relatively Moderate,Relatively Low,2,0,1,1,1,Grossmont Union High,High,KG,12,1.0000000000000018,lower
49.16098226466576,48.15825375170532,51.023192360163705,12.59773425499232,11.399769585253456,16.16973886328725,12.120967741935484,11.887480798771122,4.188962370795639,1,0.0,2.2,91.9815863024638,33.94420423,5.37732496149745,75.5720005720006,97.0722890133543,98.469551567907,1.1968116896311052,2.0,06073016804,Census Tract 168.04; San Diego County; California,9452,residential_or_mixed,8.1,29.2,31.2,35.7,2927,1272,3.22,3.7,1160,87841.0,8.2,7.4,7.4,71.4,16.0,64.0,1974.0,124,861,3.4,3,1,1,0.3173931443080829,0.1057977147693609,0.1057977147693609,False,7,0,Relatively High,Relatively Low,Very Low,Relatively Moderate,Very High,Relatively High,2,1,0,1,0,Grossmont Union High,High,KG,12,1.0000000000000004,lower
74.58049113233287,74.07912687585265,75.51159618008185,12.594399277326108,8.655149051490515,8.61720867208672,14.989159891598916,14.157859078590786,10.181498692479837,1,2.4,4.0,28.3110599619513,9.209856068,5.37732496149745,52.992277992278,40.2768363597446,76.8137657117715,3.393770613720934,2.0,06073016806,Census Tract 168.06; San Diego County; California,4131,residential_or_mixed,5.3,24.7,36.8,34.4,1302,466,3.17,3.63,535,99191.0,11.2,6.8,1.3,82.8,8.8,36.5,2097.0,28,197,7.8,0,0,0,0.0,0.0,0.0,False,6,0,Relatively Low,Very Low,Very Low,Relatively Low,Relatively Low,Relatively Low,2,2,0,0,0,Grossmont Union High,High,KG,12,1.0000000000000002,lower
74.58049113233287,74.07912687585265,75.51159618008185,9.534526315789474,6.613052631578947,12.083789473684211,10.21221052631579,9.042947368421054,3.928100866244757,1,0.0,3.5,83.7811494468845,43.36255405,5.37732496149745,77.4155107488441,95.0578526155566,97.5943300869276,0.4910024016717617,2.0,06073016807,Census Tract 168.07; San Diego County; California,7822,residential_or_mixed,4.5,20.0,43.2,24.5,2617,774,2.97,3.36,1871,119187.0,10.0,4.8,2.6,72.5,20.5,11.2,1173.0,31,138,9.3,0,0,0,0.0,0.0,0.0,False,8,0,Relatively High,Relatively Moderate,Very Low,Relatively Moderate,Relatively High,Relatively High,1,1,0,0,0,Grossmont Union High,High,KG,12,1.0,lower
74.58049113233287,74.07912687585265,75.51159618008185,10.173558215451578,13.065288356909685,10.092491838955386,9.831338411316649,9.11044613710555,8.248401901837292,1,0.0,10.9,79.1025671136999,22.9935438,5.37732496149745,66.6487916487916,83.9891548642574,98.3149608171905,0.0,2.0,06073016809,Census Tract 168.09; San Diego County; California,5899,residential_or_mixed,5.6,27.3,38.7,31.3,1881,581,3.13,3.7,912,79330.0,15.8,10.5,3.8,73.8,12.0,15.3,2157.0,22,96,4.7,0,0,0,0.0,0.0,0.0,False,18,0,Relatively Moderate,Relatively Low,Very Low,Relatively Moderate,Relatively High,Relatively High,0,0,0,0,0,Grossmont Union High,High,KG,12,0.9999999999999984,lower
74.58049113233287,74.07912687585265,75.51159618008185,6.499999999999999,8.0,13.0,8.0,1.0,0.0,0,1.4,2.9,62.9952791413204,26.87437067,5.37732496149745,40.4523571190238,82.6882142389973,96.412305423757,1.1233941698532257,2.0,06073016810,Census Tract 168.10; San Diego County; California,2948,residential_or_mixed,4.1,22.0,39.8,19.3,883,269,3.3,3.56,627,135313.0,8.0,5.8,4.2,72.9,15.6,14.6,2194.0,0,97,0.0,0,0,0,0.0,0.0,0.0,False,0,0,Relatively Moderate,Relatively Low,Very Low,Relatively Low,Relatively High,Relatively High,1,0,1,0,0,Grossmont Union High,High,KG,12,1.0000000000000002,lower
74.58049113233287,74.07912687585265,75.51159618008185,12.017772266997312,6.096094234345939,12.971481711097336,12.163670179789213,14.35585864848109,7.089071788345279,1,0.3,4.1,79.0685111680015,33.90629627,5.37732496149745,60.6022689356023,93.4025424232695,95.1196889158432,0.7876558817198409,2.0,06073016811,Census Tract 168.11; San Diego County; California,5026,residential_or_mixed,4.3,21.3,43.0,21.1,1681,563,2.98,3.39,1260,125792.0,9.3,7.9,2.8,74.8,15.2,18.0,2317.0,8,79,3.9,0,0,0,0.0,0.0,0.0,False,9,0,Relatively Moderate,Relatively Low,Very Low,Relatively Moderate,Relatively High,Relatively Moderate,1,1,0,0,0,Grossmont Union High,High,KG,12,1.0,lower
74.58049113233287,74.07912687585265,75.51159618008185,,,,,,1.1760309973740175,1,0.0,9.3,96.5638725133288,78.66552153,5.37732496149745,63.5278135278135,93.0779018467649,99.8929756341194,0.1175994303016772,2.0,06073016812,Census Tract 168.12; San Diego County; California,2978,residential_or_mixed,4.5,12.4,60.8,8.2,1247,192,2.33,2.8,553,72986.0,11.9,7.3,3.5,63.2,24.2,7.6,1631.0,0,21,1.4,0,0,0,0.0,0.0,0.0,False,10,0,Relatively High,Relatively High,Very Low,Relatively Moderate,Relatively High,Very High,1,0,1,0,0,Grossmont Union High,High,KG,12,1.0000000000000016,lower
74.58049113233287,74.07912687585265,75.51159618008185,,,,,,0.2827884602385344,1,0.0,0.9,75.8179298682387,55.45696855,5.37732496149745,56.2955812955813,62.4713115241459,99.2900717063252,0.2827806015918476,2.0,06073016813,Census Tract 168.13; San Diego County; California,3322,residential_or_mixed,11.1,22.2,49.0,21.3,1140,322,2.91,3.37,843,108958.0,4.8,1.8,0.6,77.6,13.2,8.6,,44,35,0.0,0,0,0,0.0,0.0,0.0,False,1,0,Relatively Moderate,Relatively Moderate,Very Low,Relatively Moderate,Relatively Moderate,Very High,1,1,0,0,0,Grossmont Union High,High,KG,12,0.9999999999999994,lower
74.58049113233287,74.07912687585265,75.51159618008185,6.25951657258648,12.895788102475032,10.038645245332177,6.31133304385584,1.0,0.0,0,0.0,6.4,95.8663127979895,32.44328615,5.37732496149745,73.3983983983984,94.3300869275683,99.5409843863342,0.1196883933725273,2.0,06073016901,Census Tract 169.01; San Diego County; California,7427,residential_or_mixed,7.8,24.4,40.4,19.5,2377,1000,3.12,3.62,1422,125347.0,8.1,6.3,2.2,79.8,11.5,13.5,2094.0,0,171,5.7,3,0,0,0.4039316009155783,0.0,0.0,False,0,1,Relatively High,Relatively Low,Very Low,Relatively Moderate,Relatively High,Very High,2,2,0,0,0,Grossmont Union High,High,KG,12,0.7412159131511978,lower
74.58049113233287,74.07912687585265,75.51159618008185,3.5000000000000004,10.0,3.0,3.0,1.0,0.0,0,0.0,0.3,98.7669398971276,55.25913641,5.37732496149745,46.9529052862386,95.623892595103,99.931028741988,0.0207804585603392,2.0,06073016902,Census Tract 169.02; San Diego County; California,2425,residential_or_mixed,5.6,16.0,46.2,24.1,753,192,3.18,3.48,397,128313.0,8.7,4.0,4.6,80.3,8.3,10.4,1594.0,7,10,4.3,0,0,0,0.0,0.0,0.0,False,0,1,Very High,Relatively Moderate,Very Low,Relatively Low,Relatively High,Very High,1,1,0,0,1,Grossmont Union High,High,KG,12,0.8703405414282833,lower
62.905866302864936,74.07912687585265,42.155525238744886,8.681818181818182,3.8484848484848486,13.272727272727272,9.0,8.484848484848484,2.0132856657767744,1,0.6,4.9,29.3797120511074,21.77101226,5.37732496149745,41.048191048191,54.426646688785,45.4377891144328,0.0,5.0,06073017006,Census Tract 170.06; San Diego County; California,3028,residential_or_mixed,4.1,20.1,50.7,14.8,1030,237,2.92,3.21,1306,158026.0,6.0,3.9,6.0,67.1,28.2,5.5,,11,17,8.0,16,0,9,5.284015852047556,0.0,2.97225891677675,False,2,0,Relatively Low,Relatively Low,Very Low,Relatively Low,Relatively Moderate,Very Low,0,0,0,0,0,Poway Unified,Unified,PK,12,0.9999999999999988,high
74.58049113233287,74.07912687585265,75.51159618008185,11.010204081632653,13.13265306122449,16.70408163265306,10.081632653061224,8.03061224489796,8.160891528658084,1,0.0,2.5,70.2339291166592,38.13362554,5.37732496149745,60.3317603317603,80.9805810233908,97.9617804097844,0.0,5.0,06073017009,Census Tract 170.09; San Diego County; California,4079,residential_or_mixed,3.1,22.8,40.1,22.7,1521,546,2.67,3.1,1096,96644.0,1.9,0.5,3.8,64.5,16.9,40.0,2268.0,89,253,0.0,0,0,0,0.0,0.0,0.0,False,11,0,Relatively Moderate,Relatively Low,Very Low,Relatively Moderate,Relatively High,Relatively High,0,0,0,0,0,Poway Unified,Unified,PK,12,1.0000000000000016,high
74.58049113233287,74.07912687585265,75.51159618008185,7.0838343353373405,7.0,16.749498997995993,8.376753507014028,1.0,0.0,0,0.0,0.9,80.0267750193767,9.209856068,5.37732496149745,40.6835406835407,49.9958379413269,99.0926712092564,0.1697065727425194,5.0,06073017010,Census Tract 170.10; San Diego County; California,3113,residential_or_mixed,9.3,25.0,39.6,11.1,967,443,3.19,3.25,1221,214398.0,3.9,1.6,4.0,57.9,37.5,11.4,,0,41,5.1,0,0,0,0.0,0.0,0.0,False,0,0,Relatively Moderate,Very Low,Very Low,Relatively Low,Relatively Moderate,Very High,1,1,0,0,0,Poway Unified,Unified,PK,12,0.9896973767279408,high
21.06412005457026,25.648021828103683,12.551159618008189,13.40788601722995,12.238568588469183,11.238568588469183,14.455268389662027,14.029821073558647,9.03487085014407,1,1.5,14.7,30.734903821312,96.56696085,5.37732496149745,59.6548929882263,82.4587064321644,0.0,0.0,5.0,06073017014,Census Tract 170.14; San Diego County; California,2674,residential_or_mixed,0.0,0.0,73.2,7.3,1582,0,1.54,2.03,1462,75536.0,7.1,2.1,1.2,56.7,34.5,34.8,2383.0,9,262,10.9,98,5,48,36.64921465968586,1.8698578908002992,17.95063575168287,False,7,0,Relatively Low,Very High,Very Low,Relatively Moderate,Relatively High,No Rating,0,0,0,0,0,Poway Unified,Unified,PK,12,1.000000000000001,high
27.86493860845839,30.968622100954978,22.10095497953616,13.74212715389186,12.290552584670232,14.48425430778372,11.548425430778371,16.29055258467023,16.974738137967186,1,0.8,2.3,16.3480282781784,36.98987147,5.37732496149745,53.8538538538538,35.8698108047043,20.0337721332334,0.0,5.0,06073017018,Census Tract 170.18; San Diego County; California,4715,residential_or_mixed,5.0,19.2,35.3,11.1,1933,651,2.37,2.96,2263,116202.0,6.0,2.6,2.1,75.4,18.8,44.7,2414.0,45,480,5.3,107,6,50,22.69353128313892,1.2725344644750796,10.604453870625663,False,12,0,Very Low,Relatively Low,Very Low,Relatively Low,Relatively Low,Very Low,0,0,0,0,0,Poway Unified,Unified,PK,12,0.9999999999999996,high
74.58049113233287,74.07912687585265,75.51159618008185,7.001854795972442,9.637519872813993,15.890302066772657,7.241653418124006,1.0,0.0,0,2.2,0.9,95.9262042887005,9.209856068,5.37732496149745,53.3545450212117,73.8551365749825,99.6729811042536,0.0900404885737591,5.0,06073017020,Census Tract 170.20; San Diego County; California,4382,residential_or_mixed,6.1,22.8,44.8,9.7,1539,544,2.84,3.31,2108,216161.0,6.0,4.6,2.0,64.4,30.5,10.4,3383.0,0,77,2.3,0,0,0,0.0,0.0,0.0,False,0,0,Relatively High,Very Low,Very Low,Relatively Low,Relatively Moderate,Very High,1,1,0,0,0,Poway Unified,Unified,PK,12,0.6010348628846033,high
74.58049113233287,74.07912687585265,75.51159618008185,5.247352024922118,6.306542056074767,12.564485981308412,5.306542056074767,1.0,0.2395847427805914,1,0.0,1.2,99.2660356530521,30.37374874,5.37732496149745,47.7251060584394,70.615865767662,99.9512444555433,0.0,5.0,06073017021,Census Tract 170.21; San Diego County; California,3087,residential_or_mixed,2.9,17.5,56.9,21.8,1107,310,2.77,2.55,1490,191406.0,8.1,1.0,1.2,53.1,34.4,7.0,,0,19,3.9,0,0,0,0.0,0.0,0.0,False,3,0,Very High,Relatively Low,Very Low,Relatively Low,Relatively Moderate,Very High,0,0,0,0,0,Poway Unified,Unified,PK,12,0.6209472478139609,high
25.907230559345155,28.10368349249659,21.828103683492493,11.116228070175438,13.751814882032669,11.637023593466424,11.005444646098004,9.648820326678766,8.099658635576922,1,0.4,6.3,68.1248091692698,9.209856068,5.37732496149745,53.9801706468373,70.0415016707693,79.6713162807844,1.1570477269559871,3.5,06073017022,Census Tract 170.22; San Diego County; California,5695,residential_or_mixed,7.0,21.8,41.3,5.6,2247,689,2.53,3.14,2457,135848.0,4.2,0.9,3.6,72.9,19.5,25.1,3042.0,74,261,2.5,154,9,61,27.04126426690079,1.5803336259877083,10.711150131694469,False,14,0,Relatively Moderate,Very Low,Very Low,Relatively Low,Relatively Moderate,Relatively Low,2,1,0,1,0,San Diego Unified,Unified,PK,12,0.9999999999999984,medium_high
60.90040927694406,74.07912687585265,36.4256480218281,12.185819652629077,9.22269807280514,8.321912919343326,12.202712348322626,15.582441113490365,17.12867152841464,1,1.0,1.7,15.5964487869037,9.209856068,5.37732496149745,49.312407645741,28.0058982317196,49.2490456994042,2.4467881645566525,5.0,06073017031,Census Tract 170.31; San Diego County; California,3522,residential_or_mixed,4.5,24.3,38.3,17.3,1289,501,2.72,3.25,1457,163594.0,5.8,7.9,0.3,67.0,25.2,21.6,2793.0,0,53,6.2,56,0,18,15.90005678591709,0.0,5.110732538330494,False,7,0,Very Low,Very Low,Very Low,Relatively Low,Relatively Low,Very Low,1,1,0,0,0,Poway Unified,Unified,PK,12,1.0,high
36.807639836289226,37.38062755798091,35.743519781718966,8.585953878406709,7.525157232704402,10.838364779874214,8.979874213836478,7.59622641509434,0.5616843909465566,1,0.0,0.0,78.3275007633229,21.77101226,5.37732496149745,56.4123647456981,74.4306898314961,98.6086832435518,0.8424779094645257,5.0,06073017033,Census Tract 170.33; San Diego County; California,5525,residential_or_mixed,8.9,26.1,41.7,14.1,1914,781,2.88,3.21,2817,170875.0,3.2,2.1,4.5,64.2,29.4,12.9,3208.0,0,136,3.4,89,4,30,16.108597285067873,0.7239819004524887,5.4298642533936645,False,2,0,Relatively Moderate,Relatively Low,Very Low,Relatively Moderate,Relatively Moderate,Relatively High,3,1,1,1,0,Poway Unified,Unified,PK,12,1.0,high
37.26466575716235,39.69986357435198,32.74215552523875,6.586876334692293,6.083284799068142,9.603377984857309,10.917297612114153,1.0,0.9704895828701856,1,0.0,0.5,17.9063813796181,9.209856068,5.37732496149745,56.1072977739644,24.0888064404885,92.9375810114992,0.9704314952120564,5.0,06073017034,Census Tract 170.34; San Diego County; California,5792,residential_or_mixed,6.3,21.8,37.6,11.9,2094,772,2.76,3.11,2096,138308.0,2.0,1.8,3.6,57.9,27.1,42.1,2625.0,194,289,5.4,61,3,38,10.531767955801106,0.5179558011049723,6.560773480662983,False,1,0,Very Low,Very Low,Very Low,Relatively Moderate,Relatively Low,Relatively Moderate,1,1,0,0,0,Poway Unified,Unified,PK,12,1.0000000000000002,high
24.249658935879943,24.01091405184175,24.693042291950885,11.362635791881074,7.537735849056604,7.14065180102916,12.10548885077187,14.643224699828474,6.653423688983415,1,0.0,11.3,17.5846114099161,52.62394124,5.37732496149745,54.2185042185042,47.1418548511767,89.6400413827548,1.1088409100890022,5.0,06073017035,Census Tract 170.35; San Diego County; California,3396,residential_or_mixed,9.8,24.6,34.6,9.5,1260,376,2.7,3.15,1315,129348.0,19.8,11.6,2.9,56.0,28.4,69.7,2648.0,139,249,2.1,100,7,31,29.44640753828033,2.061248527679623,9.128386336866903,False,6,0,Very Low,Relatively Moderate,Very Low,Relatively Low,Relatively Low,Relatively Moderate,1,1,0,0,0,Poway Unified,Unified,PK,12,0.9999999999999996,high
63.28785811732605,74.07912687585265,43.24693042291951,10.78697383390216,10.332764505119457,14.121160409556314,15.458191126279864,4.675767918088737,2.614153180054693,1,0.0,3.5,8.33078892359725,9.209856068,5.37732496149745,27.7706277706278,14.5886102291511,0.0,0.0,5.0,06073017036,Census Tract 170.36; San Diego County; California,3329,residential_or_mixed,6.2,23.3,39.0,8.2,1099,447,3.03,3.45,1549,162083.0,1.6,0.0,3.9,59.2,24.1,27.0,2672.0,43,28,2.7,48,0,9,14.41874436767798,0.0,2.703514568939622,False,1,0,Very Low,Very Low,Very Low,Relatively Low,Very Low,No Rating,0,0,0,0,0,Poway Unified,Unified,PK,12,1.0000000000000002,high
37.82401091405184,41.88267394270123,30.28649386084584,8.8073146784487,6.244477172312224,15.289641629847816,7.735886107020128,7.91899852724595,2.4435444134317583,1,0.0,2.0,49.2425487939498,44.98963454,5.37732496149745,62.674579341246,79.332405788829,82.314818118036,0.8144733016742575,5.0,06073017037,Census Tract 170.37; San Diego County; California,5194,residential_or_mixed,3.6,19.7,40.7,15.3,1826,534,2.84,3.12,2158,132813.0,3.6,4.0,3.7,68.4,21.7,27.5,2496.0,24,321,5.1,89,2,38,17.135155949172123,0.3850596842510589,7.316134000770119,False,3,0,Relatively Low,Relatively Moderate,Very Low,Relatively Moderate,Relatively High,Relatively Low,1,1,0,0,0,Poway Unified,Unified,PK,12,0.9991985865556318,high
36.11869031377899,35.879945429740786,36.56207366984994,10.779521940777736,10.97145915090974,15.270424545130217,9.23296468069925,9.984659293613984,6.484915304686169,1,1.1,0.6,79.8024755149494,9.209856068,5.37732496149745,67.341150674484,89.5686918055011,94.207603486616,1.0807620879234707,5.0,06073017039,Census Tract 170.39; San Diego County; California,6711,residential_or_mixed,8.3,23.4,38.5,6.2,2633,917,2.52,2.99,3045,135750.0,5.2,3.5,3.0,59.5,34.2,31.4,3086.0,48,346,2.2,96,6,34,14.304872597228432,0.894054537326777,5.066309044851736,False,12,0,Relatively Moderate,Very Low,Very Low,Relatively Moderate,Relatively High,Relatively Moderate,2,2,0,0,0,Poway Unified,Unified,PK,12,0.999999999999999,high
74.58049113233287,74.07912687585265,75.51159618008185,13.053751803751805,14.265512265512266,16.494227994227995,11.963203463203463,11.818181818181818,12.28234238952693,1,0.3,0.0,54.6738849613641,61.20239294,5.37732496149745,65.0305066971734,84.5016826608636,81.5811066319432,0.8772618290899145,5.0,06073017040,Census Tract 170.40; San Diego County; California,4386,residential_or_mixed,12.7,25.5,41.3,13.1,1492,533,2.91,3.51,1830,166042.0,7.5,5.5,4.0,65.0,22.9,8.5,,15,62,0.0,0,0,0,0.0,0.0,0.0,False,14,0,Relatively Moderate,Relatively High,Very Low,Relatively Moderate,Relatively High,Relatively Low,1,0,0,1,0,Poway Unified,Unified,PK,12,1.0000000000000009,high
74.58049113233287,74.07912687585265,75.51159618008185,11.849413735343385,9.692462311557788,12.257286432160804,14.576381909547738,9.996984924623115,11.665977397611318,1,1.2,1.1,77.0639077436174,9.209856068,5.37732496149745,63.4193717527051,86.2307207496462,43.9061515227189,0.833238537846888,5.0,06073017041,Census Tract 170.41; San Diego County; California,5565,residential_or_mixed,5.3,25.7,39.0,19.3,1904,732,2.92,3.38,1904,131650.0,4.0,1.5,4.5,61.4,23.1,28.7,2466.0,88,258,9.1,0,0,0,0.0,0.0,0.0,False,14,0,Relatively Moderate,Very Low,Very Low,Relatively Moderate,Relatively High,Very Low,1,1,0,0,0,Poway Unified,Unified,PK,12,1.0,high
35.12278308321965,35.743519781718966,33.969986357435204,8.23225806451613,16.94147465437788,13.196774193548388,8.627649769585254,1.0,0.8531469568684054,1,0.0,4.2,48.2149987082228,9.209856068,5.37732496149745,60.7536107536108,63.4404766151761,76.9457624296909,0.0,3.5,06073017043,Census Tract 170.43; San Diego County; California,5590,residential_or_mixed,3.6,21.4,40.9,14.9,2139,688,2.61,3.0,2851,175450.0,4.4,3.3,2.7,64.4,23.2,28.3,3403.0,109,270,0.0,107,5,35,19.14132379248658,0.8944543828264758,6.261180679785332,False,1,0,Relatively Low,Very Low,Very Low,Relatively Moderate,Relatively Moderate,Relatively Low,0,0,0,0,0,San Diego Unified,Unified,PK,12,1.0000000000000002,medium_high
45.78444747612551,46.930422919508864,43.65620736698499,8.922294843863472,5.067538126361656,16.466230936819173,15.0,1.0,0.0,0,0.0,2.7,60.4469549287174,9.209856068,5.37732496149745,60.8084274750941,67.256489838631,96.2945786212883,2.144968269782404,3.5,06073017044,Census Tract 170.44; San Diego County; California,5674,residential_or_mixed,5.0,30.0,39.5,6.1,1928,905,2.94,3.17,2747,225882.0,2.3,0.7,2.8,61.1,30.2,14.1,,43,85,2.2,40,1,13,7.049700387733521,0.176242509693338,2.2911526260133948,False,0,0,Relatively Moderate,Very Low,Very Low,Relatively Moderate,Relatively Moderate,Relatively High,2,2,0,0,0,San Diego Unified,Unified,PK,12,0.9975187356005318,medium_high
63.86084583901773,74.07912687585265,44.88403819918144,7.333333333333333,4.0,18.0,10.0,1.0,0.0,0,0.0,1.0,24.9101627639336,9.209856068,5.37732496149745,36.2147862147862,25.3160191692531,95.430059576897,0.0,3.5,06073017045,Census Tract 170.45; San Diego County; California,2293,residential_or_mixed,2.0,24.6,48.4,4.1,794,298,2.89,3.15,1271,228750.0,1.9,1.6,4.1,66.8,28.0,7.6,,7,10,2.0,11,0,3,4.797208896641954,0.0,1.3083296990841693,False,0,0,Relatively Low,Very Low,Very Low,Relatively Low,Relatively Low,Relatively Moderate,0,0,0,0,0,San Diego Unified,Unified,PK,12,0.7146266430436462,medium_high
44.69304229195089,44.88403819918144,44.33833560709414,6.742379907339672,6.091441111923921,14.179956108266277,9.09144111192392,1.0,1.371886303407793,1,0.0,0.6,22.1328416750828,9.209856068,5.37732496149745,46.5715715715716,29.6005612833411,87.0179444186793,0.0,3.5,06073017046,Census Tract 170.46; San Diego County; California,3777,residential_or_mixed,5.6,22.7,46.0,7.7,1374,524,2.74,3.09,2045,186452.0,1.8,0.7,0.8,73.2,17.1,17.8,3482.0,17,59,3.8,33,1,6,8.737092930897537,0.2647603918453799,1.5885623510722795,False,2,0,Relatively Low,Very Low,Very Low,Relatively Low,Relatively Low,Relatively Low,0,0,0,0,0,San Diego Unified,Unified,PK,12,0.9999999999999992,medium_high
42.17598908594816,40.7912687585266,44.74761255115962,7.529125059438896,5.765335235378031,12.813124108416549,12.2981455064194,1.0,0.0,0,0.6,1.2,34.7358902693943,30.89557543,5.37732496149745,54.5438295438295,47.2334201419857,95.5275706658105,1.2165316341100083,3.5,06073017047,Census Tract 170.47; San Diego County; California,4260,residential_or_mixed,4.6,28.1,46.7,10.8,1480,622,2.88,3.16,2109,181429.0,0.9,1.0,1.0,52.4,34.5,11.4,,27,26,6.2,32,2,6,7.511737089201878,0.4694835680751174,1.4084507042253522,False,0,0,Relatively Low,Relatively Low,Very Low,Relatively Low,Relatively Low,Relatively Moderate,1,1,0,0,0,San Diego Unified,Unified,PK,12,1.0000000000000009,medium_high
74.58049113233287,74.07912687585265,75.51159618008185,12.50188946622579,11.26216343882853,14.94615021256495,12.229097779877184,12.172413793103448,6.163139499775316,1,0.0,4.4,94.4888085116377,25.80406326,5.37732496149745,69.3955860622527,97.989131081065,95.647675787521,0.6847588550239093,5.0,06073017048,Census Tract 170.48; San Diego County; California,6422,residential_or_mixed,9.0,25.3,35.6,32.7,2181,890,2.94,3.32,1852,98007.0,7.4,4.5,1.4,76.8,13.5,53.2,2184.0,106,528,2.2,0,0,0,0.0,0.0,0.0,False,9,0,Relatively High,Relatively Low,Very Low,Relatively Moderate,Very High,Relatively Moderate,1,1,0,0,0,Poway Unified,Unified,PK,12,0.9999999999999992,high
74.58049113233287,74.07912687585265,75.51159618008185,7.081604426002766,10.903526970954356,8.882780082987551,10.351659751037344,1.0,0.0,0,0.1,3.2,88.1356131244569,18.67262927,5.37732496149745,41.2567329233996,75.6864423911622,98.6193856801398,0.4792884544934581,5.0,06073017049,Census Tract 170.49; San Diego County; California,2945,residential_or_mixed,4.9,23.9,39.2,30.7,932,329,3.14,3.5,845,120486.0,7.4,5.8,2.2,69.2,18.4,27.1,1563.0,0,71,0.0,0,0,0,0.0,0.0,0.0,False,0,0,Relatively High,Very Low,Very Low,Relatively Low,Relatively Moderate,Relatively High,2,0,0,0,2,Poway Unified,Unified,PK,12,0.9981812215278318,high
74.58049113233287,74.07912687585265,75.51159618008185,13.696998123827392,14.136960600375234,18.77298311444653,9.590994371482177,15.045028142589118,9.894919898311738,1,1.4,4.7,38.4738238955305,9.209856068,5.37732496149745,39.7159063825731,54.5574542470836,83.5622465603558,1.041513522908693,5.0,06073017050,Census Tract 170.50; San Diego County; California,2971,residential_or_mixed,8.5,25.6,38.5,29.7,991,377,2.94,3.12,875,111272.0,11.3,7.8,5.7,59.1,18.9,39.4,2058.0,47,161,3.7,3,0,0,1.0097610232245036,0.0,0.0,False,19,0,Relatively Low,Very Low,Very Low,Relatively Low,Relatively Moderate,Relatively Low,2,1,1,0,0,Poway Unified,Unified,PK,12,1.0000000000000002,high
38.60845839017736,38.60845839017736,38.60845839017736,10.424817032601464,7.956586826347305,10.541417165668662,13.534431137724551,8.491017964071856,5.212616895646723,1,1.0,0.8,22.1387133898584,9.209856068,5.37732496149745,54.5450212116879,33.6199208019693,31.2998703816013,2.0849161618727017,5.0,06073017051,Census Tract 170.51; San Diego County; California,4904,residential_or_mixed,6.4,17.0,46.4,9.0,2178,539,2.25,2.84,2462,130980.0,2.6,2.3,2.7,70.9,24.3,18.5,3100.0,34,131,0.0,68,3,22,13.866231647634583,0.6117455138662315,4.486133768352365,False,5,0,Relatively Low,Very Low,Very Low,Relatively Low,Relatively Low,Very Low,2,0,1,1,0,Poway Unified,Unified,PK,12,0.999999999999998,high
62.189631650750336,74.07912687585265,40.10914051841746,8.015655874753001,5.772457820337437,14.440036479708162,12.940720474236208,1.0,1.17849404558203,1,1.1,4.7,17.4577823707636,40.04797726,5.37732496149745,65.292673626007,38.7856301951411,35.2645285576683,0.0,5.0,06073017052,Census Tract 170.52; San Diego County; California,5388,residential_or_mixed,9.7,21.1,39.5,5.6,2122,490,2.54,3.12,2455,118036.0,1.0,0.0,2.7,69.2,26.4,52.8,3013.0,175,433,8.0,51,0,20,9.465478841870825,0.0,3.711952487008166,False,1,0,Very Low,Relatively Moderate,Very Low,Relatively Moderate,Relatively Low,Very Low,0,0,0,0,0,Poway Unified,Unified,PK,12,1.0000000000000009,high
74.58049113233287,74.07912687585265,75.51159618008185,7.755481410867491,8.978074356530028,17.46711153479504,9.043851286939942,1.0,1.4618774166684143,1,0.0,1.2,58.2896869201682,9.209856068,5.37732496149745,43.8092854759521,62.767412269749,97.2673111911812,0.9745243620075236,5.0,06073017053,Census Tract 170.53; San Diego County; California,3462,residential_or_mixed,3.4,22.4,48.4,8.8,1162,318,2.95,3.1,1825,224615.0,1.8,0.0,4.2,60.8,30.7,6.5,,0,28,1.0,0,0,0,0.0,0.0,0.0,False,3,0,Relatively Moderate,Very Low,Very Low,Relatively Low,Relatively Moderate,Relatively High,2,1,0,1,0,Poway Unified,Unified,PK,12,1.000000000000001,high
74.58049113233287,74.07912687585265,75.51159618008185,7.712437544610991,10.920770877944326,7.979122055674519,9.340471092077088,4.346895074946467,3.465863012959815,1,0.0,5.7,52.0527514855438,9.209856068,5.37732496149745,60.9001859001859,63.4725839249402,94.6666191002818,0.7701457374650987,5.0,06073017054,Census Tract 170.54; San Diego County; California,5849,residential_or_mixed,4.9,21.2,43.2,11.9,1957,657,2.76,3.14,2356,175965.0,2.6,1.0,2.5,64.3,26.2,23.4,2395.0,31,180,1.5,0,0,0,0.0,0.0,0.0,False,9,0,Relatively Low,Very Low,Very Low,Relatively Moderate,Relatively Moderate,Relatively Moderate,2,1,1,0,0,Poway Unified,Unified,PK,12,0.9999999999999996,high
60.08867667121418,74.07912687585265,34.106412005457024,13.147446024223278,13.268562401263823,17.5318588730911,14.10847814639284,9.933649289099526,5.027787439909655,1,0.5,2.8,43.1852878314583,9.209856068,5.37732496149745,57.8066161399495,58.8075107321656,54.9165804525942,1.256874374810803,5.0,06073017055,Census Tract 170.55; San Diego County; California,4958,residential_or_mixed,5.0,24.2,41.2,11.1,1915,694,2.59,2.83,2538,178036.0,2.4,0.7,1.8,68.1,25.8,35.2,3196.0,43,201,5.6,61,0,31,12.303348124243646,0.0,6.252521177894312,False,4,0,Relatively Low,Very Low,Very Low,Relatively Moderate,Relatively Moderate,Very Low,1,1,0,0,0,Poway Unified,Unified,PK,12,1.0000000000000004,high
13.308321964529332,19.37244201909959,2.046384720327421,13.591210613598673,14.001658374792704,18.63681592039801,9.271973466003317,15.182421227197349,6.513959915502103,1,0.0,5.3,50.4215891208869,73.07409821,5.37732496149745,69.3205109871777,85.4434970806131,0.0,0.0,5.0,06073017056,Census Tract 170.56; San Diego County; California,4348,residential_or_mixed,3.9,18.0,38.1,16.9,1765,494,2.38,3.12,2146,102405.0,5.9,5.1,6.5,66.6,27.2,67.0,2893.0,154,647,3.8,388,12,248,89.23643054277828,2.7598896044158234,57.03771849126035,False,7,0,Relatively Low,Relatively High,Very Low,Relatively Moderate,Relatively High,No Rating,0,0,0,0,0,Poway Unified,Unified,PK,12,1.0000000000000004,high
34.22237380627558,33.697135061391535,35.19781718963165,,,,,,4.335394325146663,1,0.5,2.4,54.7490429104916,32.35917787,5.37732496149745,52.9398446065113,78.3644298574198,88.0691615235513,0.0,5.0,06073017057,Census Tract 170.57; San Diego County; California,3856,residential_or_mixed,3.2,21.5,46.7,5.3,1517,476,2.54,2.92,1955,168831.0,3.2,0.1,0.5,52.4,38.5,19.8,3394.0,31,125,4.4,57,4,23,14.782157676348548,1.037344398340249,5.964730290456431,False,5,0,Relatively Moderate,Relatively Low,Very Low,Relatively Low,Relatively Moderate,Relatively Low,0,0,0,0,0,Poway Unified,Unified,PK,12,1.0000000000000002,high
31.83492496589359,29.87721691678036,35.470668485675304,,,,,,10.178992026083332,1,0.0,0.5,34.9096930267515,35.84256353,5.37732496149745,56.3670813670814,61.6733854185247,91.8304734044451,0.0,5.0,06073017058,Census Tract 170.58; San Diego County; California,4285,residential_or_mixed,5.5,17.4,41.4,18.6,1828,469,2.34,2.69,1958,147817.0,6.1,6.2,5.5,77.6,17.3,47.2,2353.0,66,266,4.3,63,6,24,14.7024504084014,1.4002333722287048,5.600933488914819,False,7,0,Relatively Low,Relatively Low,Very Low,Relatively Moderate,Relatively Moderate,Relatively Moderate,0,0,0,0,0,Poway Unified,Unified,PK,12,1.0000000000000004,high
42.31582537517053,43.72442019099591,39.69986357435198,,,,,,0.0,0,0.0,2.8,23.3776452075064,68.31605757,5.37732496149745,61.5234281900949,62.8673016779042,78.3394575053809,0.0,5.0,06073017059,Census Tract 170.59; San Diego County; California,3302,residential_or_mixed,0.5,9.9,67.0,5.0,1558,169,2.12,2.85,1475,92090.0,5.6,4.5,0.6,79.4,14.1,13.4,2964.0,0,163,7.9,27,1,13,8.176862507571169,0.3028467595396729,3.937007874015748,False,0,0,Relatively Low,Relatively High,Very Low,Relatively Moderate,Relatively Moderate,Relatively Low,0,0,0,0,0,Poway Unified,Unified,PK,12,1.0000000000000009,high
42.96043656207367,44.2019099590723,40.65484311050478,,,,,,0.0,0,1.8,0.9,43.696127016934,64.71480187,5.37732496149745,51.1106344439678,68.8999084347092,97.7572449549903,0.0,5.0,06073017060,Census Tract 170.60; San Diego County; California,3323,residential_or_mixed,3.7,15.9,59.4,9.8,1330,299,2.5,3.03,1780,127143.0,8.6,7.9,2.4,57.4,33.2,7.7,,0,42,2.1,37,1,12,11.134517002708396,0.3009328919650918,3.611194703581101,False,0,0,Relatively Low,Relatively High,Very Low,Relatively Low,Relatively Moderate,Relatively High,0,0,0,0,0,Poway Unified,Unified,PK,12,0.998492957423652,high
35.10914051841746,30.28649386084584,44.06548431105048,,,,,,0.431689395234634,1,0.0,1.3,94.7624304201799,40.37315643,5.37732496149745,28.6715286715287,98.8179753368295,96.5966251649959,0.1438877344177916,5.0,06073017061,Census Tract 170.61; San Diego County; California,3663,residential_or_mixed,3.2,21.6,51.7,2.3,1467,436,2.5,3.05,2233,171972.0,6.9,6.5,1.2,51.6,43.6,12.8,,21,156,9.4,23,5,8,6.279006279006279,1.365001365001365,2.184002184002184,False,3,0,Relatively High,Relatively Moderate,Very Low,Relatively Low,Very High,Relatively High,1,1,0,0,0,Poway Unified,Unified,PK,12,0.5197951444907152,high
42.18963165075034,41.47339699863575,43.519781718963166,,,,,,0.0,0,0.0,0.7,83.5662446860981,9.209856068,5.37732496149745,28.8097621430955,85.9429441213894,95.1981734508223,0.2048519260005306,5.0,06073017062,Census Tract 170.62; San Diego County; California,4767,residential_or_mixed,5.4,27.4,43.8,10.5,1498,712,3.15,3.37,2261,,1.4,0.7,1.0,67.9,29.6,7.7,,68,48,18.7,45,2,11,9.43989930774072,0.4195510803440319,2.3075309418921752,False,0,0,Relatively High,Very Low,Very Low,Relatively Low,Relatively High,Relatively Moderate,1,1,0,0,0,San Dieguito Union High,High,07,12,0.6267459089618374,high
43.94270122783084,45.56616643929059,40.92769440654843,,,,,,0.0,0,0.6,5.7,29.8647156915706,32.70745721,5.37732496149745,60.1732685066018,54.6406954205463,88.632823183856,0.0,5.0,06073017063,Census Tract 170.63; San Diego County; California,4257,residential_or_mixed,6.4,19.8,44.2,8.5,1627,497,2.58,2.94,1984,124861.0,3.3,3.1,1.5,67.7,24.9,47.0,3124.0,81,294,5.9,43,1,15,10.101010101010102,0.2349072116513977,3.5236081747709656,False,0,0,Relatively Low,Relatively Low,Very Low,Relatively Moderate,Relatively Moderate,Relatively Moderate,0,0,0,0,0,Poway Unified,Unified,PK,12,1.0000000000000009,high
74.58049113233287,74.07912687585265,75.51159618008185,,,,,,0.0,0,0.0,3.9,87.1691288723959,9.209856068,5.37732496149745,71.010296010296,90.9885483928508,98.0378866255217,1.38326137452644,5.0,06073017064,Census Tract 170.64; San Diego County; California,8172,residential_or_mixed,2.0,22.7,40.1,4.2,2243,1127,3.64,3.51,4361,243880.0,1.4,1.9,1.7,57.2,26.1,5.6,,0,23,3.0,0,0,0,0.0,0.0,0.0,False,0,0,Relatively High,Very Low,Very Low,Relatively Moderate,Relatively High,Relatively High,1,1,0,0,0,Poway Unified,Unified,PK,12,1.0000000000000004,high
37.12824010914051,40.518417462482944,30.832196452933147,,,,,,0.0,0,0.0,4.0,85.8068910444606,9.209856068,5.37732496149745,66.4021164021164,71.5553018681698,98.5860892107547,1.6614170119043217,5.0,06073017065,Census Tract 170.65; San Diego County; California,10415,residential_or_mixed,11.9,35.4,36.2,10.5,3315,1936,3.14,3.24,5075,212083.0,3.5,2.3,1.5,47.1,29.2,30.1,1930.0,122,421,0.0,132,5,73,12.674027844455113,0.4800768122899663,7.009121459433509,False,0,0,Relatively High,Very Low,Very Low,Relatively Moderate,Relatively Moderate,Relatively High,3,2,0,1,0,Poway Unified,Unified,PK,12,1.0,high
40.05457025920874,39.2905866302865,41.47339699863575,,,,,,0.0,0,0.5,0.8,94.4559269088945,9.209856068,5.37732496149745,53.9372706039373,94.3835991105086,98.9571070124743,0.0,5.0,06073017066,Census Tract 170.66; San Diego County; California,5413,residential_or_mixed,9.8,21.6,41.6,3.7,1823,749,2.97,3.15,2586,200260.0,11.1,8.0,2.0,65.4,31.2,17.2,2309.0,0,196,1.1,39,3,18,7.204877147607611,0.5542213190467393,3.325327914280436,False,0,0,Relatively High,Very Low,Very Low,Relatively Low,Relatively High,Relatively High,0,0,0,0,0,Poway Unified,Unified,PK,12,0.7325070592948949,high
64.14733969986356,74.07912687585265,45.70259208731241,,,,,,6.328158364169386,1,1.0,5.4,70.009629612232,19.79150625,5.37732496149745,43.5518852185519,86.4197971293687,92.1467898636034,1.0546409682250544,5.0,06073017067,Census Tract 170.67; San Diego County; California,2979,residential_or_mixed,3.9,22.9,42.1,13.7,872,393,3.35,3.61,1506,224149.0,5.2,0.9,3.3,56.0,39.9,18.5,,20,64,0.0,13,0,3,4.36388049681101,0.0,1.0070493454179257,False,6,0,Relatively Moderate,Very Low,Very Low,Relatively Low,Relatively High,Relatively Moderate,1,1,0,0,0,Poway Unified,Unified,PK,12,0.9868998170739938,high
28.001364256480212,29.19508867667121,25.784447476125514,,,,,,1.5914738089334657,1,2.1,2.8,67.1641966319844,9.209856068,5.37732496149745,55.339863673197,82.874912299478,88.0655940446886,0.0,5.0,06073017068,Census Tract 170.68; San Diego County; California,4608,residential_or_mixed,6.0,25.3,40.4,12.3,1788,767,2.58,3.09,2296,156146.0,3.7,2.5,5.7,69.9,25.5,48.1,2923.0,165,244,2.2,94,7,41,20.39930555555556,1.5190972222222223,8.897569444444445,False,2,0,Relatively Moderate,Very Low,Very Low,Relatively Low,Relatively High,Relatively Low,0,0,0,0,0,Poway Unified,Unified,PK,12,0.6845514337566312,high
38.963165075034105,41.06412005457026,35.06139154160982,,,,,,7.894492104900113,1,0.4,1.2,4.50712826173756,9.209856068,5.37732496149745,34.325992659326,9.69284006992259,80.2777876874413,2.631331565842511,5.0,06073017069,Census Tract 170.69; San Diego County; California,2162,residential_or_mixed,5.4,22.8,40.4,5.6,801,285,2.7,3.22,1156,166875.0,3.6,1.7,3.6,62.1,29.0,19.1,2716.0,11,60,0.0,30,1,13,13.876040703052729,0.4625346901017576,6.012950971322849,False,3,0,Very Low,Very Low,Very Low,Relatively Low,Very Low,Relatively Low,1,1,0,0,0,Poway Unified,Unified,PK,12,1.0,high
64.86357435197817,74.07912687585265,47.74897680763984,,,,,,0.0,0,0.8,1.7,48.9701012283627,9.209856068,5.37732496149745,64.8481815148482,64.0077057543434,87.5185806190765,1.9785845362574108,5.0,06073017070,Census Tract 170.70; San Diego County; California,5572,residential_or_mixed,9.0,32.7,34.2,11.6,1603,988,3.48,3.57,2343,202813.0,5.5,8.5,7.8,68.6,23.3,41.7,2752.0,38,338,0.0,3,0,2,0.5384063173007897,0.0,0.3589375448671931,False,0,0,Relatively Low,Very Low,Very Low,Relatively Moderate,Relatively Moderate,Relatively Low,2,1,1,0,0,Poway Unified,Unified,PK,12,1.0000000000000009,high
33.260572987721694,34.78854024556617,30.422919508867665,,,,,,8.084861025470557,1,0.3,0.9,68.4959015430866,42.04702956,5.37732496149745,65.4511654511655,78.3537274208317,95.4098438633418,0.4042170562945377,5.0,06073017071,Census Tract 170.71; San Diego County; California,5229,residential_or_mixed,10.7,29.6,41.2,8.0,1800,686,2.78,3.3,2368,154907.0,3.4,3.1,2.4,51.2,34.8,41.4,3030.0,24,393,3.3,98,5,38,18.741633199464527,0.956205775482884,7.267163893669918,False,20,0,Relatively Moderate,Relatively Moderate,Very Low,Relatively Moderate,Relatively Moderate,Relatively Moderate,1,0,0,1,0,Poway Unified,Unified,PK,12,1.0000000000000002,high
74.58049113233287,74.07912687585265,75.51159618008185,12.70619282195637,11.532019704433498,15.294862772695286,11.705137227304714,13.0,7.079766761849916,1,0.3,4.5,45.105338563074,9.209856068,5.37732496149745,20.5086038419372,59.8052156540973,30.4591345296279,1.17987726062802,4.5,06073017104,Census Tract 171.04; San Diego County; California,4057,residential_or_mixed,5.7,23.4,41.9,21.2,1405,480,2.88,3.2,1545,137658.0,7.8,3.2,0.6,62.3,28.5,23.0,2811.0,76,130,2.0,0,0,0,0.0,0.0,0.0,False,6,0,Relatively Low,Very Low,Very Low,Relatively Low,Relatively Moderate,Very Low,1,1,0,0,0,Encinitas Union Elementary,Elementary,KG,6,1.0000000000000002,high
74.58049113233287,74.07912687585265,75.51159618008185,7.459252257929007,15.175173282923756,16.67548834278513,5.452425960932577,1.0,0.9400040186467395,1,0.9,0.5,96.6836554947507,9.209856068,5.37732496149745,26.7457934124601,98.6229531590025,91.9434435684302,0.1708985211449338,5.0,06073017106,Census Tract 171.06; San Diego County; California,4174,residential_or_mixed,5.3,24.9,48.8,12.4,1468,547,2.8,3.11,2226,213659.0,4.2,0.9,3.6,59.1,27.0,5.0,,30,12,28.0,5,0,0,1.1978917105893627,0.0,0.0,False,11,0,Relatively High,Very Low,Very Low,Relatively Low,Very High,Relatively Moderate,2,1,1,0,0,San Dieguito Union High,High,07,12,0.9999986404295024,high
74.58049113233287,74.07912687585265,75.51159618008185,11.981245923026746,10.33757338551859,12.516634050880626,10.88747553816047,13.629158512720156,8.232207724344459,1,0.0,0.5,34.350705780116,55.36634484,5.37732496149745,20.9149625816292,66.308729620777,34.137205237059,1.3719339098055034,4.5,06073017107,Census Tract 171.07; San Diego County; California,3202,residential_or_mixed,5.3,26.4,41.8,8.7,1060,450,3.02,3.2,1759,210227.0,4.8,5.2,3.1,45.5,45.6,4.7,,0,35,0.0,0,0,0,0.0,0.0,0.0,False,6,0,Relatively Low,Relatively Moderate,Very Low,Relatively Low,Relatively Moderate,Very Low,1,0,1,0,0,Encinitas Union Elementary,Elementary,KG,6,1.0,high
74.58049113233287,74.07912687585265,75.51159618008185,12.263880597014923,9.979701492537313,13.380298507462689,14.943283582089553,10.168358208955224,7.400899714103124,1,0.0,4.0,43.4412945956737,19.49416573,5.37732496149745,25.9032842366176,50.4156112875031,0.0,1.233394777073931,4.5,06073017108,Census Tract 171.08; San Diego County; California,4328,residential_or_mixed,7.4,24.8,44.5,7.0,1638,544,2.64,3.08,2046,170833.0,7.4,4.9,3.1,65.0,28.5,16.7,3089.0,9,103,0.6,0,0,0,0.0,0.0,0.0,False,6,0,Relatively Low,Very Low,Very Low,Relatively Low,Relatively Moderate,No Rating,1,1,0,0,0,Encinitas Union Elementary,Elementary,KG,6,0.9999999999999992,high
74.58049113233287,74.07912687585265,75.51159618008185,12.621000450653447,10.346552501126634,13.329878323569176,11.81658404686796,14.20820189274448,9.38564844089328,1,0.0,0.0,71.6220024896071,9.209856068,5.37732496149745,35.4723771390438,80.532267846313,89.6293389461668,1.1731178544107503,4.5,06073017109,Census Tract 171.09; San Diego County; California,6290,residential_or_mixed,4.2,24.0,40.4,16.8,2094,646,3.0,3.25,3189,184881.0,1.7,1.0,3.4,62.4,34.6,21.7,2433.0,50,129,1.6,0,0,0,0.0,0.0,0.0,False,16,0,Relatively Moderate,Very Low,Very Low,Relatively Low,Relatively High,Relatively Moderate,2,2,0,0,0,Encinitas Union Elementary,Elementary,KG,6,0.9999920796928105,high
74.58049113233287,74.07912687585265,75.51159618008185,,,,,,0.7776176134443581,1,1.0,0.0,96.7259318411349,9.209856068,5.37732496149745,27.376185709519,97.874971757459,98.9190539046056,0.0,5.0,06073017111,Census Tract 171.11; San Diego County; California,4346,residential_or_mixed,2.3,20.9,52.4,21.4,1667,462,2.6,2.76,2254,184080.0,1.9,1.5,5.0,45.6,34.6,8.3,,0,93,11.7,0,0,0,0.0,0.0,0.0,False,7,0,Relatively High,Very Low,Very Low,Relatively Low,Very High,Relatively High,0,0,0,0,0,San Dieguito Union High,High,07,12,0.6997129415883208,high
74.58049113233287,74.07912687585265,75.51159618008185,,,,,,0.0,0,0.0,3.3,54.8582568053174,9.209856068,5.37732496149745,13.2144048810715,59.0072895484761,97.4433068150738,0.18629163362041,5.0,06073017112,Census Tract 171.12; San Diego County; California,2319,residential_or_mixed,7.7,31.6,43.8,15.3,692,340,3.35,3.5,1065,,1.7,1.3,2.2,64.8,26.8,2.3,,0,0,6.7,0,0,0,0.0,0.0,0.0,False,0,0,Relatively Moderate,Very Low,Very Low,Very Low,Relatively Moderate,Relatively High,1,0,1,0,0,San Dieguito Union High,High,07,12,0.8997934584203043,high
74.58049113233287,74.07912687585265,75.51159618008185,,,,,,0.8635897900627012,1,0.4,1.4,82.9274021185147,23.45140082,5.37732496149745,30.8046141379475,92.9613642039171,96.6691639018705,0.2878412616497924,5.0,06073017113,Census Tract 171.13; San Diego County; California,5175,residential_or_mixed,3.6,31.1,34.8,24.9,1807,770,2.85,3.51,1906,132431.0,1.2,0.0,0.5,61.5,32.6,45.7,2810.0,115,346,0.8,0,0,0,0.0,0.0,0.0,False,3,0,Relatively Moderate,Relatively Low,Very Low,Relatively Low,Relatively High,Relatively High,1,0,0,1,0,San Dieguito Union High,High,07,12,0.7428440067896983,high
74.58049113233287,74.07912687585265,75.51159618008185,,,,,,6.291540817990195,1,0.0,0.0,54.6398290156657,43.0586981,5.37732496149745,11.4876781543448,73.859893213466,29.7170989261889,0.0,5.0,06073017201,Census Tract 172.01; San Diego County; California,2169,residential_or_mixed,1.9,8.1,55.4,3.8,1104,125,1.96,2.36,1644,202045.0,2.0,0.0,0.5,42.8,53.5,58.7,,65,183,28.0,4,0,0,1.8441678192715536,0.0,0.0,False,6,0,Relatively Moderate,Relatively Moderate,Very Low,Very Low,Relatively Moderate,Very Low,0,0,0,0,0,San Dieguito Union High,High,07,12,0.5861859880133736,high
64.00409276944065,74.07912687585265,45.29331514324693,,,,,,4.221204452033249,1,1.1,1.7,80.1289428564718,43.78487236,5.37732496149745,12.5804375804376,88.7267667939067,82.2173070291225,0.0,5.0,06073017202,Census Tract 172.02; San Diego County; California,1734,residential_or_mixed,6.6,19.0,56.1,4.2,751,170,2.31,2.72,1180,179732.0,3.6,0.9,2.1,55.3,40.2,29.3,3264.0,29,104,26.2,10,0,2,5.767012687427912,0.0,1.1534025374855823,False,5,0,Relatively Moderate,Relatively Moderate,Very Low,Very Low,Relatively High,Relatively Low,0,0,0,0,0,San Dieguito Union High,High,07,12,1.0000000000000004,high
74.58049113233287,74.07912687585265,75.51159618008185,12.069811320754717,13.683018867924527,14.330188679245284,12.576415094339623,9.626415094339622,9.054916402053776,1,6.4,0.5,43.9345186368227,28.49375111,5.37732496149745,17.4233757567091,52.7261484309039,79.5940209054261,0.7545293522287773,5.0,06073017303,Census Tract 173.03; San Diego County; California,3542,residential_or_mixed,3.2,25.1,46.5,5.2,1370,338,2.59,3.22,1852,122122.0,5.6,3.3,0.8,63.2,24.9,33.1,2934.0,39,294,8.2,0,0,0,0.0,0.0,0.0,False,12,0,Relatively Low,Relatively Low,Very Low,Relatively Low,Relatively Moderate,Relatively Low,1,1,0,0,0,San Dieguito Union High,High,07,12,0.9005047015739069,high
74.58049113233287,74.07912687585265,75.51159618008185,7.837023370233703,7.000738007380074,13.216974169741697,12.40221402214022,1.0,0.0,0,0.0,1.3,44.2539399206144,40.69478173,5.37732496149745,20.03432003432,69.0497425469421,85.5172249771087,0.6159283487009422,5.0,06073017305,Census Tract 173.05; San Diego County; California,3032,residential_or_mixed,3.1,14.1,52.5,6.7,1358,278,2.23,2.58,1809,159766.0,5.6,4.4,1.6,46.0,44.8,18.3,3282.0,0,74,4.4,0,0,0,0.0,0.0,0.0,False,0,0,Relatively Low,Relatively Moderate,Very Low,Relatively Low,Relatively Moderate,Relatively Low,1,1,0,0,0,San Dieguito Union High,High,07,12,1.0,high
37.59890859481583,42.56480218281037,28.37653478854024,12.027653880463868,17.783229259589653,13.783229259589652,11.099910793933988,9.199821587867977,0.5509796758623845,1,0.0,1.2,86.455128355685,25.43031452,5.37732496149745,15.7669574336241,95.1601203429536,83.6871083205499,0.0,5.0,06073017306,Census Tract 173.06; San Diego County; California,2670,residential_or_mixed,7.6,19.9,52.2,10.1,1123,309,2.38,2.69,1667,229406.0,0.6,0.0,2.7,66.2,29.5,19.1,,0,126,12.5,53,1,21,19.8501872659176,0.3745318352059925,7.865168539325843,False,1,0,Relatively High,Relatively Low,Very Low,Very Low,Relatively High,Relatively Low,0,0,0,0,0,San Dieguito Union High,High,07,12,0.9999999999999994,high
74.58049113233287,74.07912687585265,75.51159618008185,,,,,,20.830933383101183,1,0.9,12.0,42.1589120886864,9.209856068,5.37732496149745,10.3818103818104,41.2245965775986,0.0,1.602284430673567,5.0,06073017307,Census Tract 173.07; San Diego County; California,2282,residential_or_mixed,1.5,13.5,54.0,17.4,1081,112,2.11,2.77,1389,175547.0,4.6,2.1,2.1,63.8,24.5,26.8,,31,77,33.5,0,0,0,0.0,0.0,0.0,False,13,0,Relatively Low,Very Low,Very Low,Very Low,Relatively Low,No Rating,1,0,1,0,0,San Dieguito Union High,High,07,12,0.9290102757710462,high
64.81582537517053,74.07912687585265,47.61255115961801,,,,,,20.569933255764862,1,0.0,10.9,37.643563426263,81.60871883,5.37732496149745,30.3922970589637,74.2891798366095,0.0,0.0,5.0,06073017308,Census Tract 173.08; San Diego County; California,2388,residential_or_mixed,4.4,15.5,46.2,35.8,1188,225,2.01,3.26,961,101833.0,9.9,2.6,2.4,61.1,25.0,54.0,2804.0,23,251,8.8,6,0,1,2.512562814070352,0.0,0.4187604690117253,False,10,0,Relatively Low,Very High,Very Low,Relatively Low,Relatively Moderate,No Rating,0,0,0,0,0,San Dieguito Union High,High,07,12,1.0000000000000004,high
74.58049113233287,74.07912687585265,75.51159618008185,11.466297544535388,11.1911410688493,13.14443909484834,11.084256138661532,11.146846413095812,5.494286220560863,1,2.4,2.4,55.7613265378021,57.67280697,5.37732496149745,37.4290957624291,79.1445185687275,76.8149548713924,1.220868405302057,5.0,06073017403,Census Tract 174.03; San Diego County; California,4730,residential_or_mixed,5.0,20.4,57.2,10.8,1945,494,2.43,2.97,2410,154886.0,1.4,0.5,2.2,48.7,40.9,16.9,3427.0,69,198,2.8,0,0,0,0.0,0.0,0.0,False,9,0,Relatively Moderate,Relatively Moderate,Very Low,Relatively Low,Relatively High,Relatively Low,2,0,1,0,1,San Dieguito Union High,High,07,12,1.0000000000000002,high
74.58049113233287,74.07912687585265,75.51159618008185,,,,,,4.063840306090384,1,0.0,1.5,20.7201071000775,9.209856068,5.37732496149745,18.1645931645932,23.7689225024675,0.0,2.031782084824933,5.0,06073017405,Census Tract 174.05; San Diego County; California,4024,residential_or_mixed,12.3,33.9,33.9,42.9,1320,574,3.05,3.47,1561,150893.0,34.0,26.0,2.9,64.5,26.0,40.2,2960.0,47,296,8.7,0,0,0,0.0,0.0,0.0,False,2,0,Relatively Low,Very Low,Very Low,Relatively Low,Relatively Low,No Rating,1,1,0,0,0,Cardiff Elementary,Elementary,KG,6,0.9999999999999994,high
74.58049113233287,74.07912687585265,75.51159618008185,,,,,,0.0,0,0.0,2.0,35.528571764098,26.42954451,5.37732496149745,17.7439344106011,44.5744592296624,66.6036412067592,0.0,5.0,06073017406,Census Tract 174.06; San Diego County; California,2790,residential_or_mixed,8.1,19.0,47.8,13.9,1107,255,2.42,2.99,1456,189135.0,3.0,1.0,3.8,60.0,31.1,27.5,2838.0,0,87,6.6,0,0,0,0.0,0.0,0.0,False,0,0,Relatively Low,Relatively Low,Very Low,Relatively Low,Relatively Low,Very Low,0,0,0,0,0,San Dieguito Union High,High,07,12,1.0000000000000004,high
74.58049113233287,74.07912687585265,75.51159618008185,,,,,,4.822595389083764,1,0.0,4.4,44.1259365385067,35.13178937,5.37732496149745,18.8867438867439,49.1872093991176,26.025947462928,1.205568583953012,5.0,06073017407,Census Tract 174.07; San Diego County; California,3078,residential_or_mixed,3.2,21.2,47.4,3.5,1247,325,2.47,2.86,1762,196992.0,3.8,3.1,1.7,54.0,38.7,30.5,,9,58,15.0,0,0,0,0.0,0.0,0.0,False,4,0,Relatively Low,Relatively Low,Very Low,Relatively Low,Relatively Moderate,Very Low,1,1,0,0,0,Cardiff Elementary,Elementary,KG,6,0.9095621911544642,high
74.58049113233287,74.07912687585265,75.51159618008185,,,,,,0.0,0,0.4,2.0,19.445944993776,43.41586211,5.37732496149745,17.4090757424091,36.7176816144031,35.2918792289489,0.0,5.0,06073017408,Census Tract 174.08; San Diego County; California,2522,residential_or_mixed,8.3,14.5,39.0,8.2,1144,227,2.2,2.69,1593,177037.0,5.3,5.2,2.8,61.9,22.6,53.1,3227.0,60,210,8.8,0,0,0,0.0,0.0,0.0,False,0,0,Relatively Low,Relatively Moderate,Very Low,Relatively Low,Relatively Low,Very Low,0,0,0,0,0,San Dieguito Union High,High,07,12,1.000000000000001,high
54.45088676671215,43.11050477489768,75.51159618008185,15.628364389233957,14.626552795031056,9.86723602484472,17.638198757763973,17.0,25.74385187351902,1,0.0,1.2,49.4316180097236,9.209856068,5.37732496149745,13.1572048238715,25.2613178266919,0.0,0.0,5.0,06073017501,Census Tract 175.01; San Diego County; California,2855,residential_or_mixed,2.9,10.9,45.0,7.3,1301,213,2.12,2.55,1741,157243.0,11.5,7.3,3.7,53.7,40.8,51.4,3417.0,212,195,14.1,1,1,0,0.3502626970227671,0.3502626970227671,0.0,False,20,0,Relatively Low,Very Low,Very Low,Very Low,Relatively Low,No Rating,0,0,0,0,0,San Dieguito Union High,High,07,12,0.8532978892795854,high
74.58049113233287,74.07912687585265,75.51159618008185,14.868283991228072,15.431743421052632,16.41282894736842,13.158717105263158,15.523848684210526,8.144116314934449,1,0.8,0.4,44.2128379171853,48.98003909,5.37732496149745,26.0653510653511,50.9709488304615,0.0,5.429031315499158,5.0,06073017502,Census Tract 175.02; San Diego County; California,3545,residential_or_mixed,6.7,18.9,41.3,33.3,1352,477,2.48,3.19,1508,129375.0,6.5,4.5,2.0,56.4,26.4,49.2,2743.0,30,286,6.4,0,0,0,0.0,0.0,0.0,False,6,0,Relatively Low,Relatively Moderate,Very Low,Relatively Low,Relatively Moderate,No Rating,4,2,0,2,1,San Dieguito Union High,High,07,12,1.0000000000000009,high
74.58049113233287,74.07912687585265,75.51159618008185,8.04572204617474,15.135355364418288,15.83612494341331,7.65142598460842,1.0,1.7809542424010376,1,1.2,10.8,71.2814430326232,75.62459279,5.37732496149745,46.1068211068211,90.1585149774654,94.5346223823624,0.2968031253609478,4.5,06073017601,Census Tract 176.01; San Diego County; California,5143,residential_or_mixed,6.2,20.5,57.0,11.1,2147,486,2.31,2.93,2700,175607.0,4.1,2.7,1.2,45.8,43.9,37.5,,60,486,8.3,0,0,0,0.0,0.0,0.0,False,6,0,Relatively Moderate,Relatively High,Very Low,Relatively Low,Relatively High,Relatively Moderate,1,1,0,0,0,Encinitas Union Elementary,Elementary,KG,6,0.900151010160289,high
74.58049113233287,74.07912687585265,75.51159618008185,13.382525697503672,13.647577092511014,9.94273127753304,12.0,16.352422907488986,7.811550045346874,1,0.6,0.3,20.1775606548136,48.85446899,5.37732496149745,16.9479002812336,25.1614284185366,0.0,0.0,4.5,06073017603,Census Tract 176.03; San Diego County; California,3005,residential_or_mixed,2.9,19.4,46.3,16.9,1121,334,2.66,3.23,1600,168807.0,3.7,0.7,7.5,64.6,27.3,29.2,2889.0,25,148,2.5,0,0,0,0.0,0.0,0.0,False,5,0,Relatively Low,Relatively Moderate,Very Low,Relatively Low,Relatively Low,No Rating,0,0,0,0,0,Encinitas Union Elementary,Elementary,KG,6,1.000000000000001,high
74.58049113233287,74.07912687585265,75.51159618008185,,,,,,6.163160341809399,1,0.2,3.4,46.3536651243629,74.50216194,5.37732496149745,32.648124314791,63.0813504096655,92.8567181572783,0.0,4.5,06073017605,Census Tract 176.05; San Diego County; California,3931,residential_or_mixed,1.1,26.3,39.0,24.9,1332,517,2.81,3.15,1920,152035.0,7.1,5.3,2.7,54.9,38.6,46.2,2698.0,48,224,16.3,0,0,0,0.0,0.0,0.0,False,7,0,Relatively Low,Relatively High,Very Low,Relatively Low,Relatively Moderate,Relatively Moderate,0,0,0,0,0,Encinitas Union Elementary,Elementary,KG,6,1.0000000000000009,high
74.58049113233287,74.07912687585265,75.51159618008185,,,,,,14.285988062690723,1,1.3,5.8,33.58503417338,53.53847065,5.37732496149745,29.3793793793794,52.0840022356201,18.6626710903405,0.0,4.5,06073017606,Census Tract 176.06; San Diego County; California,3687,residential_or_mixed,4.3,19.0,43.7,20.3,1639,376,2.25,3.06,1819,103250.0,6.7,2.8,2.3,64.0,30.9,40.9,2571.0,62,273,8.4,0,0,0,0.0,0.0,0.0,False,11,0,Relatively Low,Relatively Moderate,Very Low,Relatively Low,Relatively Moderate,Very Low,0,0,0,0,0,Encinitas Union Elementary,Elementary,KG,6,0.9999999999999992,high
74.58049113233287,74.07912687585265,75.51159618008185,12.11392308861529,8.481532147742818,17.595531235750116,14.20656634746922,9.096671226630187,7.974699398444338,1,0.4,5.1,56.0995373088757,61.41444056,5.37732496149745,40.8098574765241,77.5772061883867,18.8220184795405,0.0,4.5,06073017701,Census Tract 177.01; San Diego County; California,5137,residential_or_mixed,3.0,10.9,39.6,14.1,2217,359,2.32,3.01,2621,119280.0,8.7,5.9,2.6,60.6,31.7,57.0,2426.0,79,509,19.8,0,0,0,0.0,0.0,0.0,False,9,0,Relatively Moderate,Relatively High,Very Low,Relatively Low,Relatively Moderate,Very Low,0,0,0,0,0,Encinitas Union Elementary,Elementary,KG,6,0.8211213165157937,high
74.58049113233287,74.07912687585265,75.51159618008185,16.334067009048667,16.633162142333088,16.168011738811444,16.47028613352898,16.131327953044753,6.9442840544199775,1,1.6,3.0,34.0301101533692,9.209856068,5.37732496149745,14.2737976071309,26.3279940066355,0.0,1.735945897527882,4.5,06073017702,Census Tract 177.02; San Diego County; California,3199,residential_or_mixed,2.8,12.9,42.4,15.6,1416,237,2.26,2.78,1596,157875.0,2.5,1.3,4.2,59.6,26.1,51.6,3140.0,38,328,11.7,0,0,0,0.0,0.0,0.0,False,4,0,Relatively Low,Very Low,Very Low,Very Low,Relatively Low,No Rating,1,1,0,0,0,Encinitas Union Elementary,Elementary,KG,6,0.8189698227279986,high
74.58049113233287,74.07912687585265,75.51159618008185,13.769704433497536,13.205254515599345,8.595238095238095,15.397372742200329,15.011494252873565,16.83516448521992,1,2.5,6.4,94.3244004979214,9.209856068,5.37732496149745,36.2171695505029,96.3457124849869,68.034200230697,2.32188826849755,4.5,06073017801,Census Tract 178.01; San Diego County; California,6941,residential_or_mixed,7.4,18.5,39.3,15.1,2856,623,2.43,3.04,2755,111118.0,9.5,9.6,6.8,68.9,22.4,41.5,2436.0,113,563,1.1,0,0,0,0.0,0.0,0.0,False,29,0,Relatively High,Very Low,Very Low,Relatively Low,Very High,Very Low,4,1,0,2,0,Carlsbad Unified,Unified,PK,12,1.0000000000000002,high
74.58049113233287,74.07912687585265,75.51159618008185,8.900232335656689,7.060680606806068,14.478474784747847,12.25461254612546,3.676506765067651,0.9179304606666892,1,0.0,1.1,70.504027996336,47.97251673,5.37732496149745,41.6511749845083,88.2142389973006,87.3949080185033,0.0,4.5,06073017808,Census Tract 178.08; San Diego County; California,5433,residential_or_mixed,4.6,20.4,54.6,13.3,2171,536,2.5,2.72,3108,168897.0,3.1,2.7,3.1,58.2,37.8,11.6,,31,101,8.8,0,0,0,0.0,0.0,0.0,False,2,0,Relatively Moderate,Relatively Moderate,Very Low,Relatively Low,Relatively High,Relatively Low,0,0,0,0,0,Carlsbad Unified,Unified,PK,12,0.999999999999999,high
74.58049113233287,74.07912687585265,75.51159618008185,14.333333333333334,14.0,18.0,12.0,15.0,21.61998478576064,1,0.5,2.2,25.045212203772,9.209856068,5.37732496149745,10.7095190428524,16.5126704957606,36.0422389497342,3.3258645255184183,4.5,06073017809,Census Tract 178.09; San Diego County; California,2625,residential_or_mixed,4.2,23.7,43.6,15.2,879,358,2.98,3.26,1103,141181.0,6.5,3.0,4.8,49.0,38.8,23.4,2240.0,11,95,4.4,0,0,0,0.0,0.0,0.0,False,13,0,Relatively Low,Very Low,Very Low,Very Low,Relatively Low,Very Low,2,1,1,0,0,Carlsbad Unified,Unified,PK,12,0.9999999999999994,high
74.58049113233287,74.07912687585265,75.51159618008185,12.36425702811245,9.026506024096385,14.079518072289156,12.026506024096385,13.513253012048192,2.6977962123490244,1,0.2,0.7,81.8012072245579,9.209856068,5.37732496149745,26.5217598550932,89.9194938936653,73.1475866005494,0.6743918711844591,4.5,06073017810,Census Tract 178.10; San Diego County; California,5126,residential_or_mixed,3.1,18.9,48.8,11.7,2012,459,2.54,3.14,2330,104137.0,5.0,3.3,4.4,64.0,26.6,25.8,2627.0,41,200,8.3,0,0,0,0.0,0.0,0.0,False,4,0,Relatively Moderate,Very Low,Very Low,Relatively Low,Relatively High,Relatively Low,1,1,0,0,0,Carlsbad Unified,Unified,PK,12,0.9999999999999994,high
74.58049113233287,74.07912687585265,75.51159618008185,10.9187275049344,9.986415882967608,13.747474747474747,16.223615464994776,4.665621734587252,2.3376607185888503,1,0.3,0.8,57.3455151842544,9.209856068,5.37732496149745,35.3043519710186,61.5199838274292,81.4752714256835,0.7791571132248934,4.5,06073017811,Census Tract 178.11; San Diego County; California,6485,residential_or_mixed,9.2,22.1,38.6,13.1,2672,757,2.43,3.02,3056,170540.0,5.8,2.6,4.9,61.1,30.3,44.4,3177.0,63,372,7.4,0,0,0,0.0,0.0,0.0,False,3,0,Relatively Moderate,Very Low,Very Low,Relatively Low,Relatively Moderate,Relatively Low,1,1,0,0,0,Carlsbad Unified,Unified,PK,12,1.000000000000001,high
74.58049113233287,74.07912687585265,75.51159618008185,16.43030303030303,19.104545454545452,19.0,13.477272727272728,16.761363636363637,9.431564991860515,1,0.0,0.0,65.7679028583508,38.86690754,5.37732496149745,28.5726202392869,69.1270379223003,70.3673314068947,0.0,4.5,06073017813,Census Tract 178.13; San Diego County; California,4583,residential_or_mixed,2.7,21.1,50.2,14.8,1720,487,2.66,3.07,2024,135860.0,7.6,4.7,2.4,55.7,40.1,31.2,,9,293,16.8,0,0,0,0.0,0.0,0.0,False,25,0,Relatively Moderate,Relatively Low,Very Low,Relatively Low,Relatively Moderate,Relatively Low,0,0,0,0,0,Carlsbad Unified,Unified,PK,12,0.7228669652630536,high
74.58049113233287,74.07912687585265,75.51159618008185,,,,,,20.8082720042998,1,5.7,10.0,69.5258003147239,19.79150625,5.37732496149745,19.4754278087611,61.1549118238141,70.0652848631872,0.0,4.5,06073017901,Census Tract 179.01; San Diego County; California,3874,residential_or_mixed,8.4,13.5,32.9,25.1,1911,261,1.99,3.07,1295,75908.0,10.4,15.2,7.6,64.9,16.8,88.0,2162.0,106,840,9.0,0,0,0,0.0,0.0,0.0,False,13,0,Relatively Moderate,Very Low,Very Low,Relatively Low,Relatively Moderate,Relatively Low,0,0,0,0,0,Carlsbad Unified,Unified,PK,12,1.0,high
74.58049113233287,74.07912687585265,75.51159618008185,,,,,,3.2153683058038323,1,0.0,0.0,23.735819808817,9.209856068,5.37732496149745,13.9949473282807,20.9315876470099,0.0,3.2150930267545483,4.5,06073017902,Census Tract 179.02; San Diego County; California,2972,residential_or_mixed,3.1,19.2,42.2,44.4,1296,295,2.29,3.36,795,85227.0,22.5,25.0,1.5,59.9,10.8,52.8,2294.0,9,442,12.9,0,0,0,0.0,0.0,0.0,False,1,0,Relatively Low,Very Low,Very Low,Very Low,Relatively Low,No Rating,1,1,0,0,0,Carlsbad Unified,Unified,PK,12,0.9999999999999996,high
74.58049113233287,74.07912687585265,75.51159618008185,13.895187065237826,10.895657078398196,11.684715172024816,13.079526226734348,17.315848843767625,17.403199775957404,1,2.5,1.6,43.9004626911243,66.46093704,5.37732496149745,25.284808618142,53.1268952231458,0.0,0.0,4.5,06073018000,Census Tract 180; San Diego County; California,3452,residential_or_mixed,2.3,12.9,40.8,20.7,1781,287,1.93,2.63,1569,101589.0,6.7,0.0,2.5,64.9,23.7,78.3,2592.0,90,687,19.8,0,0,0,0.0,0.0,0.0,False,12,0,Relatively Low,Relatively High,Very Low,Relatively Low,Relatively Moderate,No Rating,0,0,0,0,0,Carlsbad Unified,Unified,PK,12,0.8100425330211245,high
74.58049113233287,74.07912687585265,75.51159618008185,,,,,,6.205699314423689,1,3.3,3.2,51.6687413392207,9.209856068,5.37732496149745,17.4078840745507,62.6473071480385,0.0,2.06838294002714,2.0,06073018101,Census Tract 181.01; San Diego County; California,3465,residential_or_mixed,6.6,16.4,40.6,27.7,1357,316,2.55,2.89,1100,119399.0,5.4,1.8,1.1,67.0,20.5,33.0,3018.0,33,202,8.7,0,0,0,0.0,0.0,0.0,False,3,0,Relatively Low,Very Low,Very Low,Relatively Low,Relatively Moderate,No Rating,1,1,0,0,0,Oceanside Unified,Unified,PK,12,1.0000000000000009,lower
74.58049113233287,74.07912687585265,75.51159618008185,,,,,,13.210080711186048,1,0.0,0.6,30.8582098315992,75.07018895,5.37732496149745,20.8339291672625,53.3112149643847,0.0,0.0,2.0,06073018102,Census Tract 181.02; San Diego County; California,2424,residential_or_mixed,1.8,10.2,42.9,16.9,1252,139,1.9,2.87,971,90306.0,9.9,14.7,5.6,73.0,22.7,68.4,2062.0,17,554,20.9,0,0,0,0.0,0.0,0.0,False,8,0,Relatively Low,Relatively High,Very Low,Relatively Low,Relatively Moderate,No Rating,0,0,0,0,0,Oceanside Unified,Unified,PK,12,0.8118662773237719,lower
74.58049113233287,74.07912687585265,75.51159618008185,,,,,,32.048981374068646,1,2.0,6.7,28.4226225426874,43.4756856,5.37732496149745,19.3741360408027,44.453164948331,65.1064892440512,5.34101994271038,2.0,06073018201,Census Tract 182.01; San Diego County; California,3025,residential_or_mixed,4.3,19.8,33.8,30.0,1283,361,2.36,3.24,935,77759.0,15.7,14.0,4.4,57.5,30.6,70.8,1889.0,181,383,10.5,0,0,0,0.0,0.0,0.0,False,12,0,Relatively Low,Relatively Moderate,Very Low,Relatively Low,Relatively Low,Very Low,2,0,0,1,0,Oceanside Unified,Unified,PK,12,0.9999999999999988,lower
74.58049113233287,74.07912687585265,75.51159618008185,,,,,,37.89575340727327,1,5.4,4.3,25.6617422552082,58.10578689,5.37732496149745,23.667715334382,47.1549356070065,0.0,0.0,2.0,06073018202,Census Tract 182.02; San Diego County; California,3550,residential_or_mixed,2.8,14.8,36.1,58.0,1173,312,2.9,3.68,941,95494.0,10.5,5.1,4.7,60.1,15.7,66.3,2030.0,124,364,19.2,0,0,0,0.0,0.0,0.0,False,9,0,Relatively Low,Relatively Moderate,Very Low,Relatively Low,Relatively Low,No Rating,0,0,0,0,0,Oceanside Unified,Unified,PK,12,0.9999999999999992,lower
74.58049113233287,74.07912687585265,75.51159618008185,,,,,,0.0,0,0.0,4.9,29.6333701294126,59.38458805,5.37732496149745,5.8713475380142,60.0287776628257,0.0,0.0,2.0,06073018301,Census Tract 183.01; San Diego County; California,889,residential_or_mixed,3.0,6.2,45.4,10.1,576,48,1.54,2.22,488,74524.0,9.2,13.6,6.4,75.2,22.1,59.7,2360.0,66,148,61.1,1,0,0,1.124859392575928,0.0,0.0,False,0,0,Relatively Low,Relatively Moderate,Very Low,Very Low,Relatively Moderate,No Rating,0,0,0,0,0,Oceanside Unified,Unified,PK,12,0.2557398156212512,lower
38.37653478854025,36.56207366984994,41.7462482946794,,,,,,0.0,0,6.5,2.9,14.9059351292952,48.39068886,5.37732496149745,8.01158301158301,30.2926521827025,0.0,0.0,2.0,06073018302,Census Tract 183.02; San Diego County; California,1222,residential_or_mixed,0.7,8.0,42.1,14.9,657,62,1.86,2.44,412,64792.0,14.1,8.8,3.3,60.6,18.3,71.5,1918.0,23,270,37.8,6,1,4,4.909983633387888,0.8183306055646482,3.273322422258593,False,0,0,Very Low,Relatively Moderate,Very Low,Very Low,Relatively Low,No Rating,0,0,0,0,0,Oceanside Unified,Unified,PK,12,0.999737440563547,lower
74.58049113233287,74.07912687585265,75.51159618008185,17.304698972099853,16.67967275015733,13.839521711768407,18.932662051604783,17.72183763373191,39.42343997972046,1,3.0,12.2,81.0202691594053,45.66309305,5.37732496149745,24.4422994422994,84.0105597374336,0.0,1.9709942303373915,2.0,06073018400,Census Tract 184; San Diego County; California,3587,residential_or_mixed,1.7,7.7,38.6,32.7,1646,170,2.07,2.55,1276,72750.0,19.4,7.9,0.5,57.0,24.8,81.4,2026.0,56,505,21.2,10,0,0,2.7878449958182325,0.0,0.0,False,20,0,Relatively Moderate,Relatively Moderate,Very Low,Relatively Low,Relatively High,No Rating,1,0,0,1,0,Oceanside Unified,Unified,PK,12,1.000000000000001,lower
57.28854024556617,47.47612551159618,75.51159618008185,11.708947298553031,13.72242134607726,15.230585424133812,12.133014735165272,8.517323775388292,9.372666189827978,1,0.8,5.7,93.4307255090777,9.209856068,5.37732496149745,34.9897516564183,96.092421485736,53.0817071575518,0.814941648960342,2.0,06073018504,Census Tract 185.04; San Diego County; California,6885,residential_or_mixed,6.7,17.6,40.7,33.9,2526,612,2.72,3.06,2207,96023.0,3.4,0.9,5.9,65.0,16.6,45.6,2073.0,41,726,4.4,1,1,0,0.1452432824981844,0.1452432824981844,0.0,False,23,0,Relatively High,Very Low,Very Low,Relatively Low,Very High,Very Low,2,1,1,0,0,Oceanside Unified,Unified,PK,12,0.9311568882801008,lower
74.58049113233287,74.07912687585265,75.51159618008185,13.09160451329126,12.943201376936315,8.920252438324727,13.269650028686174,15.073436603557086,19.04708142816233,1,4.1,14.5,56.7231134180426,75.78925546,5.37732496149745,42.679584346251,86.8978392969688,35.2526369614593,0.0,2.0,06073018509,Census Tract 185.09; San Diego County; California,5559,residential_or_mixed,3.6,16.7,38.4,58.6,1910,578,2.87,3.19,1230,71371.0,16.7,8.3,4.4,54.3,10.5,80.4,1828.0,136,707,3.1,0,0,0,0.0,0.0,0.0,False,15,0,Relatively Moderate,Relatively High,Very Low,Relatively Low,Relatively High,Very Low,0,0,0,0,0,Oceanside Unified,Unified,PK,12,1.0,lower
74.58049113233287,74.07912687585265,75.51159618008185,13.17220990391722,14.569844789356983,14.720620842572062,10.580931263858092,14.290465631929049,25.93372564601929,1,0.0,6.4,55.6791225309439,51.39370965,5.37732496149745,24.6067496067496,85.821649840058,0.0,1.2965678689270088,2.0,06073018510,Census Tract 185.10; San Diego County; California,3042,residential_or_mixed,4.2,26.7,39.1,48.8,1071,411,2.81,3.41,683,87083.0,20.3,13.2,3.0,75.2,18.6,41.0,1701.0,29,241,2.8,0,0,0,0.0,0.0,0.0,False,20,0,Relatively Moderate,Relatively Moderate,Very Low,Relatively Low,Relatively High,No Rating,1,1,0,0,0,Oceanside Unified,Unified,PK,12,1.0000000000000009,lower
74.58049113233287,74.07912687585265,75.51159618008185,12.517217269708096,6.412165705296277,12.85159937073938,12.153120083901417,15.766649187205036,26.06526073045995,1,0.0,3.0,40.6721939075087,72.95741278,5.37732496149745,41.5617998951332,78.236000618363,44.8182369519461,0.0,2.0,06073018511,Census Tract 185.11; San Diego County; California,4357,residential_or_mixed,6.9,17.2,34.6,47.9,1890,472,2.3,2.81,1085,75000.0,18.2,9.4,5.2,75.0,17.3,60.1,1898.0,196,536,4.3,0,0,0,0.0,0.0,0.0,False,17,0,Relatively Low,Relatively High,Very Low,Relatively Low,Relatively Moderate,Very Low,0,0,0,0,0,Oceanside Unified,Unified,PK,12,1.0000000000000004,lower
74.58049113233287,74.07912687585265,75.51159618008185,13.75962910128388,7.99096528768426,13.10603899191631,15.979553019495958,14.750832144555398,15.670410004705031,1,0.9,4.5,20.8516335110506,48.28999585,5.37732496149745,25.6709090042423,37.7403588883736,21.2847680544159,0.0,2.0,06073018512,Census Tract 185.12; San Diego County; California,3719,residential_or_mixed,4.1,10.5,61.4,18.8,2017,239,1.84,2.62,972,63668.0,11.1,4.2,2.4,63.4,26.0,34.5,2382.0,33,411,8.4,0,0,0,0.0,0.0,0.0,False,14,0,Relatively Low,Relatively Moderate,Very Low,Relatively Low,Relatively Low,Very Low,0,0,0,0,0,Oceanside Unified,Unified,PK,12,0.9999999999999994,lower
74.58049113233287,74.07912687585265,75.51159618008185,9.141167192429023,9.30336487907466,19.64563617245005,9.822818086225029,3.1261829652996846,13.209464226153464,1,0.0,7.9,67.935739953496,9.209856068,5.37732496149745,26.4955431622098,81.9354761989702,76.1204856527892,0.0,2.0,06073018515,Census Tract 185.15; San Diego County; California,5116,residential_or_mixed,8.9,23.7,37.7,22.3,1893,486,2.7,3.33,1737,116161.0,2.0,1.5,4.2,55.6,23.3,35.1,3089.0,115,338,5.7,1,0,0,0.1954652071931196,0.0,0.0,False,21,0,Relatively Moderate,Very Low,Very Low,Relatively Low,Relatively High,Relatively Low,0,0,0,0,0,Oceanside Unified,Unified,PK,12,0.9999999999999994,lower
74.58049113233287,74.07912687585265,75.51159618008185,9.315885416666667,13.5234375,14.015625,9.596875,4.58125,10.74692622912574,1,0.0,0.5,14.1167766634568,24.43345377,5.37732496149745,22.4450641117308,20.5677048030157,59.0500992948283,1.1939950998777098,2.0,06073018516,Census Tract 185.16; San Diego County; California,3860,residential_or_mixed,8.3,20.4,35.3,39.0,1293,394,2.98,3.45,1012,110313.0,6.5,3.0,1.8,73.9,13.1,41.4,2856.0,88,232,0.0,0,0,0,0.0,0.0,0.0,False,9,0,Very Low,Relatively Low,Very Low,Relatively Low,Relatively Low,Very Low,1,1,0,0,0,Oceanside Unified,Unified,PK,12,0.9991315189923424,lower
74.58049113233287,74.07912687585265,75.51159618008185,9.5,10.0,8.0,15.25,4.25,14.676578220057207,1,0.0,3.0,39.6493411936022,64.59870876,5.37732496149745,32.2310405643739,70.1294994827156,0.0,0.0,2.0,06073018517,Census Tract 185.17; San Diego County; California,3804,residential_or_mixed,2.3,14.5,47.1,23.9,1806,325,2.11,2.83,1027,93265.0,6.0,0.6,1.7,74.0,15.7,49.6,2334.0,124,394,5.3,0,0,0,0.0,0.0,0.0,False,11,0,Relatively Low,Relatively High,Very Low,Relatively Low,Relatively Moderate,No Rating,0,0,0,0,0,Oceanside Unified,Unified,PK,12,0.9987794863008912,lower
54.98294679399727,43.929058663028655,75.51159618008185,11.624293785310735,3.7796610169491527,4.8474576271186445,15.152542372881356,15.40677966101695,28.77062443055502,1,0.8,6.3,16.26347558541,42.27447728,5.37732496149745,20.5062205062205,35.1527475533041,0.0,0.0,2.0,06073018518,Census Tract 185.18; San Diego County; California,3308,residential_or_mixed,7.1,21.0,38.6,64.0,903,343,3.65,3.97,316,105990.0,3.4,3.7,4.5,80.5,9.6,33.8,2237.0,90,76,1.8,1,1,0,0.30229746070133,0.30229746070133,0.0,False,11,0,Very Low,Relatively Moderate,Very Low,Relatively Low,Relatively Low,No Rating,0,0,0,0,0,Vista Unified,Unified,KG,12,0.7240595084244916,lower
74.58049113233287,74.07912687585265,75.51159618008185,12.930450697780827,10.733013040494166,7.055593685655457,14.39601921757035,15.501029512697324,21.67269797237393,1,1.4,3.4,27.8413227799046,21.86992833,5.37732496149745,31.3313313313313,35.0932895722593,0.0,1.6669809139466645,2.0,06073018519,Census Tract 185.19; San Diego County; California,6007,residential_or_mixed,4.4,29.0,34.2,68.9,1373,771,4.24,4.32,611,82363.0,7.5,3.1,4.6,78.8,7.3,42.6,2137.0,135,188,1.4,0,0,0,0.0,0.0,0.0,False,13,0,Relatively Low,Relatively Low,Very Low,Relatively Low,Relatively Low,No Rating,1,1,0,0,0,Vista Unified,Unified,KG,12,0.9999999999999992,lower
74.58049113233287,74.07912687585265,75.51159618008185,,,,,,18.882506567369152,1,7.5,2.8,58.4717100782112,9.209856068,5.37732496149745,29.0171123504457,77.2394848560522,19.7709678570154,0.0,2.0,06073018520,Census Tract 185.20; San Diego County; California,5213,residential_or_mixed,2.6,21.0,33.8,54.2,1579,595,3.3,3.54,854,99671.0,4.9,4.1,2.2,65.5,8.7,46.9,2571.0,68,411,0.0,0,0,0,0.0,0.0,0.0,False,10,0,Relatively Moderate,Very Low,Very Low,Relatively Low,Relatively Moderate,Very Low,0,0,0,0,0,Oceanside Unified,Unified,PK,12,0.9996939978887892,lower
64.57708049113234,74.07912687585265,46.930422919508864,,,,,,11.782804160173848,1,1.2,5.2,79.5922681259835,79.2015637,5.37732496149745,43.3302349969017,97.4123886649305,57.4245180930636,2.356341743334035,2.0,06073018521,Census Tract 185.21; San Diego County; California,4856,residential_or_mixed,5.1,22.6,43.2,30.0,1583,584,3.03,3.4,1212,102679.0,6.6,8.0,2.4,63.1,23.6,23.9,1967.0,38,191,6.6,19,0,3,3.912685337726524,0.0,0.6177924217462932,False,15,0,Relatively Moderate,Relatively High,Very Low,Relatively Low,Very High,Very Low,3,2,1,0,1,Oceanside Unified,Unified,PK,12,1.0000000000000016,lower
74.58049113233287,74.07912687585265,75.51159618008185,,,,,,16.405037736983925,1,0.4,1.7,67.8594076614134,9.209856068,5.37732496149745,28.2890032890033,58.5791920849536,74.774356961935,1.8226158538595512,2.0,06073018522,Census Tract 185.22; San Diego County; California,5332,residential_or_mixed,7.4,26.1,33.9,28.3,1927,730,2.76,3.07,2221,146406.0,3.0,0.4,3.2,74.5,18.6,28.5,3041.0,35,336,5.9,0,0,0,0.0,0.0,0.0,False,45,0,Relatively Moderate,Very Low,Very Low,Relatively Low,Relatively Moderate,Relatively Low,5,1,1,1,2,Oceanside Unified,Unified,PK,12,0.9628531134397568,lower
74.58049113233287,74.07912687585265,75.51159618008185,,,,,,17.666496416312032,1,2.0,1.0,28.8359912628884,9.209856068,5.37732496149745,26.7529434196101,40.8179039872522,34.7282175686442,0.0,2.0,06073018523,Census Tract 185.23; San Diego County; California,5210,residential_or_mixed,5.6,21.7,41.9,24.8,2072,733,2.43,2.93,1567,106071.0,3.8,3.2,2.3,72.3,15.0,53.0,2600.0,65,507,0.0,0,0,0,0.0,0.0,0.0,False,11,0,Relatively Low,Very Low,Very Low,Relatively Low,Relatively Low,Very Low,0,0,0,0,0,Oceanside Unified,Unified,PK,12,1.0,lower
74.58049113233287,74.07912687585265,75.51159618008185,,,,,,18.477118472082463,1,0.5,9.0,26.0034760551471,33.51655511,5.37732496149745,22.4069307402641,46.6257595757078,44.7742380459729,0.0,2.0,06073018524,Census Tract 185.24; San Diego County; California,3448,residential_or_mixed,5.0,21.5,34.6,33.5,1290,344,2.67,3.29,809,103458.0,16.4,12.2,2.0,79.6,11.3,51.4,3136.0,175,296,9.3,0,0,0,0.0,0.0,0.0,False,13,0,Relatively Low,Relatively Low,Very Low,Relatively Low,Relatively Low,Very Low,0,0,0,0,0,Oceanside Unified,Unified,PK,12,0.9986729629330756,lower
74.58049113233287,74.07912687585265,75.51159618008185,,,,,,4.538497403537169,1,0.5,0.6,49.0828381520539,19.36622638,5.37732496149745,23.9131989131989,63.7163616472239,73.4187149941137,2.269038105593789,2.0,06073018525,Census Tract 185.25; San Diego County; California,3963,residential_or_mixed,2.8,17.0,44.6,23.7,1407,369,2.81,2.93,1319,134475.0,2.8,0.8,3.4,78.9,17.7,11.9,,51,71,0.0,0,0,0,0.0,0.0,0.0,False,4,0,Relatively Low,Very Low,Very Low,Relatively Low,Relatively Moderate,Relatively Low,2,1,1,0,0,Vista Unified,Unified,KG,12,1.0,lower
74.58049113233287,74.07912687585265,75.51159618008185,5.648500211237853,5.600126742712294,10.290874524714829,8.0,1.0,0.0,0,0.0,0.0,65.3439650515537,20.23396316,5.37732496149745,25.5469755469755,73.0322381173225,96.436088616175,0.0,2.0,06073018601,Census Tract 186.01; San Diego County; California,4749,residential_or_mixed,5.9,18.7,43.4,28.2,1430,472,3.29,3.28,1145,112111.0,11.3,1.5,4.1,80.0,12.3,31.7,3106.0,61,309,7.2,0,0,0,0.0,0.0,0.0,False,0,0,Relatively Moderate,Relatively Low,Very Low,Relatively Low,Relatively Moderate,Relatively High,0,0,0,0,0,Oceanside Unified,Unified,PK,12,1.0000000000000009,lower
74.58049113233287,74.07912687585265,75.51159618008185,11.094135802469136,3.490740740740741,10.962962962962964,9.800925925925926,16.25462962962963,5.07403941112992,1,1.1,2.2,62.4997064142612,28.79642244,5.37732496149745,17.9953763287097,80.9151772442415,95.2516856337626,0.0,2.0,06073018608,Census Tract 186.08; San Diego County; California,3223,residential_or_mixed,5.8,19.3,43.2,43.2,1016,271,3.17,3.16,856,133026.0,4.0,1.1,1.0,72.1,23.5,12.7,2699.0,21,10,1.3,0,0,0,0.0,0.0,0.0,False,8,0,Relatively Moderate,Relatively Low,Very Low,Relatively Low,Relatively High,Relatively Moderate,0,0,0,0,0,Oceanside Unified,Unified,PK,12,0.9986248339182402,lower
74.58049113233287,74.07912687585265,75.51159618008185,12.6992,2.9744,7.1696,16.7168,16.3088,13.778351881487383,1,1.4,9.6,66.1859689503723,9.209856068,5.37732496149745,32.7899327899328,81.595376547394,73.1606673563792,0.0,2.0,06073018609,Census Tract 186.09; San Diego County; California,6249,residential_or_mixed,3.7,23.2,38.5,57.0,1800,677,3.46,4.14,662,76579.0,12.1,11.4,2.5,71.5,10.9,36.6,1896.0,93,239,2.2,0,0,0,0.0,0.0,0.0,False,7,0,Relatively Moderate,Very Low,Very Low,Relatively Low,Relatively High,Relatively Low,0,0,0,0,0,Oceanside Unified,Unified,PK,12,1.0000000000000004,lower
74.58049113233287,74.07912687585265,75.51159618008185,9.541160593792174,12.894736842105264,12.287449392712553,8.748987854251013,7.283400809716599,5.132683964579943,1,0.0,0.4,40.7203419686685,27.79423088,5.37732496149745,41.2746079412746,50.8758160607898,96.2696062692495,0.427683524329553,2.0,06073018612,Census Tract 186.12; San Diego County; California,5033,residential_or_mixed,7.8,26.1,37.0,35.0,1364,752,3.53,3.75,1010,149107.0,8.4,3.3,3.9,78.0,12.4,23.2,2628.0,11,98,0.7,0,0,0,0.0,0.0,0.0,False,12,0,Relatively Low,Relatively Low,Very Low,Relatively Low,Relatively Moderate,Relatively High,1,0,0,1,0,Vista Unified,Unified,KG,12,0.4702409352527429,lower
65.15006821282401,74.07912687585265,48.5675306957708,15.337454920144255,6.847758887171561,13.860123647604327,17.32921174652241,18.32921174652241,12.312799356404575,1,1.8,5.1,41.1031777720365,9.209856068,5.37732496149745,21.1008627675294,63.1657807427491,74.4925261317827,1.5389569460798855,2.0,06073018613,Census Tract 186.13; San Diego County; California,3572,residential_or_mixed,2.6,20.6,32.0,34.2,1205,349,2.96,3.46,547,81042.0,4.2,0.0,2.1,69.7,9.5,48.0,2591.0,39,359,7.7,1,0,1,0.2799552071668533,0.0,0.2799552071668533,False,8,0,Relatively Low,Very Low,Very Low,Relatively Low,Relatively Moderate,Relatively Low,1,1,0,0,0,Oceanside Unified,Unified,PK,12,1.0000000000000004,lower
74.58049113233287,74.07912687585265,75.51159618008185,,,,,,2.1503479863608908,1,3.7,0.0,6.61037649435141,22.91476633,5.37732496149745,15.0448067114734,3.81958070231767,0.0,2.1501528842802013,2.0,06073018615,Census Tract 186.15; San Diego County; California,3150,residential_or_mixed,12.7,34.1,28.1,78.8,838,366,3.76,4.31,361,69149.0,11.3,8.3,7.7,72.2,12.1,62.9,1862.0,91,152,6.2,0,0,0,0.0,0.0,0.0,False,1,0,Very Low,Relatively Low,Very Low,Very Low,Very Low,No Rating,1,1,0,0,0,Oceanside Unified,Unified,PK,12,1.0000000000000009,lower
74.58049113233287,74.07912687585265,75.51159618008185,,,,,,4.736561096397619,1,2.4,18.5,55.8998990065059,59.94728425,5.37732496149745,28.7001287001287,77.5605579536941,91.0396822565493,2.0297689862642354,2.0,06073018616,Census Tract 186.16; San Diego County; California,3358,residential_or_mixed,3.4,14.9,36.3,55.7,1466,275,2.28,2.81,527,51607.0,10.4,0.0,2.7,73.3,11.9,76.9,2060.0,131,567,1.7,0,0,0,0.0,0.0,0.0,False,7,0,Relatively Moderate,Relatively Moderate,Very Low,Relatively Low,Relatively Moderate,Relatively Moderate,3,1,1,1,0,Oceanside Unified,Unified,PK,12,1.0000000000000009,lower
74.58049113233287,74.07912687585265,75.51159618008185,,,,,,10.634093698537352,1,2.2,0.4,23.7322967799516,9.209856068,5.37732496149745,17.9155345822012,32.3213584959509,91.5581558512599,0.0,2.0,06073018617,Census Tract 186.17; San Diego County; California,3519,residential_or_mixed,3.9,20.3,37.4,38.4,1002,304,3.51,3.84,811,146900.0,9.5,4.7,4.3,61.8,24.7,8.5,3036.0,0,24,0.0,0,0,0,0.0,0.0,0.0,False,7,0,Relatively Low,Very Low,Very Low,Relatively Low,Relatively Low,Relatively Moderate,0,0,0,0,0,Oceanside Unified,Unified,PK,12,0.9950158708836848,lower
74.58049113233287,74.07912687585265,75.51159618008185,,,,,,3.219576995211324,1,5.9,3.9,11.7457782370764,9.209856068,5.37732496149745,20.2452452452452,15.7860939673932,0.0,3.219275489615494,2.0,06073018618,Census Tract 186.18; San Diego County; California,3946,residential_or_mixed,12.2,30.3,27.8,77.1,986,539,4.0,4.43,427,83750.0,13.5,11.5,4.1,73.3,6.7,55.9,2190.0,59,249,0.0,0,0,0,0.0,0.0,0.0,False,1,0,Very Low,Very Low,Very Low,Relatively Low,Relatively Low,No Rating,1,1,0,0,0,Oceanside Unified,Unified,PK,12,1.0,lower
65.77080491132332,74.07912687585265,50.34106412005457,,,,,,0.4324566951245048,1,0.8,0.0,93.4776992272823,33.89859622,5.37732496149745,67.1910005243339,75.8838428882309,99.6075773251043,0.1081039115725187,2.5,06073018619,Census Tract 186.19; San Diego County; California,5048,residential_or_mixed,2.7,23.4,44.3,16.2,1645,587,3.07,3.22,2001,150918.0,2.2,2.2,3.8,75.3,20.1,16.8,3178.0,25,51,4.6,1,0,1,0.1980982567353407,0.0,0.1980982567353407,False,4,0,Relatively High,Relatively Low,Very Low,Relatively Moderate,Relatively Moderate,Very High,1,1,0,0,0,Bonsall Unified,Unified,PK,12,0.7456131807945897,medium
74.58049113233287,74.07912687585265,75.51159618008185,,,,,,7.198239849361752,1,0.0,0.8,4.09610822744674,9.209856068,5.37732496149745,12.9927546594213,6.21692649804383,28.2936748599765,3.598780671480328,2.0,06073018620,Census Tract 186.20; San Diego County; California,2328,residential_or_mixed,3.1,26.5,35.6,67.1,600,250,3.85,4.45,266,118241.0,5.1,1.3,1.3,74.1,4.6,33.0,2517.0,17,35,2.4,0,0,0,0.0,0.0,0.0,False,2,0,Very Low,Very Low,Very Low,Very Low,Very Low,Very Low,1,1,0,0,0,Oceanside Unified,Unified,PK,12,0.9999999999999996,lower
74.58049113233287,74.07912687585265,75.51159618008185,,,,,,51.71331157631052,1,1.6,5.8,27.0627334006623,92.02274477,5.37732496149745,17.0920920920921,81.7249949460716,0.0,0.0,2.0,06073018621,Census Tract 186.21; San Diego County; California,1812,residential_or_mixed,1.6,20.4,38.4,42.9,568,175,3.17,3.36,292,74836.0,7.8,0.0,3.2,65.0,12.8,57.7,2266.0,68,114,4.4,0,0,0,0.0,0.0,0.0,False,12,0,Relatively Low,Very High,Very Low,Relatively Low,Relatively High,No Rating,0,0,0,0,0,Oceanside Unified,Unified,PK,12,0.9999999999999994,lower
74.58049113233287,74.07912687585265,75.51159618008185,,,,,,28.89255189951764,1,8.8,5.0,80.0044625032294,84.47550791,5.37732496149745,46.9457552790886,98.4291201407965,0.0,0.0,2.0,06073018622,Census Tract 186.22; San Diego County; California,5080,residential_or_mixed,6.3,25.4,30.5,43.2,1877,486,2.71,3.1,630,77601.0,17.1,14.6,4.3,70.2,11.5,56.9,2319.0,97,442,6.8,0,0,0,0.0,0.0,0.0,False,12,0,Relatively Moderate,Very High,Very Low,Relatively Low,Very High,No Rating,0,0,0,0,0,Oceanside Unified,Unified,PK,12,0.9999999999999996,lower
74.58049113233287,74.07912687585265,75.51159618008185,6.5,9.0,20.0,4.0,1.0,0.3752301672338832,1,0.5,2.0,99.8637762172065,9.209856068,5.37732496149745,91.6344916344916,99.3935285933431,99.9452986574388,0.0231601821347538,3.5,06073018700,Census Tract 187; San Diego County; California,40415,residential_or_mixed,10.6,20.9,21.7,32.0,7257,4062,3.12,3.28,3415,67156.0,7.9,6.9,1.7,34.0,5.4,99.0,3018.0,544,5037,7.4,1,0,0,0.0247432883830261,0.0,0.0,False,81,1,Very High,Very Low,Very Low,Relatively High,Very High,Very High,5,5,0,0,0,Fallbrook Union Elementary,Elementary,PK,8,0.7957921218991499,medium_high
74.58049113233287,74.07912687585265,75.51159618008185,9.38271144278607,12.968656716417913,8.526119402985074,7.0,10.400746268656716,1.439162772168041,1,0.0,1.1,68.9280597505696,37.96955517,5.37732496149745,55.1074884408218,51.5215297349363,98.7751655904772,0.8223000919469706,3.5,06073018801,Census Tract 188.01; San Diego County; California,3488,residential_or_mixed,6.7,20.1,45.1,34.4,1227,325,2.84,3.05,924,121050.0,9.4,6.4,6.0,55.5,39.1,19.7,3211.0,0,109,8.6,0,0,0,0.0,0.0,0.0,False,7,0,Relatively Moderate,Relatively Low,Very Low,Relatively Low,Relatively Moderate,Relatively High,4,0,1,3,0,Fallbrook Union Elementary,Elementary,PK,8,0.9999999999999992,medium_high
74.58049113233287,74.07912687585265,75.51159618008185,6.597859327217125,14.0,14.328656233135456,4.629249865083648,1.0,0.2655547571610448,1,0.0,3.7,98.6354134861545,37.57981401,5.37732496149745,69.9425616092283,95.6559999048672,99.8751382398059,0.1593177359923475,2.5,06073018803,Census Tract 188.03; San Diego County; California,4724,residential_or_mixed,4.7,21.1,47.7,28.6,1879,459,2.51,2.97,1601,104866.0,17.2,9.5,2.2,74.3,20.4,31.8,2179.0,44,270,6.7,0,0,0,0.0,0.0,0.0,False,5,1,Very High,Relatively Low,Very Low,Relatively Moderate,Very High,Very High,3,1,1,1,0,Bonsall Unified,Unified,PK,12,0.9985687531928346,medium
74.58049113233287,74.07912687585265,75.51159618008185,,,,,,1.2287017249413692,1,0.8,4.4,96.8093101909482,32.32186223,5.37732496149745,65.7705324371991,83.6098129451916,99.7681138739253,0.0,3.5,06073018804,Census Tract 188.04; San Diego County; California,5023,residential_or_mixed,5.0,14.8,58.2,15.0,2114,412,2.36,2.57,2284,124911.0,2.9,1.9,2.6,65.1,23.5,6.8,2977.0,0,24,2.9,0,0,0,0.0,0.0,0.0,False,11,0,Relatively High,Relatively Low,Very Low,Relatively Moderate,Relatively High,Very High,0,0,0,0,0,Fallbrook Union Elementary,Elementary,PK,8,0.6568681096252351,medium_high
74.58049113233287,74.07912687585265,75.51159618008185,,,,,,0.0,0,0.0,2.0,91.5693919252178,27.41633596,5.37732496149745,52.7646694313361,60.4580642859691,99.5909290904118,0.0,2.5,06073018805,Census Tract 188.05; San Diego County; California,4109,residential_or_mixed,1.8,26.2,42.6,20.7,1473,458,2.76,3.06,1443,125871.0,4.1,4.2,4.2,67.3,30.0,10.2,2325.0,0,46,5.5,0,0,0,0.0,0.0,0.0,False,0,0,Relatively High,Relatively Low,Very Low,Relatively Low,Relatively Moderate,Very High,0,0,0,0,0,Fallbrook Union High,High,09,12,0.5394517442076298,medium
74.58049113233287,74.07912687585265,75.51159618008185,9.695860827834434,9.035392921415715,9.941211757648473,10.923215356928614,8.676064787042591,0.3691120043368336,1,0.0,4.4,67.3990652230077,80.7984363,5.37732496149745,75.8866008866009,66.9163901870548,99.2139654905878,0.0,3.5,06073018903,Census Tract 189.03; San Diego County; California,5530,residential_or_mixed,11.5,29.8,30.5,59.9,1654,635,3.31,3.95,884,80211.0,29.3,21.1,2.2,75.5,15.4,38.4,1606.0,120,321,4.7,0,0,0,0.0,0.0,0.0,False,1,0,Relatively Moderate,Very High,Very Low,Relatively Moderate,Relatively Moderate,Very High,0,0,0,0,0,Fallbrook Union Elementary,Elementary,PK,8,0.9999999999999988,medium_high
74.58049113233287,74.07912687585265,75.51159618008185,10.171660741493143,11.14423565261554,10.53580497714576,13.553580497714576,6.121381411884205,7.126169237816439,1,2.6,3.5,43.1312680555229,71.18876977,5.37732496149745,78.3962533962534,55.2626259022749,96.8879692721154,4.453432504087002,3.5,06073018904,Census Tract 189.04; San Diego County; California,6860,residential_or_mixed,9.4,29.1,29.9,66.0,1877,755,3.54,4.06,647,85518.0,16.6,9.5,1.1,79.7,4.9,56.6,1809.0,145,423,1.3,0,0,0,0.0,0.0,0.0,False,8,0,Relatively Low,Relatively High,Very Low,Relatively Moderate,Relatively Moderate,Relatively High,5,4,1,0,0,Fallbrook Union Elementary,Elementary,PK,8,0.9999999999999996,medium_high
74.58049113233287,74.07912687585265,75.51159618008185,12.702915316982878,12.459509486348912,15.322073114298936,16.10735770476631,8.110596945858399,4.575995136670052,1,2.3,7.3,53.6933085938417,50.96487591,5.37732496149745,75.7150007150007,53.9949817463998,98.1437218317815,0.0,3.5,06073018905,Census Tract 189.05; San Diego County; California,6182,residential_or_mixed,9.8,29.1,33.2,57.2,1803,731,3.41,3.81,604,89716.0,5.7,2.7,3.4,71.4,5.2,61.6,1863.0,94,548,6.9,0,0,0,0.0,0.0,0.0,False,5,0,Relatively Low,Relatively Moderate,Very Low,Relatively Moderate,Relatively Moderate,Relatively High,0,0,0,0,0,Fallbrook Union Elementary,Elementary,PK,8,0.9999999999999988,medium_high
74.58049113233287,74.07912687585265,75.51159618008185,10.34383688600556,6.722428174235403,14.617701575532902,11.48563484708063,8.8758109360519,4.049540312429944,1,2.7,3.6,39.6223313056345,57.15927264,5.37732496149745,75.1418084751418,60.8635677166946,95.8914535098046,0.0,3.5,06073018906,Census Tract 189.06; San Diego County; California,6175,residential_or_mixed,9.8,26.3,34.5,63.2,1890,816,3.27,3.56,1194,81045.0,5.0,8.1,4.4,70.1,7.3,48.4,1665.0,78,321,9.8,0,0,0,0.0,0.0,0.0,False,7,0,Relatively Low,Relatively Moderate,Very Low,Relatively Moderate,Relatively Moderate,Relatively Moderate,0,0,0,0,0,Fallbrook Union Elementary,Elementary,PK,8,0.9999999999999988,medium_high
74.58049113233287,74.07912687585265,75.51159618008185,5.278741712512344,8.327549724925941,12.019466779517565,4.662716885315278,1.0,0.0,0,0.0,3.8,99.4093054935763,74.82082568,5.37732496149745,85.0362267028934,93.7057781265979,99.9821626056866,0.0313874941103492,2.5,06073019001,Census Tract 190.01; San Diego County; California,6507,residential_or_mixed,4.3,17.6,51.7,25.0,2231,422,2.89,3.0,1898,133157.0,5.2,4.2,4.0,72.2,22.1,11.7,,0,110,13.1,0,0,0,0.0,0.0,0.0,False,0,1,Very High,Relatively High,Very Low,Relatively High,Relatively High,Very High,2,2,0,0,0,Fallbrook Union High,High,09,12,0.9998557169015988,medium
74.58049113233287,74.07912687585265,75.51159618008185,5.499999999999999,15.0,8.0,4.0,1.0,0.0,0,0.0,3.2,98.1351433872748,9.209856068,5.37732496149745,48.1648314981648,59.9895353953361,99.8477875685253,0.0682602785406004,2.5,06073019002,Census Tract 190.02; San Diego County; California,4928,residential_or_mixed,13.8,31.1,34.1,30.9,1582,823,3.09,3.39,1626,139412.0,6.9,5.1,3.0,74.4,14.4,14.2,2303.0,59,67,3.2,0,0,0,0.0,0.0,0.0,False,0,1,Very High,Very Low,Very Low,Relatively Low,Relatively Moderate,Very High,1,1,0,0,0,Fallbrook Union High,High,09,12,0.8309838632881978,medium
74.58049113233287,74.07912687585265,75.51159618008185,6.335808158388803,12.66615463389657,12.99027137736815,5.17921146953405,1.0,0.0822948423526188,1,0.0,0.7,99.6735326584776,9.209856068,5.37732496149745,74.7735831069164,91.9101470990451,99.9583794132686,0.1234306039527277,1.5,06073019103,Census Tract 191.03; San Diego County; California,6413,residential_or_mixed,4.4,19.2,44.5,35.4,2069,683,3.09,3.39,1597,121601.0,9.1,8.9,1.0,78.7,9.5,11.0,2083.0,0,89,7.5,0,0,0,0.0,0.0,0.0,False,2,1,Very High,Very Low,Very Low,Relatively Moderate,Relatively High,Very High,3,1,0,2,0,Valley Center-Pauma Unified,Unified,KG,12,0.8887689871869955,lower
74.58049113233287,74.07912687585265,75.51159618008185,5.486547786641639,8.540591271703425,11.458939465039888,5.459877991553261,1.0,0.2277731283457719,1,0.0,1.9,99.2460718228151,19.1559557,5.37732496149745,70.4085037418371,86.2973136884164,99.9274612631254,0.0,1.5,06073019105,Census Tract 191.05; San Diego County; California,7971,residential_or_mixed,5.2,17.5,44.9,21.7,3095,684,2.56,2.91,2697,122109.0,8.3,5.0,5.8,67.3,24.1,6.3,2601.0,0,19,10.7,0,0,0,0.0,0.0,0.0,False,4,1,Very High,Very Low,Very Low,Relatively Moderate,Relatively High,Very High,0,0,0,0,0,Valley Center-Pauma Unified,Unified,KG,12,0.7185493685054366,lower
74.58049113233287,74.07912687585265,75.51159618008185,4.0,6.0,12.0,2.0,1.0,0.0,0,0.0,4.5,98.6048805693215,21.86992833,5.37732496149745,35.4211354211354,21.5321132555623,99.9191371457791,0.0,1.5,06073019107,Census Tract 191.07; San Diego County; California,2461,residential_or_mixed,5.0,21.3,44.0,32.5,799,215,3.08,3.37,493,108533.0,7.9,7.9,6.4,78.9,12.9,16.5,1902.0,1,74,3.5,0,0,0,0.0,0.0,0.0,False,0,1,Very High,Relatively Low,Very Low,Relatively Low,Relatively Low,Very High,0,0,0,0,0,Valley Center-Pauma Unified,Unified,KG,12,0.9667023598617284,lower
74.58049113233287,74.07912687585265,75.51159618008185,,,,,,0.2484948990607517,1,0.0,1.5,99.6242102543627,28.43392762,5.37732496149745,61.4114114114114,80.2647069316114,99.9690818498567,0.0130774346427247,1.5,06073019108,Census Tract 191.08; San Diego County; California,2334,residential_or_mixed,6.8,23.1,42.1,34.9,791,275,2.95,3.17,510,110114.0,10.4,8.1,2.6,89.6,5.9,16.2,1284.0,2,18,18.5,0,0,0,0.0,0.0,0.0,False,19,1,Very High,Relatively Low,Very Low,Relatively Moderate,Relatively High,Very High,1,1,0,0,1,Valley Center-Pauma Unified,Unified,KG,12,0.8220956713484138,lower
74.58049113233287,74.07912687585265,75.51159618008185,,,,,,0.2313130832898565,1,0.0,2.4,98.9090353946967,9.209856068,5.37732496149745,78.6596119929453,95.395573947891,99.8311393338328,0.0289113728135219,2.5,06073019109,Census Tract 191.09; San Diego County; California,4608,residential_or_mixed,5.7,23.0,42.5,46.1,1523,618,2.99,3.08,976,145221.0,7.7,4.0,2.6,79.5,13.1,8.1,1738.0,27,70,0.9,0,0,0,0.0,0.0,0.0,False,8,1,Very High,Very Low,Very Low,Relatively Moderate,Relatively High,Very High,1,1,0,0,0,Bonsall Unified,Unified,PK,12,0.5327460034095739,medium
74.58049113233287,74.07912687585265,75.51159618008185,,,,,,0.8705334361259086,1,0.0,2.6,99.8532071306104,35.25084404,5.37732496149745,73.5533152199819,96.1780409784405,99.9892975634119,0.0967168002281877,1.5,06073019110,Census Tract 191.10; San Diego County; California,4999,residential_or_mixed,7.1,21.8,41.4,29.3,1522,482,3.27,3.38,1615,143144.0,5.9,2.6,2.0,68.0,20.3,14.5,1820.0,16,41,16.7,0,0,0,0.0,0.0,0.0,False,18,1,Very High,Relatively Low,Very Low,Relatively Moderate,Very High,Very High,2,1,0,1,2,Valley Center-Pauma Unified,Unified,KG,12,1.000000000000001,lower
74.58049113233287,74.07912687585265,75.51159618008185,,,,,,1.4265917362932647,1,0.0,1.3,99.6911478028043,26.18373512,5.37732496149745,58.9601506268173,78.1658402007301,99.977405967203,0.3566152595278373,1.5,06073019111,Census Tract 191.11; San Diego County; California,3678,residential_or_mixed,8.2,25.1,38.5,43.8,1096,400,3.35,3.77,695,142431.0,3.5,3.0,3.0,74.1,15.8,13.3,2153.0,1,88,8.6,3,0,0,0.8156606851549756,0.0,0.0,False,16,0,Very High,Relatively Low,Very Low,Relatively Moderate,Relatively Moderate,Very High,4,2,1,0,0,Valley Center-Pauma Unified,Unified,KG,12,0.9999999999999996,lower
74.58049113233287,74.07912687585265,75.51159618008185,8.444444444444445,8.0,15.333333333333334,8.666666666666666,5.0,4.082407205503904,1,0.7,1.5,18.0308617328605,48.25623408,5.37732496149745,49.0716907383574,35.0635605817369,92.905473701735,0.0,2.0,06073019203,Census Tract 192.03; San Diego County; California,2751,residential_or_mixed,4.8,20.4,41.2,41.8,870,315,3.13,3.37,785,142891.0,4.6,3.6,5.7,72.9,20.8,19.1,3254.0,0,61,2.7,1,0,0,0.3635041802980734,0.0,0.0,False,6,0,Very Low,Relatively Moderate,Very Low,Relatively Low,Relatively Low,Relatively Moderate,0,0,0,0,0,Vista Unified,Unified,KG,12,0.99991774997799,lower
74.58049113233287,74.07912687585265,75.51159618008185,13.55026455026455,8.278545826932923,6.034818228366616,15.880696364567331,17.61341525857655,17.306484013984075,1,0.4,5.3,34.078258214529,93.68714091,5.37732496149745,84.4892511559178,78.4096179230138,56.9167469349411,2.662290894226256,2.0,06073019205,Census Tract 192.05; San Diego County; California,6387,residential_or_mixed,5.2,24.4,38.6,55.3,2038,770,3.09,3.84,786,61467.0,11.2,8.6,3.4,73.0,8.3,49.5,2160.0,91,612,11.8,0,0,0,0.0,0.0,0.0,False,13,0,Relatively Low,Very High,Very Low,Relatively High,Relatively Moderate,Very Low,2,0,0,1,1,Vista Unified,Unified,KG,12,1.000000000000001,lower
74.58049113233287,74.07912687585265,75.51159618008185,13.000756429652045,11.505295007564296,12.155824508320729,11.75642965204236,15.415279878971257,16.128161428587592,1,1.5,5.9,24.279540597036,85.8863946,5.37732496149745,79.2578292578293,68.7845599514823,0.0,1.7918539997666896,2.0,06073019206,Census Tract 192.06; San Diego County; California,5745,residential_or_mixed,5.0,23.9,31.7,73.9,1508,596,3.63,4.09,538,98538.0,9.2,7.9,3.8,83.9,7.1,61.0,2188.0,90,419,0.0,0,0,0,0.0,0.0,0.0,False,9,0,Relatively Low,Very High,Very Low,Relatively Moderate,Relatively Moderate,No Rating,1,0,0,0,0,Vista Unified,Unified,KG,12,0.9999999999999996,lower
74.58049113233287,74.07912687585265,75.51159618008185,5.611016949152542,9.8635593220339,10.07542372881356,5.863559322033899,1.0,0.0,0,0.0,0.9,90.9293750146793,18.5737132,5.37732496149745,48.2267982267982,60.1084513574257,99.4161226261401,0.0,3.5,06073019208,Census Tract 192.08; San Diego County; California,3627,residential_or_mixed,6.1,18.7,42.4,28.9,1162,325,3.06,3.44,1124,107375.0,9.9,4.7,2.2,73.4,17.4,11.7,3042.0,30,67,8.6,0,0,0,0.0,0.0,0.0,False,0,0,Relatively High,Very Low,Very Low,Relatively Low,Relatively Moderate,Very High,0,0,0,0,0,San Marcos Unified,Unified,KG,12,0.3990677076072586,medium_high
74.58049113233287,74.07912687585265,75.51159618008185,,,,,,0.5850910633550545,1,1.3,3.8,82.3625431571036,35.12527394,5.37732496149745,49.2051575384909,71.4566016196354,99.1390484344713,0.0,2.0,06073019209,Census Tract 192.09; San Diego County; California,2792,residential_or_mixed,6.2,18.4,39.5,24.9,1049,265,2.62,2.93,967,140417.0,14.8,12.2,5.2,73.5,24.8,15.5,3329.0,0,56,1.3,0,0,0,0.0,0.0,0.0,False,5,0,Relatively Moderate,Relatively Low,Very Low,Relatively Low,Relatively Moderate,Very High,0,0,0,0,0,Vista Unified,Unified,KG,12,0.4964700481979569,lower
74.58049113233287,74.07912687585265,75.51159618008185,,,,,,18.487058850266298,1,1.7,0.5,37.0094182305,90.50524196,5.37732496149745,81.7817817817818,82.4420581974719,92.8495831995529,3.697071985192521,2.0,06073019210,Census Tract 192.10; San Diego County; California,6167,residential_or_mixed,6.9,25.9,31.9,58.3,1812,812,3.36,3.45,729,87792.0,13.7,12.1,3.3,78.2,9.3,51.7,1932.0,114,302,1.9,0,0,0,0.0,0.0,0.0,False,15,0,Relatively Low,Very High,Very Low,Relatively Moderate,Relatively High,Relatively Moderate,3,1,0,1,0,Vista Unified,Unified,KG,12,1.0000000000000004,lower
74.58049113233287,74.07912687585265,75.51159618008185,9.377836722664307,5.204686118479222,11.197612732095491,11.593280282935456,8.339080459770114,3.679174794560669,1,2.7,3.0,47.3765178382695,70.69596636,5.37732496149745,51.8756852090185,82.2256311464688,82.109093503621,0.7357669495304562,2.0,06073019301,Census Tract 193.01; San Diego County; California,6412,residential_or_mixed,10.1,23.8,40.2,18.2,2267,763,2.81,3.23,2557,125564.0,7.2,5.5,3.5,68.3,21.9,19.1,3177.0,90,155,4.2,0,0,0,0.0,0.0,0.0,False,5,0,Relatively Low,Relatively High,Very Low,Relatively Low,Relatively High,Relatively Low,1,1,0,0,0,Vista Unified,Unified,KG,12,1.000000000000001,lower
74.58049113233287,74.07912687585265,75.51159618008185,9.470571346540336,9.975021533161067,12.388458225667527,10.911283376399656,6.318690783807063,3.675227135693012,1,0.8,2.5,69.6091786645372,38.5636439,5.37732496149745,75.8532341865675,81.7749396501492,96.6334891132437,0.9187212609396984,2.0,06073019303,Census Tract 193.03; San Diego County; California,7993,residential_or_mixed,8.1,19.4,37.7,40.7,2649,898,2.95,3.36,1577,115906.0,4.1,0.0,3.0,66.9,17.6,22.5,2249.0,147,93,5.3,0,0,0,0.0,0.0,0.0,False,12,0,Relatively Moderate,Relatively Low,Very Low,Relatively Moderate,Relatively High,Relatively High,3,1,0,0,2,Vista Unified,Unified,KG,12,0.996129213543458,lower
74.58049113233287,74.07912687585265,75.51159618008185,,,,,,6.42047577200083,1,0.6,0.9,6.85111680015032,78.31191139,5.37732496149745,32.5849659182993,31.1250639173296,21.3929815799175,0.0,2.0,06073019304,Census Tract 193.04; San Diego County; California,3186,residential_or_mixed,3.8,14.2,46.3,28.5,1139,276,2.8,3.15,956,106657.0,6.0,3.7,1.8,78.8,12.6,16.8,2813.0,0,148,5.0,0,0,0,0.0,0.0,0.0,False,3,0,Very Low,Relatively High,Very Low,Relatively Low,Relatively Low,Very Low,0,0,0,0,0,Vista Unified,Unified,KG,12,1.0000000000000004,lower
74.58049113233287,74.07912687585265,75.51159618008185,,,,,,8.052650054551586,1,0.0,5.4,7.12826173755784,77.38138956,5.37732496149745,35.9311692645026,33.4237094645214,37.8854363621229,2.012977839984838,2.0,06073019305,Census Tract 193.05; San Diego County; California,4203,residential_or_mixed,5.9,15.4,39.4,33.2,1789,331,2.35,2.75,979,78578.0,6.4,5.0,1.7,80.0,14.2,59.1,2593.0,207,558,5.1,0,0,0,0.0,0.0,0.0,False,4,0,Very Low,Relatively High,Very Low,Relatively Low,Relatively Low,Very Low,1,1,0,0,0,Vista Unified,Unified,KG,12,0.9999999999999994,lower
74.58049113233287,74.07912687585265,75.51159618008185,10.917357127682177,9.7119184193754,14.36966220522626,14.149776927979604,6.561504142766093,8.023781425072652,1,0.0,2.0,36.8896352490781,9.209856068,5.37732496149745,33.8433671767005,41.0842757423329,0.0,1.604610052805129,2.0,06073019403,Census Tract 194.03; San Diego County; California,5717,residential_or_mixed,6.0,14.8,39.4,41.2,2032,492,2.8,3.3,1344,111389.0,5.7,2.5,10.3,76.3,8.8,32.2,2900.0,130,380,1.3,0,0,0,0.0,0.0,0.0,False,10,0,Relatively Low,Very Low,Very Low,Relatively Low,Relatively Low,No Rating,2,1,0,1,1,Vista Unified,Unified,KG,12,0.9999999999999992,lower
74.58049113233287,74.07912687585265,75.51159618008185,13.985696517412936,10.98134328358209,16.0,13.46641791044776,15.0,11.589651487354184,1,1.2,6.7,6.40251779129577,73.12503702,5.37732496149745,47.9217312550646,28.0498971376928,39.769065201622,2.317718104470065,2.0,06073019404,Census Tract 194.04; San Diego County; California,3420,residential_or_mixed,4.9,25.5,32.3,76.0,790,419,4.3,4.43,333,85769.0,18.6,16.9,3.2,78.3,6.3,32.3,2294.0,6,127,0.0,1,0,0,0.2923976608187134,0.0,0.0,False,5,0,Very Low,Relatively High,Very Low,Relatively Low,Relatively Low,Very Low,1,0,0,1,1,Vista Unified,Unified,KG,12,1.0000000000000009,lower
74.58049113233287,74.07912687585265,75.51159618008185,14.611879576891782,11.319772172497968,14.906427990235963,15.411716842961756,15.310821806346624,25.625521256016334,1,1.1,3.6,18.6262536111046,9.209856068,5.37732496149745,19.3955860622527,31.1869002176162,0.0,4.6587665205777045,2.0,06073019405,Census Tract 194.05; San Diego County; California,4050,residential_or_mixed,8.3,21.4,33.9,54.4,1400,400,2.89,3.22,723,82000.0,7.9,6.9,4.0,88.4,9.7,56.9,2341.0,179,410,0.0,0,0,0,0.0,0.0,0.0,False,11,0,Very Low,Very Low,Very Low,Relatively Low,Relatively Low,No Rating,2,2,0,0,1,Vista Unified,Unified,KG,12,0.9999999999999998,lower
74.58049113233287,74.07912687585265,75.51159618008185,10.602421465968586,9.01112565445026,9.934554973821989,12.729057591623036,9.605366492146596,6.503810674598404,1,0.4,8.2,34.0242384385936,27.56026772,5.37732496149745,29.5235711902379,61.2845302224918,0.0,0.0,2.0,06073019406,Census Tract 194.06; San Diego County; California,4648,residential_or_mixed,4.4,15.5,41.6,43.5,1706,466,2.65,2.89,1104,97750.0,7.6,4.1,4.0,69.9,17.5,37.0,1827.0,100,347,6.0,0,0,0,0.0,0.0,0.0,False,5,0,Relatively Low,Relatively Low,Very Low,Relatively Low,Relatively Moderate,No Rating,0,0,0,0,0,Vista Unified,Unified,KG,12,1.0,lower
74.58049113233287,74.07912687585265,75.51159618008185,12.522184300341298,11.902161547212742,10.377701934015928,11.902161547212742,14.524459613196814,39.92524409841697,1,3.2,11.4,9.37243112478568,50.5727655,5.37732496149745,27.5883025883026,28.2663241886958,20.9363442854934,6.653602238466279,2.0,06073019501,Census Tract 195.01; San Diego County; California,3250,residential_or_mixed,4.2,23.0,31.7,78.2,784,356,3.84,4.33,129,86125.0,13.2,5.3,8.3,68.9,10.8,80.4,1960.0,49,245,4.3,0,0,0,0.0,0.0,0.0,False,12,0,Very Low,Relatively Moderate,Very Low,Relatively Low,Relatively Low,Very Low,2,2,0,0,0,Vista Unified,Unified,KG,12,1.0000000000000002,lower
74.58049113233287,74.07912687585265,75.51159618008185,13.91504247876062,8.5119940029985,10.137181409295351,16.09370314842579,16.326836581709145,20.164586644705167,1,0.4,11.8,14.5771191018625,85.69685482,5.37732496149745,72.8275894942562,56.6919957665918,0.0,0.0,2.0,06073019502,Census Tract 195.02; San Diego County; California,5706,residential_or_mixed,7.3,33.9,27.4,82.4,1534,792,3.71,4.27,363,65603.0,18.1,16.2,6.9,67.7,9.9,75.9,1845.0,34,698,6.5,0,0,0,0.0,0.0,0.0,False,6,0,Very Low,Very High,Very Low,Relatively Moderate,Relatively Moderate,No Rating,0,0,0,0,0,Vista Unified,Unified,KG,12,0.9999999999999994,lower
74.58049113233287,74.07912687585265,75.51159618008185,16.058817655282606,15.553624925104852,17.17675254643499,15.79808268424206,16.01318154583583,10.128669229922355,1,1.6,2.2,50.8619677290556,45.51679204,5.37732496149745,35.7142857142857,78.4928590964765,0.0,2.8936443273230554,2.0,06073019503,Census Tract 195.03; San Diego County; California,5372,residential_or_mixed,10.4,30.6,33.4,67.6,1671,739,3.16,3.56,638,85481.0,11.4,8.0,7.1,76.7,13.1,58.2,2152.0,186,416,3.1,0,0,0,0.0,0.0,0.0,False,7,0,Relatively Low,Relatively Moderate,Very Low,Relatively Low,Relatively Moderate,No Rating,2,0,1,1,0,Vista Unified,Unified,KG,12,1.0000000000000004,lower
74.58049113233287,74.07912687585265,75.51159618008185,13.702980392156864,12.167058823529413,12.493176470588237,11.377411764705885,17.401411764705884,3.6891355825336856,1,1.5,4.9,56.8452450853747,44.35704555,5.37732496149745,73.7058487058487,80.7653431320086,0.0,0.7377601077704096,2.0,06073019601,Census Tract 196.01; San Diego County; California,6425,residential_or_mixed,7.1,26.7,39.1,23.2,2164,781,2.93,3.23,1559,118571.0,10.2,7.1,3.8,69.9,23.3,35.5,1954.0,105,342,0.0,0,0,0,0.0,0.0,0.0,False,5,0,Relatively Moderate,Relatively Moderate,Very Low,Relatively Moderate,Relatively High,No Rating,1,1,0,0,0,Vista Unified,Unified,KG,12,1.0000000000000002,lower
57.19986357435197,47.339699863574346,75.51159618008185,10.559725585149312,14.851089588377723,13.979418886198546,8.110169491525424,9.153753026634382,7.035875796313459,1,1.0,10.7,41.7185334805176,9.209856068,5.37732496149745,54.8286381619715,54.8797165043464,74.7220339386156,1.1725405674293938,2.0,06073019602,Census Tract 196.02; San Diego County; California,6064,residential_or_mixed,9.4,30.9,35.1,47.0,1691,659,3.39,3.76,1071,101648.0,12.0,3.0,6.0,55.1,25.1,34.1,1850.0,49,252,5.2,1,1,0,0.1649076517150395,0.1649076517150395,0.0,False,12,0,Relatively Low,Very Low,Very Low,Relatively Low,Relatively Moderate,Relatively Low,2,1,1,0,0,Vista Unified,Unified,KG,12,1.0000000000000002,lower
74.58049113233287,74.07912687585265,75.51159618008185,10.289149888143177,12.676174496644297,9.062080536912752,12.080956375838928,7.91736577181208,4.285991411209039,1,0.0,2.7,73.7217276933556,44.53414677,5.37732496149745,45.1141617808284,92.6902358103528,0.0,0.8571218479286218,2.0,06073019701,Census Tract 197.01; San Diego County; California,7452,residential_or_mixed,5.7,22.8,40.5,38.5,2807,860,2.46,3.14,1534,89417.0,8.2,7.3,3.0,78.6,18.9,52.8,2455.0,230,888,3.8,0,0,0,0.0,0.0,0.0,False,5,0,Relatively Moderate,Relatively Moderate,Very Low,Relatively Low,Relatively High,No Rating,1,1,0,0,0,Vista Unified,Unified,KG,12,1.0000000000000009,lower
74.58049113233287,74.07912687585265,75.51159618008185,9.821254567600484,10.269183922046285,14.9068209500609,8.79415347137637,8.081607795371498,4.493137097228627,1,0.0,1.5,42.3233201024027,9.209856068,5.37732496149745,26.6826350159683,60.0204535454794,66.971091529616,0.0,2.0,06073019702,Census Tract 197.02; San Diego County; California,4791,residential_or_mixed,5.6,19.2,42.7,33.9,1613,505,2.9,3.28,1134,109750.0,9.6,7.8,2.0,68.6,16.3,19.7,2228.0,29,208,2.1,0,0,0,0.0,0.0,0.0,False,7,0,Relatively Low,Very Low,Very Low,Relatively Low,Relatively Moderate,Very Low,0,0,0,0,0,Vista Unified,Unified,KG,12,0.9999999999999996,lower
74.58049113233287,74.07912687585265,75.51159618008185,11.753055555555555,13.414444444444444,14.278333333333334,14.672777777777778,6.74,16.364817285648865,1,0.6,12.6,81.7495361345327,45.01036546,5.37732496149745,39.5586062252729,95.452653609694,80.6369138929519,0.6818072833850739,4.5,06073019803,Census Tract 198.03; San Diego County; California,5783,residential_or_mixed,4.6,23.7,34.6,17.9,2299,645,2.48,2.95,2089,109795.0,15.5,8.9,1.6,59.4,25.1,61.9,2792.0,89,814,4.4,0,0,0,0.0,0.0,0.0,False,24,0,Relatively Moderate,Relatively Moderate,Very Low,Relatively Low,Relatively High,Relatively Low,1,1,0,0,0,Carlsbad Unified,Unified,PK,12,0.9932896415804624,high
74.58049113233287,74.07912687585265,75.51159618008185,8.665030674846623,4.9079754601227,12.233128834355828,11.45521472392638,5.969325153374233,6.099612592101246,1,0.0,0.6,29.8658900345257,22.5765563,5.37732496149745,25.9092425759092,39.2815097570547,39.5550164698607,0.0,4.5,06073019804,Census Tract 198.04; San Diego County; California,4417,residential_or_mixed,4.7,27.4,43.5,13.4,1582,627,2.78,3.27,1658,151667.0,4.3,2.2,3.0,63.8,31.5,16.2,,9,109,4.3,0,0,0,0.0,0.0,0.0,False,6,0,Relatively Low,Relatively Low,Very Low,Relatively Low,Relatively Low,Very Low,0,0,0,0,0,Carlsbad Unified,Unified,PK,12,0.9999999999999998,high
74.58049113233287,74.07912687585265,75.51159618008185,13.150251762336351,10.995770392749243,11.875528700906344,12.57522658610272,15.43987915407855,28.51301906751909,1,0.0,13.1,54.3133616741433,73.14043713,5.37732496149745,35.7726774393441,89.3249140832174,73.3759052477614,1.7819058921175777,4.5,06073019805,Census Tract 198.05; San Diego County; California,4245,residential_or_mixed,9.2,20.8,37.0,43.0,1395,380,2.92,3.92,857,87868.0,5.4,2.3,4.8,72.9,6.9,50.5,2178.0,69,304,7.7,0,0,0,0.0,0.0,0.0,False,16,0,Relatively Low,Relatively High,Very Low,Relatively Low,Relatively High,Relatively Low,1,0,0,0,1,Carlsbad Unified,Unified,PK,12,0.6102616233206607,high
74.58049113233287,74.07912687585265,75.51159618008185,8.187109723461194,2.161462979482605,11.070918822479928,12.480374665477251,5.464763603925067,1.1997811760649844,1,0.9,0.0,33.4828663362849,70.24225552,5.37732496149745,39.7969397969398,75.6828749122995,86.0059695812969,0.0,2.0,06073019808,Census Tract 198.08; San Diego County; California,4584,residential_or_mixed,2.2,11.5,63.4,12.1,2383,306,1.92,2.44,2127,109675.0,1.6,0.0,0.0,63.8,31.6,26.6,2773.0,57,119,8.9,0,0,0,0.0,0.0,0.0,False,1,0,Relatively Low,Relatively High,Very Low,Relatively Low,Relatively Moderate,Relatively Low,0,0,0,0,0,Vista Unified,Unified,KG,12,0.9997970808109122,lower
74.58049113233287,74.07912687585265,75.51159618008185,9.873370577281191,7.70391061452514,11.05586592178771,14.29608938547486,5.944134078212291,2.6662458244445197,1,0.3,3.0,37.874908988421,56.01255701,5.37732496149745,30.7795891129224,73.1119118119225,75.8279523860488,1.7773406805859917,2.0,06073019809,Census Tract 198.09; San Diego County; California,4372,residential_or_mixed,9.6,21.6,50.6,26.7,1647,407,2.58,3.23,1469,133323.0,4.4,1.9,2.3,76.5,14.4,6.0,2274.0,11,20,2.4,0,0,0,0.0,0.0,0.0,False,3,0,Relatively Low,Relatively Moderate,Very Low,Relatively Low,Relatively Moderate,Relatively Low,2,1,1,0,0,Vista Unified,Unified,KG,12,0.9996835830825896,lower
74.58049113233287,74.07912687585265,75.51159618008185,,,,,,2.3149601892749674,1,0.7,6.4,42.5910702961693,22.22946159,5.37732496149745,35.8477525144192,56.0391471347199,89.7185259177339,1.0287822140963652,4.5,06073019810,Census Tract 198.10; San Diego County; California,6617,residential_or_mixed,2.8,34.5,38.6,15.7,2307,895,2.87,3.49,2447,133822.0,17.6,10.5,7.4,62.7,32.5,20.6,2628.0,0,232,0.0,0,0,0,0.0,0.0,0.0,False,9,0,Relatively Low,Relatively Low,Very Low,Relatively Low,Relatively Moderate,Relatively Moderate,4,1,1,2,0,Carlsbad Unified,Unified,PK,12,0.7515623741476931,high
74.58049113233287,74.07912687585265,75.51159618008185,,,,,,7.63404084379618,1,2.2,3.1,93.2252154919323,33.58348635,5.37732496149745,43.5781019114352,96.6132733996884,95.3337376476044,0.0,4.5,06073019811,Census Tract 198.11; San Diego County; California,6394,residential_or_mixed,6.4,24.2,43.9,23.2,2443,810,2.55,3.05,2855,136513.0,6.5,4.1,1.7,56.1,34.4,32.2,3200.0,99,445,4.6,0,0,0,0.0,0.0,0.0,False,29,0,Relatively High,Relatively Low,Very Low,Relatively Low,Very High,Relatively Moderate,0,0,0,0,0,Carlsbad Unified,Unified,PK,12,0.7852526723648852,high
74.58049113233287,74.07912687585265,75.51159618008185,13.33256469382526,17.33435818601076,15.33282090699462,9.33282090699462,14.331283627978475,8.962594378214462,1,0.0,2.3,23.7957112995279,9.209856068,5.37732496149745,38.3347633347633,29.61245287955,28.0094657105823,2.987268958006271,2.0,06073019902,Census Tract 199.02; San Diego County; California,4446,residential_or_mixed,13.1,32.3,33.9,54.2,1280,631,3.4,3.87,651,81977.0,13.3,10.1,4.5,70.7,15.5,41.0,2181.0,60,317,8.3,0,0,0,0.0,0.0,0.0,False,9,0,Relatively Low,Very Low,Very Low,Relatively Low,Relatively Low,Very Low,3,3,0,0,2,Vista Unified,Unified,KG,12,0.7873430301146505,lower
74.58049113233287,74.07912687585265,75.51159618008185,9.833333333333332,9.032916392363395,10.0,6.9835418038183015,13.0,2.272988246595507,1,0.4,0.5,42.2105831787115,9.209856068,5.37732496149745,54.8798798798799,46.7934310822542,95.4597885674194,0.0,2.0,06073019903,Census Tract 199.03; San Diego County; California,4961,residential_or_mixed,4.0,24.4,39.1,42.2,1494,492,3.25,3.52,949,110068.0,9.6,8.2,5.4,58.5,18.6,33.1,2293.0,45,242,5.1,1,0,0,0.2015722636565208,0.0,0.0,False,7,0,Relatively Low,Very Low,Very Low,Relatively Low,Relatively Low,Relatively Moderate,0,0,0,0,0,Vista Unified,Unified,KG,12,0.8161398614984068,lower
74.58049113233287,74.07912687585265,75.51159618008185,12.051380274838865,9.958774170010946,16.562568405691355,13.125136811382706,9.768332725282743,7.417666158331878,1,0.0,3.2,52.3345937947718,9.209856068,5.37732496149745,35.5403022069689,67.8903119165686,58.1534729406728,0.0,2.0,06073019904,Census Tract 199.04; San Diego County; California,6071,residential_or_mixed,2.4,18.1,41.0,21.6,2442,643,2.46,2.93,2305,111803.0,5.4,1.6,6.6,60.3,34.1,52.4,2404.0,109,391,3.2,0,0,0,0.0,0.0,0.0,False,12,0,Relatively Low,Very Low,Very Low,Relatively Low,Relatively Moderate,Very Low,0,0,0,0,0,Vista Unified,Unified,KG,12,0.9349996575981604,lower
74.58049113233287,74.07912687585265,75.51159618008185,7.735345838218054,7.449589683470106,12.62485345838218,10.966002344665885,2.2028135990621336,6.6324753760317705,1,1.6,0.5,75.2495478779623,9.209856068,5.37732496149745,22.2865722865723,88.1761858894319,86.5232540163866,0.0,2.0,06073019905,Census Tract 199.05; San Diego County; California,5562,residential_or_mixed,8.9,24.4,37.3,28.6,2092,635,2.57,3.1,1924,112063.0,4.6,0.0,2.5,68.8,21.5,51.0,2637.0,52,412,2.4,0,0,0,0.0,0.0,0.0,False,9,0,Relatively Moderate,Very Low,Very Low,Relatively Low,Relatively High,Relatively Low,0,0,0,0,0,Vista Unified,Unified,KG,12,0.7927990687889114,lower
74.58049113233287,74.07912687585265,75.51159618008185,6.997617874158042,4.9714144898965005,15.01429275505175,10.0,1.0,2.6339468156485104,1,0.0,0.8,81.7154801888343,18.44044305,5.37732496149745,27.9577196243863,93.2396275552067,89.6566896174474,0.0,4.5,06073020015,Census Tract 200.15; San Diego County; California,5500,residential_or_mixed,4.7,22.1,46.0,9.1,2137,785,2.57,2.94,2853,184063.0,4.9,4.1,3.7,66.5,29.3,25.4,,45,123,6.0,0,0,0,0.0,0.0,0.0,False,3,0,Relatively Moderate,Very Low,Very Low,Relatively Low,Relatively High,Relatively Moderate,0,0,0,0,0,Encinitas Union Elementary,Elementary,KG,6,0.9372463957910826,high
74.58049113233287,74.07912687585265,75.51159618008185,12.055698005698003,9.094871794871796,8.717948717948717,13.4991452991453,13.761538461538462,10.07957582184951,1,1.8,8.0,71.6901143810038,55.34265237,5.37732496149745,30.5209971876639,79.470348304853,38.946166743962,0.5304587562104777,3.5,06073020017,Census Tract 200.17; San Diego County; California,3013,residential_or_mixed,4.4,19.3,35.9,63.2,1070,262,2.77,3.72,406,73312.0,12.6,8.5,8.1,77.4,7.7,67.9,2180.0,76,441,0.0,0,0,0,0.0,0.0,0.0,False,19,0,Relatively Moderate,Relatively Moderate,Very Low,Relatively Low,Relatively High,Very Low,1,1,0,0,0,San Marcos Unified,Unified,KG,12,0.832278785758856,medium_high
74.58049113233287,74.07912687585265,75.51159618008185,13.569419722321111,9.937700249199004,12.708437166251334,15.255962976148096,14.129227483090068,13.71473913186258,1,0.0,5.4,52.0022547384738,38.73659895,5.37732496149745,42.0563420563421,67.8712853626342,47.4129832447409,0.0,3.5,06073020019,Census Tract 200.19; San Diego County; California,7253,residential_or_mixed,2.1,16.4,54.6,37.9,2942,601,2.47,3.27,2272,89875.0,16.4,13.6,1.6,75.1,14.8,20.2,1810.0,91,310,0.0,0,0,0,0.0,0.0,0.0,False,18,0,Relatively Low,Relatively Low,Very Low,Relatively Low,Relatively Moderate,Very Low,0,0,0,0,0,San Marcos Unified,Unified,KG,12,1.0000000000000002,medium_high
74.58049113233287,74.07912687585265,75.51159618008185,11.423728813559322,10.719774011299435,7.677966101694915,13.331073446327684,11.741242937853109,14.318234877409129,1,2.5,3.1,78.8066326890105,42.0393295,5.37732496149745,70.5729539062872,91.1704898148478,94.9983946345118,1.7896262338855309,3.5,06073020021,Census Tract 200.21; San Diego County; California,5534,residential_or_mixed,5.3,28.5,34.8,64.0,1641,885,3.37,3.65,866,79604.0,10.4,7.8,1.6,84.1,8.7,49.9,1741.0,53,442,5.1,0,0,0,0.0,0.0,0.0,False,16,0,Relatively Moderate,Relatively Moderate,Very Low,Relatively Moderate,Relatively High,Relatively Moderate,2,1,1,0,0,San Marcos Unified,Unified,KG,12,0.9999999999999992,medium_high
64.72032742155525,74.07912687585265,47.339699863574346,12.247434885556432,11.506708760852408,14.795580110497236,13.3733228097869,10.217837411207578,6.864358677457197,1,0.8,1.2,52.7456138290626,9.209856068,5.37732496149745,55.0169216835884,68.2173308123149,74.7422496521708,0.7626417036167044,3.5,06073020023,Census Tract 200.23; San Diego County; California,3942,residential_or_mixed,7.2,18.1,39.1,38.7,1265,385,3.07,3.34,834,97031.0,7.1,6.2,1.6,77.7,12.5,15.4,2091.0,19,61,4.1,2,0,2,0.5073566717402334,0.0,0.5073566717402334,False,9,0,Relatively Low,Very Low,Very Low,Relatively Low,Relatively Moderate,Relatively Low,1,0,0,1,0,San Marcos Unified,Unified,KG,12,1.0000000000000002,medium_high
74.58049113233287,74.07912687585265,75.51159618008185,11.079311885612151,5.497319034852547,11.70509383378016,13.65549597855228,10.981233243967829,3.0083812978353297,1,0.6,9.9,18.5405265753811,46.03980335,5.37732496149745,59.7287763954431,45.8397250662956,0.0,1.5040625880047969,3.5,06073020024,Census Tract 200.24; San Diego County; California,4220,residential_or_mixed,7.8,22.1,41.3,36.9,1584,351,2.65,3.53,1160,99254.0,5.5,3.5,3.2,70.0,14.4,25.3,2733.0,16,307,2.3,0,0,0,0.0,0.0,0.0,False,2,0,Very Low,Relatively Moderate,Very Low,Relatively Moderate,Relatively Low,No Rating,1,0,1,0,0,San Marcos Unified,Unified,KG,12,0.9990591230703366,medium_high
74.58049113233287,74.07912687585265,75.51159618008185,15.558144049699086,14.057658707047176,10.525917297612114,17.26849155503786,17.114152591729763,9.245011172194786,1,0.0,2.3,26.8290391525941,28.02167861,5.37732496149745,61.306544639878,42.7300726576528,43.870476734092,1.320604608583142,3.5,06073020025,Census Tract 200.25; San Diego County; California,5250,residential_or_mixed,7.0,26.5,32.8,40.1,1851,664,2.84,3.35,1259,82796.0,14.8,14.8,4.4,75.1,22.0,39.3,2355.0,41,448,2.4,0,0,0,0.0,0.0,0.0,False,7,0,Relatively Low,Relatively Low,Very Low,Relatively Moderate,Relatively Low,Very Low,1,1,0,0,0,San Marcos Unified,Unified,KG,12,0.9998569717791882,medium_high
74.58049113233287,74.07912687585265,75.51159618008185,11.588613960973648,15.369945684972842,10.464695232347616,12.2033796016898,9.645141822570912,2.708519286431482,1,0.6,0.0,76.3863118585152,9.209856068,5.37732496149745,41.4247580914248,88.1095929506618,67.9569048553387,1.3541473370831298,3.5,06073020026,Census Tract 200.26; San Diego County; California,4447,residential_or_mixed,4.3,19.1,45.8,17.6,1726,484,2.56,3.08,1463,135238.0,4.5,2.7,4.8,67.2,26.7,24.6,2974.0,38,102,3.4,0,0,0,0.0,0.0,0.0,False,4,0,Relatively Moderate,Very Low,Very Low,Relatively Low,Relatively High,Very Low,2,1,0,1,0,San Marcos Unified,Unified,KG,12,0.9999999999999988,medium_high
74.58049113233287,74.07912687585265,75.51159618008185,9.41560606060606,3.961818181818182,1.4936363636363637,10.51909090909091,15.0,11.335856682482673,1,1.1,4.5,38.6640674542593,89.74826749,5.37732496149745,69.5922112588779,89.489018110901,52.7796606138442,11.334898114962757,3.5,06073020028,Census Tract 200.28; San Diego County; California,3571,residential_or_mixed,6.9,29.3,27.5,88.5,966,545,3.7,3.8,233,59559.0,21.4,18.1,2.1,62.3,10.0,91.8,1881.0,48,517,8.3,0,0,0,0.0,0.0,0.0,False,2,0,Relatively Low,Very High,Very Low,Relatively Moderate,Relatively High,Very Low,2,1,0,0,0,San Marcos Unified,Unified,KG,12,1.0000000000000004,medium_high
74.58049113233287,74.07912687585265,75.51159618008185,13.707382762991127,17.04847908745247,17.270912547528518,9.51093155893536,14.451520912547528,14.234310087943022,1,1.2,6.8,96.6484252060972,46.92767873,5.37732496149745,70.7814957814958,98.9689986086833,78.190812552769,1.4233111107063774,3.5,06073020029,Census Tract 200.29; San Diego County; California,7007,residential_or_mixed,6.6,20.4,32.9,56.8,2562,727,2.56,3.19,1765,77449.0,14.9,8.2,2.7,76.9,7.1,85.4,2288.0,378,1146,7.2,0,0,0,0.0,0.0,0.0,False,30,0,Relatively High,Relatively Moderate,Very Low,Relatively Moderate,Very High,Relatively Low,3,1,1,1,3,San Marcos Unified,Unified,KG,12,1.0000000000000002,medium_high
74.58049113233287,74.07912687585265,75.51159618008185,,,,,,3.0548303044141094,1,0.0,7.8,69.5105338563074,35.25913641,5.37732496149745,43.3552600219267,85.5255490944549,90.9409820080149,0.4363688977205574,4.5,06073020030,Census Tract 200.30; San Diego County; California,8033,residential_or_mixed,2.8,30.9,41.1,22.5,2591,1071,3.07,3.46,3119,170288.0,12.0,9.3,2.4,58.7,36.2,25.0,1872.0,16,457,3.7,1,0,0,0.1244864932154861,0.0,0.0,False,7,0,Relatively Moderate,Relatively Low,Very Low,Relatively Low,Relatively High,Relatively Moderate,1,1,0,0,0,Carlsbad Unified,Unified,PK,12,0.673520286630512,high
74.58049113233287,74.07912687585265,75.51159618008185,,,,,,2.316317357830874,1,0.0,1.1,47.6724522629589,9.209856068,5.37732496149745,34.6668096668097,64.1468374299882,73.5447659139286,0.579031904754713,3.5,06073020031,Census Tract 200.31; San Diego County; California,6519,residential_or_mixed,3.2,31.7,39.6,31.3,2249,948,2.89,3.32,2511,116982.0,9.0,8.0,3.1,79.4,17.5,37.1,2692.0,24,422,7.6,0,0,0,0.0,0.0,0.0,False,4,0,Relatively Low,Very Low,Very Low,Relatively Low,Relatively Moderate,Relatively Low,1,1,0,0,0,San Marcos Unified,Unified,KG,12,0.8544049193955334,medium_high
74.58049113233287,74.07912687585265,75.51159618008185,,,,,,1.8618748473288729,1,0.0,1.6,79.2881133006083,9.209856068,5.37732496149745,18.4553601220268,91.0218448622359,91.6723151748659,0.0,3.5,06073020032,Census Tract 200.32; San Diego County; California,3230,residential_or_mixed,3.0,18.0,53.0,15.6,1439,298,2.24,2.68,1646,183368.0,3.2,3.0,3.7,59.7,37.9,9.5,2431.0,26,16,10.8,0,0,0,0.0,0.0,0.0,False,3,0,Relatively Moderate,Very Low,Very Low,Relatively Low,Relatively High,Relatively Moderate,0,0,0,0,0,San Marcos Unified,Unified,KG,12,0.7131553258111889,medium_high
74.58049113233287,74.07912687585265,75.51159618008185,,,,,,0.0,0,0.5,1.8,52.1596166944595,51.40674051,5.37732496149745,26.9078602411936,85.5957095120878,82.9593426325616,1.5739216534129046,3.5,06073020033,Census Tract 200.33; San Diego County; California,4031,residential_or_mixed,5.9,19.7,39.2,19.6,1581,447,2.55,3.07,1773,118125.0,7.9,4.3,6.6,46.8,41.0,40.9,2880.0,74,234,3.4,0,0,0,0.0,0.0,0.0,False,0,0,Relatively Low,Relatively Moderate,Very Low,Relatively Low,Relatively High,Relatively Low,1,1,0,0,0,San Marcos Unified,Unified,KG,12,1.0,medium_high
74.58049113233287,74.07912687585265,75.51159618008185,,,,,,9.231151682404594,1,0.0,0.0,17.0725978814853,9.209856068,5.37732496149745,13.1154964488298,25.1376452261187,0.0,0.0,4.5,06073020034,Census Tract 200.34; San Diego County; California,2549,residential_or_mixed,4.9,28.1,42.2,7.0,846,329,3.01,3.4,1244,247222.0,2.0,0.0,2.6,49.3,43.2,6.6,,6,31,0.0,0,0,0,0.0,0.0,0.0,False,5,0,Very Low,Very Low,Very Low,Very Low,Relatively Low,No Rating,0,0,0,0,0,Encinitas Union Elementary,Elementary,KG,6,1.000000000000001,high
74.58049113233287,74.07912687585265,75.51159618008185,,,,,,4.571407182284081,1,0.4,0.7,69.718392559363,9.209856068,5.37732496149745,35.5224271890939,83.5384633679379,76.8327922657058,1.5236861606258654,4.5,06073020035,Census Tract 200.35; San Diego County; California,6480,residential_or_mixed,6.3,27.6,44.5,6.4,2226,1008,2.91,3.09,2939,200915.0,1.0,0.0,1.4,48.4,45.1,19.5,,0,175,5.9,0,0,0,0.0,0.0,0.0,False,6,0,Relatively Moderate,Very Low,Very Low,Relatively Low,Relatively High,Relatively Low,2,2,0,0,0,Encinitas Union Elementary,Elementary,KG,6,0.9999999999999998,high
74.58049113233287,74.07912687585265,75.51159618008185,,,,,,16.239716111810218,1,0.8,3.4,22.5145031354957,19.79150625,5.37732496149745,47.4355307688641,30.9217176221564,68.5027291213299,0.0,3.5,06073020036,Census Tract 200.36; San Diego County; California,3567,residential_or_mixed,5.6,27.6,30.2,75.8,1041,552,3.43,3.54,481,73024.0,22.5,27.0,4.1,79.2,4.1,56.6,2193.0,134,211,0.0,0,0,0,0.0,0.0,0.0,False,5,0,Relatively Low,Very Low,Very Low,Relatively Low,Relatively Low,Very Low,0,0,0,0,0,San Marcos Unified,Unified,KG,12,0.9999999999999996,medium_high
74.58049113233287,74.07912687585265,75.51159618008185,,,,,,4.9549353349376,1,0.0,2.5,13.1984404725556,22.74299591,5.37732496149745,38.3431050097717,19.3155197222123,47.6841116383052,1.2386283238252964,3.5,06073020037,Census Tract 200.37; San Diego County; California,4415,residential_or_mixed,4.6,23.0,34.8,60.7,1365,681,3.21,3.43,742,107034.0,6.5,6.2,5.4,67.1,7.7,39.9,2413.0,2,249,0.0,0,0,0,0.0,0.0,0.0,False,4,0,Very Low,Relatively Low,Very Low,Relatively Low,Relatively Low,Very Low,1,1,0,0,0,San Marcos Unified,Unified,KG,12,1.0,medium_high
74.58049113233287,74.07912687585265,75.51159618008185,,,,,,1.0436507814918328,1,0.0,0.6,78.5318364375132,19.54569685,5.37732496149745,63.1619714953048,80.6737778411996,97.7786498281664,1.0435597658368951,3.5,06073020038,Census Tract 200.38; San Diego County; California,5685,residential_or_mixed,4.7,23.4,40.6,21.2,1571,688,3.61,3.82,2186,151650.0,6.4,3.9,6.3,62.0,27.9,22.5,,10,170,0.0,0,0,0,0.0,0.0,0.0,False,3,0,Relatively Moderate,Very Low,Very Low,Relatively Moderate,Relatively High,Relatively High,3,0,0,3,1,San Marcos Unified,Unified,KG,12,0.9999999999999992,medium_high
74.58049113233287,74.07912687585265,75.51159618008185,,,,,,0.0,0,0.0,0.0,8.99076966437278,46.37682876,5.37732496149745,38.9877973211307,26.9035472631491,88.0097035425065,0.0,3.5,06073020039,Census Tract 200.39; San Diego County; California,1959,residential_or_mixed,5.5,28.5,41.7,15.1,550,239,3.56,3.69,658,156833.0,4.8,3.5,4.1,64.5,22.1,29.3,,12,84,5.0,0,0,0,0.0,0.0,0.0,False,0,0,Very Low,Relatively Moderate,Very Low,Relatively Low,Relatively Low,Relatively Low,0,0,0,0,0,San Marcos Unified,Unified,KG,12,0.9999999999999996,medium_high
74.58049113233287,74.07912687585265,75.51159618008185,,,,,,1.1951361475995907,1,0.0,8.3,74.1527115578834,29.26020257,5.37732496149745,56.643548310215,84.5920587920517,97.9475104943337,1.1950322272451874,3.5,06073020040,Census Tract 200.40; San Diego County; California,4333,residential_or_mixed,4.9,21.0,44.8,17.9,1499,538,2.87,3.32,1398,164345.0,8.6,3.1,3.4,61.1,34.0,24.3,3020.0,8,184,2.5,0,0,0,0.0,0.0,0.0,False,2,0,Relatively Moderate,Relatively Low,Very Low,Relatively Moderate,Relatively High,Relatively High,2,2,0,0,0,San Marcos Unified,Unified,KG,12,1.000000000000001,medium_high
74.58049113233287,74.07912687585265,75.51159618008185,,,,,,0.0,0,0.0,2.0,22.2115226530756,9.209856068,5.37732496149745,39.8541398541399,44.6315388914654,61.1168587159454,0.0,3.5,06073020041,Census Tract 200.41; San Diego County; California,3150,residential_or_mixed,5.8,21.4,33.9,40.9,991,380,3.16,3.44,754,85855.0,12.3,7.0,3.9,80.4,9.9,57.2,2236.0,88,337,1.6,0,0,0,0.0,0.0,0.0,False,0,0,Relatively Low,Very Low,Very Low,Relatively Low,Relatively Low,Very Low,0,0,0,0,0,San Marcos Unified,Unified,KG,12,1.0000000000000002,medium_high
74.58049113233287,74.07912687585265,75.51159618008185,,,,,,2.7758760044873263,1,0.0,5.4,84.0700378138432,80.52893443,5.37732496149745,35.5057438390772,98.7561390365429,93.2039527665799,0.6939128466310471,3.5,06073020042,Census Tract 200.42; San Diego County; California,4759,residential_or_mixed,5.2,26.3,41.4,45.1,1774,690,2.59,3.22,1535,110313.0,4.8,2.1,0.8,50.9,39.2,28.3,2392.0,0,250,3.2,0,0,0,0.0,0.0,0.0,False,4,0,Relatively High,Very High,Very Low,Relatively Low,Very High,Relatively Moderate,1,0,0,0,1,San Marcos Unified,Unified,KG,12,0.9999999999999996,medium_high
74.58049113233287,74.07912687585265,75.51159618008185,,,,,,0.0,0,0.0,4.1,76.314676938253,20.69478173,5.37732496149745,53.5833452500119,80.9342037981758,97.9594020905426,1.4405726095235198,3.5,06073020043,Census Tract 200.43; San Diego County; California,5378,residential_or_mixed,5.7,35.8,38.7,12.3,1747,1003,3.08,3.42,2424,237188.0,3.0,3.3,3.3,57.0,38.3,8.5,2381.0,4,81,2.8,0,0,0,0.0,0.0,0.0,False,0,0,Relatively Moderate,Relatively Low,Very Low,Relatively Low,Relatively High,Relatively High,2,2,0,0,0,San Marcos Unified,Unified,KG,12,1.000000000000001,medium_high
74.58049113233287,74.07912687585265,75.51159618008185,,,,,,0.3005998655037182,1,0.0,1.7,87.4462738098034,9.209856068,5.37732496149745,65.1627818294485,92.7437479932931,97.349363205023,0.0,3.5,06073020044,Census Tract 200.44; San Diego County; California,9056,residential_or_mixed,11.0,31.0,38.9,11.3,3022,1407,2.99,3.23,3886,213196.0,5.5,5.2,1.8,50.4,41.4,8.0,1754.0,91,60,3.0,1,0,0,0.1104240282685512,0.0,0.0,False,1,0,Relatively High,Very Low,Very Low,Relatively Moderate,Relatively High,Relatively High,0,0,0,0,0,San Marcos Unified,Unified,KG,12,0.9999999999999996,medium_high
74.58049113233287,74.07912687585265,75.51159618008185,13.154681139755766,11.271370420624152,14.085481682496608,13.78561736770692,13.0,9.8455470009921,1,0.3,9.9,67.1266176574207,57.28958124,5.37732496149745,62.7365460698794,92.6236428715827,93.8413423233801,1.968939097674788,2.0,06073020105,Census Tract 201.05; San Diego County; California,3990,residential_or_mixed,6.6,20.4,38.1,40.4,1478,444,2.63,3.35,968,114309.0,6.6,3.4,2.2,70.7,13.2,36.0,1883.0,16,223,7.1,0,0,0,0.0,0.0,0.0,False,10,0,Relatively Moderate,Relatively Moderate,Very Low,Relatively Moderate,Relatively High,Relatively Moderate,2,1,0,1,0,Escondido Union,Elementary,PK,8,1.000000000000001,lower
74.58049113233287,74.07912687585265,75.51159618008185,12.606179286335944,6.613577023498695,12.840731070496084,12.932114882506529,15.159268929503916,11.364399923720464,1,0.0,4.5,65.8665476665805,39.95379968,5.37732496149745,55.8069974736641,89.7696597814325,93.8568013984517,0.0,2.0,06073020106,Census Tract 201.06; San Diego County; California,3768,residential_or_mixed,4.7,22.9,35.1,51.5,1103,433,3.4,3.83,461,116850.0,11.1,6.1,7.8,75.4,10.5,19.6,2529.0,21,98,2.5,0,0,0,0.0,0.0,0.0,False,8,0,Relatively Moderate,Relatively Low,Very Low,Relatively Moderate,Relatively High,Relatively Moderate,0,0,0,0,0,Escondido Union,Elementary,PK,8,1.0,lower
74.58049113233287,74.07912687585265,75.51159618008185,9.701306076093127,8.52640545144804,11.579216354344124,12.367972742759797,6.683134582623509,3.355102061344585,1,0.0,3.5,64.7697113465016,28.25623408,5.37732496149745,55.8653891987225,60.4747125206616,98.4909564410831,2.236542660572204,2.0,06073020107,Census Tract 201.07; San Diego County; California,4681,residential_or_mixed,13.2,28.9,31.9,50.1,1242,607,3.76,3.96,1157,111970.0,16.7,14.0,1.0,82.4,10.7,27.5,2165.0,10,156,6.0,1,0,0,0.2136295663319803,0.0,0.0,False,3,0,Relatively Moderate,Relatively Low,Very Low,Relatively Moderate,Relatively Moderate,Relatively High,2,1,1,0,0,Escondido Union,Elementary,PK,8,0.9999999999999996,lower
74.58049113233287,74.07912687585265,75.51159618008185,11.252945875773914,9.113241461953264,5.25284601557819,9.4415817855003,17.134212103055724,27.453752928880835,1,0.9,5.3,43.8440942292787,32.85908902,5.37732496149745,67.7570427570428,72.1855564672446,23.4466602452047,2.745144756417381,2.0,06073020108,Census Tract 201.08; San Diego County; California,4731,residential_or_mixed,5.9,24.7,33.3,67.7,1523,644,3.08,3.64,599,68516.0,16.3,16.6,3.3,73.2,6.8,74.8,2242.0,21,742,5.1,0,0,0,0.0,0.0,0.0,False,10,0,Relatively Low,Relatively Low,Very Low,Relatively Moderate,Relatively Moderate,Very Low,1,1,0,0,0,Escondido Union,Elementary,PK,8,1.0,lower
74.58049113233287,74.07912687585265,75.51159618008185,11.831683168316832,5.65041888804265,7.14013709063214,12.75780654988576,16.341964965727342,18.47156340169833,1,0.0,3.5,42.0461751649952,9.209856068,5.37732496149745,58.1486248152915,63.8007919803075,0.0,1.6790905536427307,2.0,06073020109,Census Tract 201.09; San Diego County; California,4683,residential_or_mixed,5.6,19.2,39.1,64.4,1301,375,3.57,3.76,538,106841.0,8.0,2.9,0.9,68.9,12.0,15.2,2558.0,50,89,1.3,0,0,0,0.0,0.0,0.0,False,11,0,Relatively Low,Very Low,Very Low,Relatively Moderate,Relatively Moderate,No Rating,1,1,0,0,0,Escondido Union,Elementary,PK,8,1.0000000000000009,lower
74.58049113233287,74.07912687585265,75.51159618008185,,,,,,0.5998675127500988,1,1.1,0.3,99.2766047396482,28.30006515,5.37732496149745,76.5038848372182,95.6797830972852,99.9286504227462,0.0,2.0,06073020110,Census Tract 201.10; San Diego County; California,9085,residential_or_mixed,5.0,23.3,39.3,32.0,2684,1114,3.34,3.69,2552,134891.0,12.4,6.8,1.3,77.2,13.9,19.8,3201.0,0,257,0.2,0,0,0,0.0,0.0,0.0,False,11,1,Very High,Relatively Low,Very Low,Relatively Moderate,Very High,Very High,0,0,0,0,0,Escondido Union,Elementary,PK,8,0.6436788747087985,lower
74.58049113233287,74.07912687585265,75.51159618008185,,,,,,0.0,0,0.0,3.0,94.6508678394438,42.06657585,5.37732496149745,58.9994756661423,87.4198803705421,99.6765485831163,0.1824146281983928,2.0,06073020111,Census Tract 201.11; San Diego County; California,3888,residential_or_mixed,3.6,18.6,42.9,29.7,1326,356,2.9,3.22,1045,131111.0,5.0,5.5,3.1,61.2,27.6,10.0,2275.0,0,49,0.0,0,0,0,0.0,0.0,0.0,False,0,0,Relatively High,Relatively Moderate,Very Low,Relatively Moderate,Relatively High,Very High,1,1,0,0,0,Escondido Union,Elementary,PK,8,1.0000000000000004,lower
74.58049113233287,74.07912687585265,75.51159618008185,13.734411085450349,7.242494226327945,8.623556581986143,15.323325635103926,17.94688221709007,34.386451981641166,1,2.1,8.3,66.6874133922071,77.36954333,5.37732496149745,81.9664902998236,94.1529021440548,0.0,2.292239197139758,2.0,06073020202,Census Tract 202.02; San Diego County; California,6550,residential_or_mixed,4.5,22.3,33.9,80.0,2157,748,3.0,3.69,567,53028.0,17.9,20.3,2.9,59.6,5.9,75.1,1881.0,159,857,3.7,0,0,0,0.0,0.0,0.0,False,15,0,Relatively Moderate,Relatively High,Very Low,Relatively Moderate,Relatively High,No Rating,1,0,1,0,0,Escondido Union,Elementary,PK,8,1.000000000000001,lower
74.58049113233287,74.07912687585265,75.51159618008185,13.840613624544982,4.496099843993759,8.669266770670827,16.54290171606864,18.39625585023401,28.028335357553186,1,0.0,2.5,48.7634168682622,64.1136054,5.37732496149745,70.5169455169455,86.5137407394194,0.0,3.113996412247131,2.0,06073020206,Census Tract 202.06; San Diego County; California,4894,residential_or_mixed,5.4,26.3,31.3,76.8,1289,740,3.66,3.8,438,71250.0,12.6,12.9,3.6,68.1,14.9,58.1,1816.0,113,442,4.4,0,0,0,0.0,0.0,0.0,False,9,0,Relatively Low,Relatively High,Very Low,Relatively Moderate,Relatively High,No Rating,1,1,0,0,0,Escondido Union,Elementary,PK,8,0.9999999999999996,lower
74.58049113233287,74.07912687585265,75.51159618008185,13.02232033357861,14.02869757174393,11.076526857983811,10.02869757174393,16.485651214128037,25.026746384805666,1,6.4,22.7,54.0644009676586,67.10004146,5.37732496149745,72.1781305114638,88.6292557049933,0.0,9.384245778073694,2.0,06073020207,Census Tract 202.07; San Diego County; California,4939,residential_or_mixed,8.3,29.1,28.7,86.9,1496,752,3.3,3.97,369,78077.0,12.8,12.0,3.6,75.2,4.8,73.8,1863.0,83,500,9.3,0,0,0,0.0,0.0,0.0,False,8,0,Relatively Low,Relatively High,Very Low,Relatively Moderate,Relatively High,No Rating,3,2,0,1,2,Escondido Union,Elementary,PK,8,0.9999999999999996,lower
74.58049113233287,74.07912687585265,75.51159618008185,12.5,7.0,12.0,13.0,15.0,11.72262392550904,1,0.0,0.7,20.2280574018836,37.94408577,5.37732496149745,42.0444253777587,51.4929899040348,42.9048791219245,3.9072090807380073,2.0,06073020208,Census Tract 202.08; San Diego County; California,3527,residential_or_mixed,6.5,27.4,31.5,65.5,766,408,4.6,4.59,266,114211.0,9.8,14.7,7.7,75.6,8.5,17.6,2792.0,2,58,0.0,0,0,0,0.0,0.0,0.0,False,3,0,Relatively Low,Relatively Low,Very Low,Relatively Low,Relatively Moderate,Very Low,1,1,0,0,0,Escondido Union,Elementary,PK,8,1.0000000000000009,lower
74.58049113233287,74.07912687585265,75.51159618008185,14.784242761692653,10.814587973273944,8.489977728285078,18.71826280623608,15.98218262806236,32.4701168597004,1,4.2,11.6,62.9847100547244,80.43890304,5.37732496149745,74.1848991848992,94.9341800149834,0.0,0.0,2.0,06073020209,Census Tract 202.09; San Diego County; California,4507,residential_or_mixed,5.1,22.1,35.5,64.4,1693,528,2.66,3.53,495,56230.0,17.9,15.6,6.0,67.0,14.2,59.7,1718.0,70,479,4.1,0,0,0,0.0,0.0,0.0,False,11,0,Relatively Moderate,Very High,Very Low,Relatively Moderate,Relatively High,No Rating,0,0,0,0,0,Escondido Union,Elementary,PK,8,0.9999999999999996,lower
74.58049113233287,74.07912687585265,75.51159618008185,12.789709172259506,3.316046369737645,8.474069554606467,17.737034777303233,14.737034777303233,22.795138222763654,1,0.5,3.9,68.5475726331118,85.54403838,5.37732496149745,76.9305019305019,96.927211539605,88.541257893047,0.0,2.0,06073020210,Census Tract 202.10; San Diego County; California,4445,residential_or_mixed,7.9,22.8,36.0,51.8,1695,531,2.62,3.25,717,73693.0,11.9,11.5,5.0,75.4,12.9,39.4,1878.0,41,243,3.2,0,0,0,0.0,0.0,0.0,False,9,0,Relatively Moderate,Very High,Very Low,Relatively Moderate,Very High,Relatively Moderate,0,0,0,0,0,Escondido Union,Elementary,PK,8,0.999999999999999,lower
74.58049113233287,74.07912687585265,75.51159618008185,14.589383672152303,8.822846079380446,9.410454985479188,17.820909970958375,16.83059051306873,29.291571680008456,1,1.1,12.3,60.4680931019095,49.28507967,5.37732496149745,75.9509509509509,86.3210968808343,0.0,1.627173585254969,2.0,06073020211,Census Tract 202.11; San Diego County; California,5809,residential_or_mixed,11.4,28.0,33.1,69.1,2045,758,2.77,3.45,476,57192.0,12.7,9.1,2.7,72.0,12.4,60.4,2129.0,77,690,2.1,0,0,0,0.0,0.0,0.0,False,18,0,Relatively Moderate,Relatively Moderate,Very Low,Relatively Moderate,Relatively High,No Rating,1,1,0,0,0,Escondido Union,Elementary,PK,8,0.9999999999999992,lower
65.53206002728513,74.07912687585265,49.65893587994543,12.348006379585328,7.130143540669857,5.782775119617225,11.889952153110048,18.69760765550239,30.80404510150175,1,2.2,12.0,27.563003499542,97.56441391,5.37732496149745,71.8682968682969,85.1426396965265,0.0,0.0,2.0,06073020213,Census Tract 202.13; San Diego County; California,4060,residential_or_mixed,7.6,31.2,29.8,84.0,1233,654,3.29,3.96,336,59094.0,19.5,18.7,7.2,79.1,8.1,87.2,2103.0,7,683,1.1,2,0,1,0.4926108374384236,0.0,0.2463054187192118,False,4,0,Relatively Low,Very High,Very Low,Relatively Moderate,Relatively High,No Rating,0,0,0,0,0,Escondido Union,Elementary,PK,8,1.000000000000001,lower
74.58049113233287,74.07912687585265,75.51159618008185,16.645977011494253,19.432183908045975,18.67816091954023,13.501149425287355,17.381609195402298,34.013642942093,1,2.7,13.2,81.812950654109,80.30563289,5.37732496149745,78.636970303637,97.6264373966918,0.0,1.4787316716949372,2.0,06073020214,Census Tract 202.14; San Diego County; California,4643,residential_or_mixed,7.5,22.5,35.0,64.7,1860,579,2.42,3.82,602,36598.0,22.7,23.9,1.9,77.8,4.9,92.3,1766.0,182,941,8.0,1,0,0,0.2153779883695886,0.0,0.0,False,23,0,Relatively Moderate,Very High,Very Low,Relatively Moderate,Very High,No Rating,1,0,0,1,1,Escondido Union,Elementary,PK,8,1.0000000000000002,lower
74.58049113233287,74.07912687585265,75.51159618008185,6.512590695689288,6.317541613316261,7.796841655996586,8.161758429364063,4.318822023047376,0.5597618067580022,1,1.3,0.0,87.6142048523851,20.23396316,5.37732496149745,68.2122598789265,77.2656463677119,99.0772121341848,0.0,2.0,06073020304,Census Tract 203.04; San Diego County; California,6153,residential_or_mixed,7.2,17.5,44.7,24.6,2313,649,2.65,3.02,2341,144653.0,2.9,1.1,1.8,61.2,28.6,15.3,2771.0,46,133,4.3,0,0,0,0.0,0.0,0.0,False,3,0,Relatively High,Relatively Low,Very Low,Relatively Moderate,Relatively Moderate,Very High,0,0,0,0,0,Escondido Union,Elementary,PK,8,0.5190527703482258,lower
74.58049113233287,74.07912687585265,75.51159618008185,13.219052224371373,8.559477756286267,15.470502901353964,13.101547388781432,14.540618955512572,9.690482303700524,1,0.8,4.7,52.6998144538131,48.98181603,5.37732496149745,72.5380142046809,82.0876886304449,49.2014793145684,0.0,2.0,06073020305,Census Tract 203.05; San Diego County; California,6432,residential_or_mixed,8.3,16.0,44.7,31.3,2349,521,2.61,3.06,1873,124489.0,10.4,0.3,0.9,74.7,15.5,35.8,3165.0,162,355,3.2,0,0,0,0.0,0.0,0.0,False,13,0,Relatively Low,Relatively Moderate,Very Low,Relatively Moderate,Relatively High,Very Low,0,0,0,0,0,Escondido Union,Elementary,PK,8,0.9935104937211788,lower
74.58049113233287,74.07912687585265,75.51159618008185,10.897598058004345,5.246071291682637,4.685320045994634,11.658489842851669,16.068608662322728,21.37229080662514,1,0.9,10.6,45.7054278131385,87.84457739,5.37732496149745,81.3468230134897,89.7708489410534,38.6964432235739,0.0,2.0,06073020308,Census Tract 203.08; San Diego County; California,6685,residential_or_mixed,4.7,19.1,40.5,44.5,2985,831,2.2,2.75,960,52859.0,14.1,12.0,2.4,70.7,8.1,72.3,1952.0,162,1125,1.6,0,0,0,0.0,0.0,0.0,False,10,0,Relatively Low,Very High,Very Low,Relatively Moderate,Relatively High,Very Low,0,0,0,0,0,Escondido Union,Elementary,PK,8,0.9999999999999988,lower
74.58049113233287,74.07912687585265,75.51159618008185,10.05683690280066,10.735584843492587,17.07660626029654,9.417627677100494,6.84678747940692,0.9135914830773504,1,0.0,1.0,23.7816191840665,39.75596754,5.37732496149745,57.9305495972163,49.3679616614938,78.6664764011273,2.7405448314588345,2.0,06073020309,Census Tract 203.09; San Diego County; California,4528,residential_or_mixed,4.4,21.3,31.7,49.7,1506,561,2.99,3.44,948,113359.0,7.3,8.0,1.5,68.0,18.5,54.0,2151.0,99,204,1.7,0,0,0,0.0,0.0,0.0,False,1,0,Relatively Low,Relatively Low,Very Low,Relatively Moderate,Relatively Moderate,Relatively Low,3,2,0,0,2,Escondido Union,Elementary,PK,8,0.8541269880213873,lower
74.58049113233287,74.07912687585265,75.51159618008185,,,,,,1.8216537282365617,1,0.8,0.0,74.6294947976607,9.209856068,5.37732496149745,73.9394156060823,76.2762655631265,95.156552864091,0.4553757209071997,3.5,06073020310,Census Tract 203.10; San Diego County; California,9019,residential_or_mixed,6.1,21.8,28.2,25.6,2638,1119,2.92,3.46,2104,111270.0,5.7,1.5,3.7,72.1,14.2,51.1,2873.0,62,722,10.9,0,0,0,0.0,0.0,0.0,False,4,0,Relatively Moderate,Very Low,Very Low,Relatively Moderate,Relatively Moderate,Relatively Moderate,1,1,0,0,1,San Marcos Unified,Unified,KG,12,0.9916371570487934,medium_high
74.58049113233287,74.07912687585265,75.51159618008185,,,,,,0.6963125344598026,1,0.4,3.7,72.4334734715926,63.8672037,5.37732496149745,60.3984937318271,87.3306933989749,98.4885781218413,0.0,2.0,06073020311,Census Tract 203.11; San Diego County; California,4151,residential_or_mixed,9.7,20.5,44.8,16.8,1579,504,2.63,2.8,1598,130764.0,9.9,8.5,0.3,61.6,28.0,9.1,,14,116,3.2,0,0,0,0.0,0.0,0.0,False,4,0,Relatively Moderate,Relatively High,Very Low,Relatively Moderate,Relatively High,Relatively High,0,0,0,0,0,Escondido Union,Elementary,PK,8,0.5915610379586849,lower
74.58049113233287,74.07912687585265,75.51159618008185,,,,,,0.7133644137784662,1,0.5,5.7,69.7947248514456,19.63098975,5.37732496149745,54.684446351113,85.2020976775713,95.6096226796523,0.0,2.0,06073020312,Census Tract 203.12; San Diego County; California,3997,residential_or_mixed,8.8,18.2,41.4,28.9,1555,423,2.55,3.26,1117,113911.0,5.4,3.1,3.7,67.1,23.7,28.0,,229,104,1.6,0,0,0,0.0,0.0,0.0,False,4,0,Relatively Moderate,Very Low,Very Low,Relatively Low,Relatively High,Relatively Moderate,0,0,0,0,0,Escondido Union,Elementary,PK,8,0.9696882471071984,lower
74.58049113233287,74.07912687585265,75.51159618008185,,,,,,18.1182388651852,1,4.8,5.9,93.7301829626324,72.87922763,5.37732496149745,57.2477239143906,99.2543969176983,95.5798936891299,0.0,2.0,06073020313,Census Tract 203.13; San Diego County; California,2675,residential_or_mixed,5.7,10.7,57.0,32.1,1190,139,2.11,2.77,660,64464.0,12.1,2.5,1.8,60.9,23.3,51.3,1382.0,61,430,6.7,1,0,0,0.3738317757009345,0.0,0.0,False,54,0,Relatively High,Relatively High,Very Low,Relatively Moderate,Very High,Relatively Moderate,0,0,0,0,0,Escondido Union,Elementary,PK,8,0.922857692444338,lower
74.58049113233287,74.07912687585265,75.51159618008185,6.757840991976659,13.356673960612692,9.190371991247265,8.0,1.0,0.2592586488655621,1,0.0,3.1,40.7273880263992,46.42006752,5.37732496149745,41.0827494160827,67.4312963029027,96.3112268559809,0.0,2.0,06073020401,Census Tract 204.01; San Diego County; California,2269,residential_or_mixed,4.7,16.6,54.2,8.4,903,192,2.49,3.14,1174,143512.0,5.9,4.0,1.4,62.7,25.1,12.4,2912.0,4,66,2.6,0,0,0,0.0,0.0,0.0,False,1,0,Relatively Low,Relatively Moderate,Very Low,Relatively Low,Relatively Moderate,Relatively High,0,0,0,0,0,Escondido Union,Elementary,PK,8,0.9998701060483256,lower
74.58049113233287,74.07912687585265,75.51159618008185,9.575469094922738,17.547185430463575,17.968543046357617,9.968543046357617,1.0,0.0,0,0.0,1.7,20.7999624210254,19.63098975,5.37732496149745,52.7908861242195,32.1203905200195,58.973993079091,0.8869494209957782,2.0,06073020403,Census Tract 204.03; San Diego County; California,4089,residential_or_mixed,9.3,23.5,35.9,42.5,1284,479,3.06,3.47,1209,137297.0,2.9,1.6,2.6,77.3,18.2,13.9,2294.0,19,112,2.0,0,0,0,0.0,0.0,0.0,False,0,0,Relatively Low,Very Low,Very Low,Relatively Low,Relatively Low,Very Low,1,1,0,0,0,Escondido Union,Elementary,PK,8,1.0000000000000002,lower
74.58049113233287,74.07912687585265,75.51159618008185,10.553613053613054,7.711135018827327,9.833243679397526,11.577729962345346,11.310919849381389,4.107897716459322,1,0.5,1.6,77.1273222631937,52.26203874,5.37732496149745,69.9366032699366,95.5608671351956,77.6164484558762,0.6845957149671149,2.0,06073020404,Census Tract 204.04; San Diego County; California,5447,residential_or_mixed,5.3,15.8,37.2,36.4,2067,487,2.6,2.96,1487,104609.0,6.2,6.5,1.5,68.6,15.1,48.0,2456.0,198,367,4.2,0,0,0,0.0,0.0,0.0,False,6,0,Relatively Moderate,Relatively Moderate,Very Low,Relatively Moderate,Relatively High,Relatively Low,1,0,0,1,0,Escondido Union,Elementary,PK,8,1.0000000000000009,lower
74.58049113233287,74.07912687585265,75.51159618008185,7.332918739635158,9.400497512437813,14.597014925373134,9.0,1.0,2.0203526140364665,1,1.0,0.0,28.8301195481128,22.09263756,5.37732496149745,49.0895657562324,46.8707264576124,85.8989452154163,0.5050494455087303,2.0,06073020405,Census Tract 204.05; San Diego County; California,3469,residential_or_mixed,4.1,20.0,52.6,7.6,1255,344,2.69,2.92,1673,164185.0,5.3,1.0,3.1,64.4,30.4,3.7,2310.0,0,7,0.0,0,0,0,0.0,0.0,0.0,False,4,0,Relatively Low,Relatively Low,Very Low,Relatively Low,Relatively Low,Relatively Low,1,1,0,0,0,Escondido Union,Elementary,PK,8,1.0000000000000009,lower
74.58049113233287,74.07912687585265,75.51159618008185,15.840616045845271,17.436246418338108,14.567335243553009,18.201289398280803,13.318767908309455,4.974670571287015,1,0.8,4.2,54.4272729407896,75.46526091,5.37732496149745,73.1171647838314,88.5400687334261,0.0,4.974268960867867,2.0,06073020500,Census Tract 205; San Diego County; California,4261,residential_or_mixed,6.0,21.9,36.6,71.7,1325,483,3.13,3.47,594,83523.0,14.4,8.4,1.5,75.0,6.2,52.3,1829.0,31,253,8.2,0,0,0,0.0,0.0,0.0,False,4,0,Relatively Moderate,Relatively High,Very Low,Relatively Moderate,Relatively High,No Rating,4,2,1,0,1,Escondido Union,Elementary,PK,8,1.000000000000003,lower
74.58049113233287,74.07912687585265,75.51159618008185,16.35692116697703,10.996275605214151,17.01738050900062,17.41961514587213,17.644320297951584,21.99837863842204,1,4.4,3.9,60.5091951053386,19.95676124,5.37732496149745,62.9641546308213,78.887660090614,0.0,1.9996904246285585,2.0,06073020601,Census Tract 206.01; San Diego County; California,6208,residential_or_mixed,8.8,28.1,33.0,72.1,1890,841,3.26,3.9,972,64231.0,12.9,10.8,4.0,73.7,8.0,73.4,1808.0,30,951,1.0,0,0,0,0.0,0.0,0.0,False,11,0,Relatively Moderate,Very Low,Very Low,Relatively Moderate,Relatively High,No Rating,1,1,0,0,0,Escondido Union,Elementary,PK,8,1.0000000000000002,lower
74.58049113233287,74.07912687585265,75.51159618008185,12.056343977023143,8.108464267612773,8.974657881398885,15.648251393816524,11.979219462747086,6.508614802404176,1,0.9,10.7,46.172816309275,50.32044068,5.37732496149745,72.1221221221221,77.5879086249747,86.7147087153509,0.0,2.0,06073020602,Census Tract 206.02; San Diego County; California,6320,residential_or_mixed,7.4,24.6,36.6,56.9,1958,716,2.86,3.62,1143,76014.0,22.4,12.7,3.7,75.8,8.3,60.6,1956.0,179,578,3.7,0,0,0,0.0,0.0,0.0,False,5,0,Relatively Low,Relatively Moderate,Very Low,Relatively Moderate,Relatively Moderate,Relatively Low,0,0,0,0,0,Escondido Union,Elementary,PK,8,1.0,lower
74.58049113233287,74.07912687585265,75.51159618008185,10.171120487576184,7.770745428973277,14.265822784810126,12.29676511954993,7.198312236286919,0.768339482791197,1,1.6,1.4,36.8461845597388,9.209856068,5.37732496149745,55.8904142237476,54.9118238141106,69.0759040586018,0.0,2.0,06073020705,Census Tract 207.05; San Diego County; California,4879,residential_or_mixed,5.1,22.4,37.0,40.0,1337,548,3.51,3.64,1092,129973.0,9.8,4.8,7.6,69.9,14.8,12.9,2848.0,8,42,3.4,0,0,0,0.0,0.0,0.0,False,1,0,Relatively Low,Very Low,Very Low,Relatively Moderate,Relatively Moderate,Relatively Low,0,0,0,0,0,Escondido Union,Elementary,PK,8,0.9999999999999996,lower
65.00682128240109,74.07912687585265,48.15825375170532,7.019175455417066,11.576701821668264,14.349472674976033,7.094439117929051,1.0,1.241866722425238,1,0.6,4.1,91.5165464922376,34.40146893,5.37732496149745,73.5068401735068,83.8179158788484,99.4077985087938,0.3104421380969514,2.5,06073020706,Census Tract 207.06; San Diego County; California,5974,residential_or_mixed,3.6,17.5,49.5,16.6,2098,547,2.73,3.14,2182,173981.0,7.9,7.3,2.8,60.3,29.7,12.7,2849.0,0,200,9.5,3,0,2,0.5021760964178105,0.0,0.3347840642785403,False,8,0,Relatively High,Relatively Low,Very Low,Relatively Moderate,Relatively High,Very High,2,1,0,1,1,Escondido Union High,High,06,12,1.0000000000000004,medium
74.58049113233287,74.07912687585265,75.51159618008185,15.041905977451604,12.377153797064455,19.375239310784934,14.373324824505424,14.876196553924697,8.784825206227843,1,1.8,1.2,35.1974070507551,69.24361784,5.37732496149745,72.1376138042805,76.0848108641623,0.0,2.1960306940540533,2.0,06073020707,Census Tract 207.07; San Diego County; California,5273,residential_or_mixed,10.1,31.8,31.1,62.3,1575,797,3.33,3.51,912,100016.0,17.5,15.9,1.8,73.5,12.4,63.6,2216.0,118,541,6.7,0,0,0,0.0,0.0,0.0,False,4,0,Relatively Low,Relatively High,Very Low,Relatively Moderate,Relatively Moderate,No Rating,1,1,0,0,0,Escondido Union,Elementary,PK,8,1.0000000000000009,lower
74.58049113233287,74.07912687585265,75.51159618008185,10.105617655488675,13.30524505588994,10.061049011177989,10.591573516766982,8.04213241616509,4.568575708962157,1,0.6,4.3,29.5816990393875,9.209856068,5.37732496149745,46.8599551932885,36.959081017445,88.0299192560617,1.7130838444092915,2.0,06073020708,Census Tract 207.08; San Diego County; California,3817,residential_or_mixed,7.8,19.1,42.0,23.3,1316,438,2.88,3.27,1316,163222.0,4.6,3.8,1.1,75.3,13.7,25.3,2816.0,0,58,0.0,2,0,0,0.5239717055279015,0.0,0.0,False,8,0,Relatively Low,Very Low,Very Low,Relatively Low,Relatively Low,Relatively Low,3,1,1,1,1,Escondido Union,Elementary,PK,8,0.9999999999999984,lower
63.95634379263301,74.07912687585265,45.15688949522511,6.666666666666666,16.0,14.0,4.0,1.0,0.8093834962952818,1,0.0,3.0,62.2448739930009,40.34294853,5.37732496149745,41.6571333238,38.7701711200694,98.9499720547489,0.0,2.5,06073020710,Census Tract 207.10; San Diego County; California,1677,residential_or_mixed,4.2,18.7,55.2,23.9,608,137,2.76,3.11,657,153403.0,14.7,4.2,2.5,56.5,24.6,14.1,1438.0,0,5,3.5,9,0,2,5.366726296958855,0.0,1.1926058437686344,False,8,0,Relatively Moderate,Relatively Moderate,Very Low,Relatively Low,Relatively Low,Relatively High,0,0,0,0,0,Escondido Union High,High,06,12,0.9578631969621187,medium
39.577080491132335,36.4256480218281,45.42974079126876,,,,,,0.3061674497296015,1,0.0,1.5,98.8021701857811,25.34976011,5.37732496149745,57.4586491253158,87.36398986836,99.9048672303283,0.0510236780284767,1.5,06073020711,Census Tract 207.11; San Diego County; California,3604,residential_or_mixed,4.4,21.5,42.9,26.4,1225,365,2.92,3.1,1249,154115.0,6.2,2.3,1.4,74.8,21.5,6.2,,14,41,1.4,20,3,4,5.549389567147614,0.832408435072142,1.109877913429523,False,12,1,Very High,Relatively Low,Very Low,Relatively Moderate,Relatively High,Very High,2,1,0,1,0,Valley Center-Pauma Unified,Unified,KG,12,0.5877723149304352,lower
74.58049113233287,74.07912687585265,75.51159618008185,,,,,,2.5595806849112965,1,2.1,1.4,81.8881086032365,36.87851685,5.37732496149745,63.7411220744554,83.5800839546692,98.8655417216653,1.7062444877754082,2.5,06073020712,Census Tract 207.12; San Diego County; California,3987,residential_or_mixed,4.2,15.1,44.8,26.7,1483,317,2.65,3.21,1215,139609.0,8.0,0.7,2.5,62.5,27.8,8.2,2591.0,0,33,0.7,0,0,0,0.0,0.0,0.0,False,6,0,Relatively Moderate,Relatively Low,Very Low,Relatively Moderate,Relatively High,Relatively High,4,1,2,1,0,Escondido Union High,High,06,12,0.9999999999999988,medium
74.58049113233287,74.07912687585265,75.51159618008185,5.238912732474963,8.650214592274677,15.61802575107296,2.582618025751073,1.0,0.0765168584215808,1,0.6,0.6,99.9048782206356,24.35112243,5.37732496149745,62.6590876590877,91.0527630123792,99.9928650422746,0.0573840336203474,2.0,06073020801,Census Tract 208.01; San Diego County; California,5146,residential_or_mixed,2.9,15.7,43.4,19.5,1799,485,2.79,3.21,1513,148688.0,3.9,1.7,2.9,72.9,21.7,22.3,1213.0,34,73,3.6,0,0,0,0.0,0.0,0.0,False,4,1,Very High,Relatively Low,Very Low,Relatively Moderate,Relatively High,Very High,3,2,0,1,0,Ramona City Unified,Unified,KG,12,0.7637037730914572,lower
74.58049113233287,74.07912687585265,75.51159618008185,11.78274616079494,12.413730803974708,16.28274616079494,8.0,13.0,1.7911025340924598,1,0.0,0.0,89.7902623482162,39.73464432,5.37732496149745,54.1112541112541,81.2659793324058,99.4993637996028,0.0,2.0,06073020805,Census Tract 208.05; San Diego County; California,3823,residential_or_mixed,5.1,25.5,39.5,42.9,1154,462,3.3,3.7,522,122937.0,4.9,3.9,2.7,79.2,14.1,25.1,1826.0,0,127,0.0,0,0,0,0.0,0.0,0.0,False,5,0,Relatively High,Relatively Low,Very Low,Relatively Low,Relatively High,Very High,0,0,0,0,0,Ramona City Unified,Unified,KG,12,1.0000000000000002,lower
74.58049113233287,74.07912687585265,75.51159618008185,12.284638554216867,15.833835341365464,14.478413654618477,10.875502008032129,10.822289156626503,6.340617468782402,1,0.0,1.9,96.4335204453108,73.41230824,5.37732496149745,78.3724200390867,97.0045069149632,99.7918970663432,1.4918067263151038,2.0,06073020806,Census Tract 208.06; San Diego County; California,5230,residential_or_mixed,5.8,22.1,40.3,31.3,2009,710,2.6,3.06,1016,90804.0,10.3,9.5,3.7,82.0,4.6,43.9,1789.0,75,552,5.1,0,0,0,0.0,0.0,0.0,False,17,0,Relatively High,Relatively High,Very Low,Relatively Moderate,Very High,Very High,4,1,1,1,0,Ramona City Unified,Unified,KG,12,0.9999999999999992,lower
74.58049113233287,74.07912687585265,75.51159618008185,4.166666666666667,10.0,7.0,3.0,1.0,0.1891692203790733,1,0.9,1.1,98.8139136153322,48.95101581,5.37732496149745,50.9855093188426,61.978999441095,99.9476769766806,0.0,2.0,06073020807,Census Tract 208.07; San Diego County; California,2950,residential_or_mixed,2.8,20.5,51.1,27.3,1042,342,2.81,3.45,650,128177.0,8.6,8.8,2.2,60.0,20.6,4.5,,0,23,6.9,0,0,0,0.0,0.0,0.0,False,7,1,Very High,Relatively Moderate,Very Low,Relatively Low,Relatively Moderate,Very High,0,0,0,0,0,Ramona City Unified,Unified,KG,12,0.9532810377685138,lower
74.58049113233287,74.07912687585265,75.51159618008185,6.084850264239576,7.197886083382267,14.40223135642983,6.454492072812683,1.0,0.06639345193489,1,0.0,0.0,97.2074124527327,23.56334775,5.37732496149745,62.7877877877878,78.09924726196,99.794275385585,0.0663889019973437,2.0,06073020810,Census Tract 208.10; San Diego County; California,5005,residential_or_mixed,5.0,22.6,45.0,18.2,1679,588,2.98,3.33,1253,138093.0,3.3,2.1,3.2,73.9,14.9,3.3,2917.0,0,28,0.0,0,0,0,0.0,0.0,0.0,False,1,1,Relatively High,Relatively Low,Very Low,Relatively Moderate,Relatively Moderate,Very High,1,1,0,0,0,Ramona City Unified,Unified,KG,12,0.9959011719636724,lower
74.58049113233287,74.07912687585265,75.51159618008185,3.871444823663254,6.237445148707947,6.991223793271575,4.0,1.0,0.0,0,0.0,2.7,99.174436902553,9.209856068,5.37732496149745,62.3135039801707,91.6616127382779,99.9036780707074,0.0539593628435402,2.0,06073020811,Census Tract 208.11; San Diego County; California,5960,residential_or_mixed,5.5,25.4,42.4,29.1,2028,875,2.93,3.37,1337,154594.0,2.0,0.7,2.0,59.1,20.1,13.8,2851.0,48,21,2.1,0,0,0,0.0,0.0,0.0,False,0,1,Very High,Very Low,Very Low,Relatively Moderate,Relatively High,Very High,1,1,0,0,0,Ramona City Unified,Unified,KG,12,0.9974152151351612,lower
74.58049113233287,74.07912687585265,75.51159618008185,,,,,,3.6113132657779983,1,0.0,0.6,94.1987458017239,76.8862169,5.37732496149745,44.4611277944611,85.1283697810757,99.8323284934537,0.0,2.0,06073020812,Census Tract 208.12; San Diego County; California,2163,residential_or_mixed,5.4,22.3,36.7,56.0,816,271,2.61,3.71,424,54536.0,5.0,0.0,2.9,72.6,22.8,44.6,1719.0,24,88,0.0,0,0,0,0.0,0.0,0.0,False,9,0,Relatively High,Relatively High,Very Low,Relatively Low,Relatively High,Very High,0,0,0,0,0,Ramona City Unified,Unified,KG,12,0.9999999999999992,lower
74.58049113233287,74.07912687585265,75.51159618008185,,,,,,0.7864650937468707,1,0.0,0.7,98.1398407590953,9.209856068,5.37732496149745,56.9903236569903,82.6442153330241,99.7966537048268,0.5898088841802227,2.0,06073020813,Census Tract 208.13; San Diego County; California,5898,residential_or_mixed,8.1,26.0,33.0,46.4,1482,718,3.94,4.26,603,115893.0,4.2,0.0,0.8,83.7,6.4,23.2,2618.0,69,149,4.9,0,0,0,0.0,0.0,0.0,False,4,0,Very High,Very Low,Very Low,Relatively Moderate,Relatively High,Very High,3,1,0,2,0,Ramona City Unified,Unified,KG,12,1.0000000000000009,lower
74.58049113233287,74.07912687585265,75.51159618008185,6.811827956989247,9.741935483870968,19.70967741935484,4.709677419354839,1.0,0.0240506591081836,1,0.0,1.4,99.1074993541114,58.3125037,5.37732496149745,35.341293674627,84.1294756995232,99.965514370994,0.0180371790535969,2.0,06073020902,Census Tract 209.02; San Diego County; California,2402,residential_or_mixed,3.0,19.2,42.9,18.0,954,195,2.42,2.95,415,127012.0,5.5,0.0,13.4,80.1,16.5,10.7,2102.0,0,16,17.6,0,0,0,0.0,0.0,0.0,False,4,1,Very High,Relatively Moderate,Very Low,Relatively Low,Relatively High,Very High,3,0,0,2,1,Julian Union Elementary,Elementary,PK,12,0.5648686603197018,lower
74.58049113233287,74.07912687585265,75.51159618008185,5.764738292011018,13.396694214876034,17.191735537190084,1.0,1.0,0.0240183766143699,1,0.0,2.6,99.9859078845386,93.44666232,5.37732496149745,63.5135135135135,96.367117358163,100.0,0.0060040471930596,2.0,06073020903,Census Tract 209.03; San Diego County; California,2895,residential_or_mixed,1.9,11.0,61.2,17.3,1171,158,2.34,2.99,657,67938.0,19.4,11.6,1.8,74.3,16.4,18.9,1445.0,23,123,20.2,0,0,0,0.0,0.0,0.0,False,12,1,Very High,Very High,Very Low,Relatively Moderate,Very High,Very High,3,2,0,1,0,Warner Unified,Unified,PK,12,0.5570578114721652,lower
74.58049113233287,74.07912687585265,75.51159618008185,7.604001322751323,11.533730158730158,17.596230158730158,4.409722222222222,3.837301587301587,0.1384019665689445,1,0.0,0.1,98.5191535335979,65.68737784,5.37732496149745,49.1789408456075,78.5118856504108,99.9357853804716,0.0864950409998403,2.0,06073020904,Census Tract 209.04; San Diego County; California,2750,residential_or_mixed,3.6,14.5,53.1,29.9,1260,254,2.17,3.03,916,85355.0,6.0,0.0,1.3,63.5,35.9,15.6,1896.0,24,69,33.1,0,0,0,0.0,0.0,0.0,False,8,1,Very High,Relatively High,Very Low,Relatively Low,Relatively Moderate,Very High,5,1,1,1,2,Julian Union High,High,09,12,0.9759073981484462,lower
74.58049113233287,74.07912687585265,75.51159618008185,,,,,,0.0190022014233945,1,0.0,3.5,99.6664866007469,60.2511402,5.37732496149745,47.2698889365556,97.5705468945096,99.8763273994268,0.0,2.0,06073021001,Census Tract 210.01; San Diego County; California,1894,residential_or_mixed,0.3,2.3,64.5,27.1,1077,40,1.76,2.36,354,65503.0,2.6,2.1,2.3,76.0,22.5,32.0,629.0,0,117,42.1,0,0,0,0.0,0.0,0.0,False,12,1,Very High,Relatively High,Very Low,Relatively Low,Very High,Very High,0,0,0,0,0,Julian Union Elementary,Elementary,PK,12,0.5695856957853295,lower
74.58049113233287,74.07912687585265,75.51159618008185,,,,,,0.0161379256281523,1,0.0,2.0,99.8567301594758,78.67499852,5.37732496149745,85.4354354354354,99.863246643597,99.9607577325104,0.0069156044851699,2.0,06073021002,Census Tract 210.02; San Diego County; California,1551,residential_or_mixed,0.0,7.5,55.9,37.9,781,102,1.98,2.39,483,101691.0,6.1,7.6,5.4,50.5,46.5,30.7,1062.0,35,19,45.5,0,0,0,0.0,0.0,0.0,False,7,1,Very High,Relatively High,Very Low,Relatively High,Very High,Very High,3,1,1,1,0,Borrego Springs Unified,Unified,PK,12,0.767682054343824,lower
74.58049113233287,74.07912687585265,75.51159618008185,,,,,,0.1576425466385718,1,0.0,1.2,99.9471545670198,86.80092401,5.37732496149745,75.0202583535917,94.4727860820758,99.9964325211373,0.0170430839867489,1.5,06073021101,Census Tract 211.01; San Diego County; California,4714,residential_or_mixed,2.9,20.4,46.2,45.8,1688,363,2.76,3.12,945,60455.0,28.2,17.6,4.7,69.8,15.8,22.0,,0,156,8.2,0,0,0,0.0,0.0,0.0,False,37,1,Very High,Very High,Very Low,Relatively Moderate,Relatively High,Very High,4,2,1,1,0,Mountain Empire Unified,Unified,PK,12,0.8538746968623333,lower
74.58049113233287,74.07912687585265,75.51159618008185,,,,,,0.073557191776001,1,0.0,5.2,99.9765131408977,98.58555944,5.37732496149745,59.7454597454597,99.1461833921967,99.9988108403791,0.0045973891961257,1.5,06073021102,Census Tract 211.02; San Diego County; California,3095,residential_or_mixed,3.3,15.7,46.0,31.1,999,264,3.02,3.25,342,52484.0,33.8,28.2,3.4,41.0,17.8,33.6,2061.0,35,91,3.7,0,0,0,0.0,0.0,0.0,False,16,1,Very High,Very High,Very Low,Relatively Moderate,Very High,Very High,1,1,0,0,0,Mountain Empire Unified,Unified,PK,12,0.99996429200614,lower
74.58049113233287,74.07912687585265,75.51159618008185,5.116520467836257,12.592982456140351,9.309649122807018,3.398245614035088,1.0,0.1006898324809238,1,0.0,7.9,99.9130986213214,44.60996268,5.37732496149745,43.8748272081605,91.5022653490778,99.9940542018955,0.0143840050662869,1.5,06073021202,Census Tract 212.02; San Diego County; California,3238,residential_or_mixed,3.0,16.9,43.6,18.7,1135,267,2.77,3.16,387,91597.0,5.8,5.8,0.4,67.0,9.2,25.2,3265.0,15,22,6.6,0,0,0,0.0,0.0,0.0,False,7,1,Very High,Relatively Moderate,Very Low,Relatively Low,Relatively High,Very High,1,1,0,0,0,Mountain Empire Unified,Unified,PK,12,0.5355007370100181,lower
74.58049113233287,74.07912687585265,75.51159618008185,5.436162687886826,8.96657824933687,11.60477453580902,5.022811671087533,1.0,0.3305911530144563,1,0.0,0.8,99.2331540503088,60.78955162,5.37732496149745,72.2806139472806,95.2064975681686,99.9678926902358,0.0,2.0,06073021204,Census Tract 212.04; San Diego County; California,6158,residential_or_mixed,5.9,21.0,43.6,13.9,1924,579,3.2,3.42,1550,140104.0,9.6,9.6,3.4,80.0,12.9,5.7,2148.0,0,19,1.0,0,0,0,0.0,0.0,0.0,False,6,1,Very High,Relatively High,Very Low,Relatively Moderate,Relatively High,Very High,0,0,0,0,0,Grossmont Union High,High,KG,12,1.0000000000000009,lower
74.58049113233287,74.07912687585265,75.51159618008185,10.0035100915131,13.514103046257992,13.985708913125237,8.436630312147424,7.823993982700263,5.9972766937748165,1,0.9,5.5,95.6243981492355,74.61292424,5.37732496149745,81.5803899137233,91.5082111471823,99.8442200896626,0.7822384609231056,2.5,06073021205,Census Tract 212.05; San Diego County; California,7108,residential_or_mixed,6.5,20.8,38.6,28.2,2610,791,2.64,3.29,1405,87217.0,19.7,15.3,2.1,70.1,20.3,49.7,1970.0,120,630,4.5,0,0,0,0.0,0.0,0.0,False,23,0,Relatively High,Relatively High,Very Low,Relatively Moderate,Relatively High,Very High,3,2,1,0,1,Alpine Union Elementary,Elementary,PK,8,0.9999999999999998,medium
74.58049113233287,74.07912687585265,75.51159618008185,6.499999999999999,13.0,16.0,4.0,1.0,0.2417834038314632,1,0.0,1.8,95.6784179251709,23.94005805,5.37732496149745,43.1562514895848,39.5585839487234,99.7835729489969,0.0,2.0,06073021206,Census Tract 212.06; San Diego County; California,3034,residential_or_mixed,0.9,17.6,49.6,21.6,1147,371,2.64,2.95,838,139375.0,3.6,2.5,1.5,83.8,9.1,4.1,2674.0,36,11,5.7,0,0,0,0.0,0.0,0.0,False,4,1,Relatively High,Relatively Low,Very Low,Relatively Low,Relatively Low,Very High,0,0,0,0,0,Grossmont Union High,High,KG,12,0.9999999999999978,lower
74.58049113233287,74.07912687585265,75.51159618008185,4.778026905829597,5.004484304932736,16.331838565022423,2.6659192825112106,1.0,0.0474334342181286,1,0.0,0.7,99.9530262817953,84.48439258,5.37732496149745,79.9930883264217,89.4355059279607,99.9976216807582,0.0,2.0,06073021302,Census Tract 213.02; San Diego County; California,6675,residential_or_mixed,3.6,20.2,39.0,28.8,1423,518,3.28,3.64,968,120218.0,9.9,5.9,2.6,67.9,22.3,23.5,2162.0,0,169,8.5,0,0,0,0.0,0.0,0.0,False,7,1,Very High,Very High,Very Low,Relatively Moderate,Relatively High,Very High,0,0,0,0,0,Grossmont Union High,High,KG,12,0.7885376814534936,lower
74.58049113233287,74.07912687585265,75.51159618008185,4.970069700697006,14.179581795817958,6.910209102091021,3.3653136531365315,1.0,0.160920478499867,1,0.9,3.7,95.5938652324025,23.77894924,5.37732496149745,39.1153057819724,40.192406026661,99.7800054701343,0.0965553899394932,2.0,06073021304,Census Tract 213.04; San Diego County; California,3181,residential_or_mixed,9.3,23.2,42.1,24.9,952,371,3.34,3.57,801,166630.0,2.4,1.9,1.0,76.2,14.5,2.7,2094.0,0,8,4.7,0,0,0,0.0,0.0,0.0,False,5,1,Relatively High,Relatively Low,Very Low,Relatively Low,Relatively Low,Very High,3,1,1,0,1,Grossmont Union High,High,KG,12,0.7762898615790302,lower
74.58049113233287,74.07912687585265,75.51159618008185,,,,,,0.3972337552832354,1,0.1,2.2,94.7929633370129,50.63258899,5.37732496149745,62.995137995138,96.7119736482228,99.5279036305043,0.1986184879207272,2.0,06073021305,Census Tract 213.05; San Diego County; California,3876,residential_or_mixed,3.1,16.8,48.0,25.1,1300,297,2.9,3.17,897,143951.0,2.5,1.5,3.7,83.3,12.6,9.2,3313.0,0,41,3.6,0,0,0,0.0,0.0,0.0,False,6,1,Relatively High,Relatively Moderate,Very Low,Relatively Moderate,Very High,Very High,3,2,0,1,1,Grossmont Union High,High,KG,12,0.9999999999999996,lower
74.58049113233287,74.07912687585265,75.51159618008185,,,,,,0.2734851612395499,1,0.0,0.7,92.8846560349484,9.209856068,5.37732496149745,54.3734210400877,77.973196342145,99.4220684242446,0.0,2.0,06073021306,Census Tract 213.06; San Diego County; California,4665,residential_or_mixed,2.8,23.4,46.0,43.0,1499,643,3.1,3.3,1684,162697.0,10.7,13.2,5.6,74.1,19.2,5.7,,0,8,6.0,0,0,0,0.0,0.0,0.0,False,4,1,Relatively High,Very Low,Very Low,Relatively Low,Relatively Moderate,Very High,0,0,0,0,0,Grossmont Union High,High,KG,12,0.7444927297085756,lower
13.581173260572989,12.960436562073674,14.733969986357431,,,,,,16.366177862072423,1,1.1,2.5,92.9821265002231,9.209856068,5.37732496149745,22.4784308117641,67.2505440405266,31.5032166767745,6.73910518421751,3.5,06073021401,Census Tract 214.01; San Diego County; California,4176,residential_or_mixed,9.7,25.5,31.2,19.6,1542,583,2.55,3.11,1531,130625.0,12.4,9.0,5.3,61.0,11.3,56.7,2576.0,77,469,0.0,215,18,69,51.48467432950192,4.310344827586206,16.522988505747126,False,17,0,Relatively High,Very Low,Very Low,Relatively Low,Relatively Moderate,Very Low,7,2,2,3,7,San Diego Unified,Unified,PK,12,0.9886732507405096,medium_high
12.496589358799454,11.73260572987722,13.915416098226462,,,,,,45.89528503306052,1,1.4,4.6,51.7955703783733,9.209856068,5.37732496149745,13.2465799132466,28.4173474605496,0.0,0.0,3.5,06073021402,Census Tract 214.02; San Diego County; California,3431,residential_or_mixed,7.1,15.9,37.4,40.8,1242,284,2.76,3.48,1189,115341.0,14.3,16.1,3.4,64.8,15.9,68.1,1866.0,39,280,7.6,149,17,58,43.42757213640338,4.954823666569514,16.904692509472458,False,14,0,Relatively Low,Very Low,Very Low,Very Low,Relatively Low,No Rating,0,0,0,0,0,San Diego Unified,Unified,PK,12,0.962751311717097,medium_high
61.80763983628922,74.07912687585265,39.01773533424284,,,,,,0.0,0,0.0,2.1,48.7986471569157,9.209856068,5.37732496149745,19.8055198055198,61.2333963587932,0.0,1.4037219456466414,5.0,06073021501,Census Tract 215.01; San Diego County; California,3844,residential_or_mixed,5.6,23.7,44.9,13.0,1225,515,3.14,3.19,2181,,2.2,1.5,2.1,51.6,40.9,19.3,,0,34,5.0,41,0,16,10.665972944849116,0.0,4.162330905306972,False,0,0,Relatively Low,Very Low,Very Low,Relatively Low,Relatively Moderate,No Rating,1,1,0,0,0,Del Mar Union Elementary,Elementary,KG,6,0.9999999999999996,high
35.91405184174624,37.10777626193724,33.697135061391535,,,,,,0.0,0,0.5,2.4,91.0127533644926,9.209856068,5.37732496149745,47.5094141760808,93.3514085595709,97.1698001022677,0.9681785017901008,5.0,06073021502,Census Tract 215.02; San Diego County; California,9517,residential_or_mixed,4.9,30.8,37.0,7.2,3231,1677,2.95,3.23,4476,181644.0,3.8,3.3,2.1,49.3,37.6,49.8,3233.0,209,782,7.3,138,7,60,14.50036776295051,0.7355259010192288,6.304507723021961,False,0,0,Relatively High,Very Low,Very Low,Relatively Low,Relatively High,Relatively High,4,2,1,1,0,San Dieguito Union High,High,07,12,0.9584630395243224,high
74.58049113233287,74.07912687585265,75.51159618008185,15.500525210084032,17.222689075630253,15.110294117647058,14.556722689075633,15.778361344537815,1.864575984394493,1,0.0,2.9,59.5908589144374,19.95676124,5.37732496149745,16.3139329805996,57.6278643882368,0.0,0.1695135947208415,4.5,06073021600,Census Tract 216; San Diego County; California,2985,residential_or_mixed,5.3,18.4,28.0,26.8,945,376,2.37,2.84,818,111076.0,13.8,5.4,1.2,46.9,6.1,64.4,3435.0,84,357,52.8,0,0,0,0.0,0.0,0.0,False,11,0,Relatively Moderate,Very Low,Very Low,Very Low,Relatively Moderate,No Rating,1,1,0,0,0,Coronado Unified,Unified,PK,12,0.1974562298337198,high
25.968622100954978,28.78581173260573,20.736698499317875,14.475035919540227,14.0,5.542025862068965,17.570043103448278,16.084051724137932,10.838881404400196,1,0.0,1.9,81.1200883105902,69.01617011,5.37732496149745,15.7657657657658,77.241863175294,0.0,0.0,4.5,06073021800,Census Tract 218; San Diego County; California,1937,residential_or_mixed,7.8,17.8,53.9,12.5,790,175,2.45,2.86,1061,215000.0,2.7,2.3,2.0,56.2,34.0,18.1,,23,77,26.6,101,3,22,52.14248838409912,1.5487867836861124,11.357769747031492,False,6,0,Relatively Moderate,Relatively High,Very Low,Very Low,Relatively Moderate,No Rating,0,0,0,0,0,Coronado Unified,Unified,PK,12,0.8293506602920315,high
40.90723055934515,37.51705320600273,47.203274215552526,14.990165631469978,18.903726708074533,17.80745341614907,11.807453416149068,14.807453416149068,9.53965498235026,1,5.6,10.1,93.9638772107006,67.95237813,5.37732496149745,21.4655131321798,95.9663705659211,0.0,0.2725727057704411,2.0,06073021900,Census Tract 219; San Diego County; California,5794,residential_or_mixed,1.2,8.5,28.4,45.8,741,290,2.94,3.73,1006,52696.0,20.3,21.3,4.1,60.8,3.3,79.2,1221.0,26,284,6.6,47,4,3,8.111839834311358,0.6903693476009665,0.5177770107007249,False,35,0,Relatively High,Relatively High,Very Low,Relatively Low,Very High,No Rating,1,1,0,0,0,Sweetwater Union High,High,KG,12,0.6391033190000514,lower
74.58049113233287,74.07912687585265,75.51159618008185,13.071544058205331,12.285367825383991,12.426839126919967,11.14389652384802,15.714632174616009,28.36736209389231,1,9.2,13.1,26.93825304742,71.94692886,5.37732496149745,38.2227465560799,43.8240995088771,0.0,0.0,2.0,06073022000,Census Tract 220; San Diego County; California,4529,residential_or_mixed,4.2,21.5,38.8,60.9,1662,480,2.65,3.32,479,72188.0,10.2,7.4,2.8,57.5,6.9,87.1,1839.0,33,697,5.7,6,0,0,1.324795760653566,0.0,0.0,False,8,0,Relatively Low,Relatively High,Very Low,Relatively Low,Relatively Low,No Rating,0,0,0,0,0,National Elementary,Elementary,PK,8,1.0000000000000018,lower
74.58049113233287,74.07912687585265,75.51159618008185,,,,,,4.136750036962773,1,0.7,0.0,93.5610775770956,9.209856068,5.37732496149745,12.5947375947376,88.7671982210172,88.1607268143603,0.0,4.5,06073022101,Census Tract 221.01; San Diego County; California,2514,residential_or_mixed,2.1,22.1,48.3,4.1,900,255,2.79,3.17,1148,190469.0,0.0,0.0,1.9,47.0,49.1,44.6,3190.0,17,104,5.9,0,0,0,0.0,0.0,0.0,False,20,0,Relatively High,Very Low,Very Low,Very Low,Relatively High,Relatively Low,0,0,0,0,0,Carlsbad Unified,Unified,PK,12,0.9999999999999996,high
74.58049113233287,74.07912687585265,75.51159618008185,,,,,,8.018070198194659,1,0.8,4.2,76.5906475327054,9.209856068,5.37732496149745,36.345869679203,71.7408107690295,82.4765438264778,0.8439389979909736,4.5,06073022102,Census Tract 221.02; San Diego County; California,7247,residential_or_mixed,3.3,25.6,40.9,21.6,2767,1016,2.62,3.12,3366,152627.0,5.5,6.1,1.4,45.1,42.8,48.9,3072.0,176,607,8.3,0,0,0,0.0,0.0,0.0,False,19,0,Relatively Moderate,Very Low,Very Low,Relatively Low,Relatively Moderate,Relatively Low,2,1,1,0,0,Carlsbad Unified,Unified,PK,12,0.9999999999999992,high
,,,1.0,1.0,1.0,1.0,1.0,0.0,0,,,,,,,,,0.0,3.5,06073990100,Census Tract 9901; San Diego County; California,0,likely_non_residential,,,,,0,0,,,0,,,,,,,,,0,0,,0,0,0,,,,True,0,1,,,,,,,0,0,0,0,0,San Diego Unified,Unified,PK,12,5.076287746219493e-06,medium_high
